ERROR 2026-02-10 18:26:49,267 log 61 130910993218432 Invalid HTTP_HOST header: 'testserver'. You may need to add 'testserver' to ALLOWED_HOSTS.
Traceback (most recent call last):
  File "/usr/local/lib/python3.12/site-packages/django/core/handlers/exception.py", line 55, in inner
    response = get_response(request)
               ^^^^^^^^^^^^^^^^^^^^^
  File "/usr/local/lib/python3.12/site-packages/django/utils/deprecation.py", line 308, in __call__
    response = self.process_request(request)
               ^^^^^^^^^^^^^^^^^^^^^^^^^^^^^
  File "/usr/local/lib/python3.12/site-packages/django/middleware/security.py", line 28, in process_request
    host = self.redirect_host or request.get_host()
                                 ^^^^^^^^^^^^^^^^^^
  File "/usr/local/lib/python3.12/site-packages/django/http/request.py", line 205, in get_host
    raise DisallowedHost(msg)
django.core.exceptions.DisallowedHost: Invalid HTTP_HOST header: 'testserver'. You may need to add 'testserver' to ALLOWED_HOSTS.
ERROR 2026-02-10 18:26:49,268 log 61 130910993218432 Invalid HTTP_HOST header: 'testserver'. You may need to add 'testserver' to ALLOWED_HOSTS.
Traceback (most recent call last):
  File "/usr/local/lib/python3.12/site-packages/django/core/handlers/exception.py", line 55, in inner
    response = get_response(request)
               ^^^^^^^^^^^^^^^^^^^^^
  File "/usr/local/lib/python3.12/site-packages/django/utils/deprecation.py", line 308, in __call__
    response = self.process_request(request)
               ^^^^^^^^^^^^^^^^^^^^^^^^^^^^^
  File "/usr/local/lib/python3.12/site-packages/django/middleware/security.py", line 28, in process_request
    host = self.redirect_host or request.get_host()
                                 ^^^^^^^^^^^^^^^^^^
  File "/usr/local/lib/python3.12/site-packages/django/http/request.py", line 205, in get_host
    raise DisallowedHost(msg)
django.core.exceptions.DisallowedHost: Invalid HTTP_HOST header: 'testserver'. You may need to add 'testserver' to ALLOWED_HOSTS.
ERROR 2026-02-10 18:26:49,269 log 61 130910993218432 Invalid HTTP_HOST header: 'testserver'. You may need to add 'testserver' to ALLOWED_HOSTS.
Traceback (most recent call last):
  File "/usr/local/lib/python3.12/site-packages/django/core/handlers/exception.py", line 55, in inner
    response = get_response(request)
               ^^^^^^^^^^^^^^^^^^^^^
  File "/usr/local/lib/python3.12/site-packages/django/utils/deprecation.py", line 308, in __call__
    response = self.process_request(request)
               ^^^^^^^^^^^^^^^^^^^^^^^^^^^^^
  File "/usr/local/lib/python3.12/site-packages/django/middleware/security.py", line 28, in process_request
    host = self.redirect_host or request.get_host()
                                 ^^^^^^^^^^^^^^^^^^
  File "/usr/local/lib/python3.12/site-packages/django/http/request.py", line 205, in get_host
    raise DisallowedHost(msg)
django.core.exceptions.DisallowedHost: Invalid HTTP_HOST header: 'testserver'. You may need to add 'testserver' to ALLOWED_HOSTS.
ERROR 2026-02-10 18:26:56,263 log 67 138809849572224 Invalid HTTP_HOST header: 'testserver'. You may need to add 'testserver' to ALLOWED_HOSTS.
Traceback (most recent call last):
  File "/usr/local/lib/python3.12/site-packages/django/core/handlers/exception.py", line 55, in inner
    response = get_response(request)
               ^^^^^^^^^^^^^^^^^^^^^
  File "/usr/local/lib/python3.12/site-packages/django/utils/deprecation.py", line 308, in __call__
    response = self.process_request(request)
               ^^^^^^^^^^^^^^^^^^^^^^^^^^^^^
  File "/usr/local/lib/python3.12/site-packages/django/middleware/security.py", line 28, in process_request
    host = self.redirect_host or request.get_host()
                                 ^^^^^^^^^^^^^^^^^^
  File "/usr/local/lib/python3.12/site-packages/django/http/request.py", line 205, in get_host
    raise DisallowedHost(msg)
django.core.exceptions.DisallowedHost: Invalid HTTP_HOST header: 'testserver'. You may need to add 'testserver' to ALLOWED_HOSTS.
ERROR 2026-02-11 11:27:54,769 log 19 128263361977216 Invalid HTTP_HOST header: 'platform.localhost:8080'. You may need to add 'platform.localhost' to ALLOWED_HOSTS.
Traceback (most recent call last):
  File "/usr/local/lib/python3.12/site-packages/django/core/handlers/exception.py", line 55, in inner
    response = get_response(request)
               ^^^^^^^^^^^^^^^^^^^^^
  File "/usr/local/lib/python3.12/site-packages/django/utils/deprecation.py", line 308, in __call__
    response = self.process_request(request)
               ^^^^^^^^^^^^^^^^^^^^^^^^^^^^^
  File "/usr/local/lib/python3.12/site-packages/django/middleware/common.py", line 48, in process_request
    host = request.get_host()
           ^^^^^^^^^^^^^^^^^^
  File "/usr/local/lib/python3.12/site-packages/django/http/request.py", line 205, in get_host
    raise DisallowedHost(msg)
django.core.exceptions.DisallowedHost: Invalid HTTP_HOST header: 'platform.localhost:8080'. You may need to add 'platform.localhost' to ALLOWED_HOSTS.
ERROR 2026-02-14 22:07:21,032 log 8 135347122382528 Invalid HTTP_HOST header: 'demo.localhost:8080'. You may need to add 'demo.localhost' to ALLOWED_HOSTS.
Traceback (most recent call last):
  File "/usr/local/lib/python3.12/site-packages/django/core/handlers/exception.py", line 55, in inner
    response = get_response(request)
               ^^^^^^^^^^^^^^^^^^^^^
  File "/usr/local/lib/python3.12/site-packages/django/utils/deprecation.py", line 308, in __call__
    response = self.process_request(request)
               ^^^^^^^^^^^^^^^^^^^^^^^^^^^^^
  File "/usr/local/lib/python3.12/site-packages/django/middleware/common.py", line 48, in process_request
    host = request.get_host()
           ^^^^^^^^^^^^^^^^^^
  File "/usr/local/lib/python3.12/site-packages/django/http/request.py", line 205, in get_host
    raise DisallowedHost(msg)
django.core.exceptions.DisallowedHost: Invalid HTTP_HOST header: 'demo.localhost:8080'. You may need to add 'demo.localhost' to ALLOWED_HOSTS.
INFO 2026-03-05 05:50:23,869 correlation 8 128139497830080 request_complete correlation_id=b3a09f3a-3c48-4c27-bef3-e626cdef75f0 tenant_id=- user_id=- method=GET path=/ status=200 duration_ms=178.18
INFO 2026-03-05 05:50:53,491 correlation 8 128139497830080 request_complete correlation_id=58f57541-6819-441b-a7b4-742cd541ac82 tenant_id=- user_id=- method=GET path=/ status=200 duration_ms=1.5
INFO 2026-03-05 05:51:23,707 correlation 9 128139497830080 request_complete correlation_id=f2d3920a-33e8-45a9-939d-362ed303b1ec tenant_id=- user_id=- method=GET path=/ status=200 duration_ms=180.18
INFO 2026-03-05 05:51:53,753 correlation 9 128139497830080 request_complete correlation_id=dd72da8f-ed95-4b54-9e3b-ac4dbc670ea8 tenant_id=- user_id=- method=GET path=/ status=200 duration_ms=1.41
INFO 2026-03-05 05:52:23,961 correlation 7 128139497830080 request_complete correlation_id=6cc15800-7e09-45d6-849b-d19104aa78db tenant_id=- user_id=- method=GET path=/ status=200 duration_ms=172.06
INFO 2026-03-05 05:52:54,000 correlation 7 128139497830080 request_complete correlation_id=714f9ef8-c799-4e18-8e4f-183abbb8ce8d tenant_id=- user_id=- method=GET path=/ status=200 duration_ms=1.41
INFO 2026-03-05 05:53:24,043 correlation 7 128139497830080 request_complete correlation_id=b5ddccdd-e721-449b-9fb8-61a46e2b9e2a tenant_id=- user_id=- method=GET path=/ status=200 duration_ms=1.21
INFO 2026-03-05 05:53:54,087 correlation 7 128139497830080 request_complete correlation_id=6711af30-6d22-4185-bfeb-0e2939299aba tenant_id=- user_id=- method=GET path=/ status=200 duration_ms=1.31
INFO 2026-03-05 05:54:24,127 correlation 7 128139497830080 request_complete correlation_id=10d01099-9ca4-43ad-bd42-214da5323a41 tenant_id=- user_id=- method=GET path=/ status=200 duration_ms=1.36
INFO 2026-03-05 05:54:54,165 correlation 9 128139497830080 request_complete correlation_id=d975f992-5afb-435d-9cf3-d437ebb2947a tenant_id=- user_id=- method=GET path=/ status=200 duration_ms=1.27
INFO 2026-03-05 05:55:24,206 correlation 9 128139497830080 request_complete correlation_id=b72394a0-c027-4e6b-a458-d44a65d3d752 tenant_id=- user_id=- method=GET path=/ status=200 duration_ms=1.27
INFO 2026-03-05 05:55:54,244 correlation 9 128139497830080 request_complete correlation_id=ee3f486e-4787-47d6-be41-44d8d456147d tenant_id=- user_id=- method=GET path=/ status=200 duration_ms=1.32
INFO 2026-03-05 05:56:24,304 correlation 9 128139497830080 request_complete correlation_id=254df5ac-ffd9-48b3-8812-02614f2f2688 tenant_id=- user_id=- method=GET path=/ status=200 duration_ms=1.36
INFO 2026-03-05 05:56:54,351 correlation 8 128139497830080 request_complete correlation_id=8bff878c-d99c-4060-a847-03cb3a54a761 tenant_id=- user_id=- method=GET path=/ status=200 duration_ms=1.26
INFO 2026-03-05 05:57:24,388 correlation 9 128139497830080 request_complete correlation_id=1459d275-e08d-47ea-b87c-c43af1849ee3 tenant_id=- user_id=- method=GET path=/ status=200 duration_ms=1.31
INFO 2026-03-05 05:57:54,430 correlation 7 128139497830080 request_complete correlation_id=bdd3f9ae-a109-40b3-98c2-9b245d4079d1 tenant_id=- user_id=- method=GET path=/ status=200 duration_ms=1.42
INFO 2026-03-05 05:58:24,468 correlation 7 128139497830080 request_complete correlation_id=c84da0d1-0047-4fbd-ba23-1831f5f9a324 tenant_id=- user_id=- method=GET path=/ status=200 duration_ms=1.3
INFO 2026-03-05 05:58:54,504 correlation 8 128139497830080 request_complete correlation_id=e5e98f92-af97-4cf3-a471-182476fc3f37 tenant_id=- user_id=- method=GET path=/ status=200 duration_ms=1.37
INFO 2026-03-05 05:59:24,544 correlation 8 128139497830080 request_complete correlation_id=14fa7a39-8a75-4136-8498-b6d0db0701be tenant_id=- user_id=- method=GET path=/ status=200 duration_ms=1.43
INFO 2026-03-05 05:59:54,582 correlation 9 128139497830080 request_complete correlation_id=a6d2a3ce-15fe-47da-9a3e-2ebd8b14dec0 tenant_id=- user_id=- method=GET path=/ status=200 duration_ms=1.36
INFO 2026-03-05 06:00:24,622 correlation 8 128139497830080 request_complete correlation_id=a1f8eb94-867a-4f02-a284-64b7c5702014 tenant_id=- user_id=- method=GET path=/ status=200 duration_ms=1.41
INFO 2026-03-05 06:00:54,657 correlation 9 128139497830080 request_complete correlation_id=8dc0b4b4-7faf-4f45-8426-da8b7be7e785 tenant_id=- user_id=- method=GET path=/ status=200 duration_ms=1.35
INFO 2026-03-05 06:01:24,697 correlation 8 128139497830080 request_complete correlation_id=e8a74398-e34c-40b3-a3ee-9cec147ea117 tenant_id=- user_id=- method=GET path=/ status=200 duration_ms=1.24
INFO 2026-03-05 06:01:54,738 correlation 8 128139497830080 request_complete correlation_id=c16d64d7-cca5-4498-8533-27be48570f35 tenant_id=- user_id=- method=GET path=/ status=200 duration_ms=1.28
INFO 2026-03-05 06:02:24,776 correlation 8 128139497830080 request_complete correlation_id=f5c9d4d1-6416-42f0-bbc8-ae24fa1a5029 tenant_id=- user_id=- method=GET path=/ status=200 duration_ms=1.25
INFO 2026-03-05 06:02:54,818 correlation 8 128139497830080 request_complete correlation_id=1a5a2e91-6736-487f-b5d3-145c54eaeb57 tenant_id=- user_id=- method=GET path=/ status=200 duration_ms=1.36
INFO 2026-03-05 06:03:24,856 correlation 8 128139497830080 request_complete correlation_id=61329e88-5191-40b8-94af-c231337c66a6 tenant_id=- user_id=- method=GET path=/ status=200 duration_ms=1.3
INFO 2026-03-05 06:03:54,893 correlation 9 128139497830080 request_complete correlation_id=0d9d4911-316f-45c7-8231-f54ae055a112 tenant_id=- user_id=- method=GET path=/ status=200 duration_ms=1.26
INFO 2026-03-05 06:04:24,929 correlation 8 128139497830080 request_complete correlation_id=ccf3ef60-aa21-47a1-86cf-6e8e1f9ab0e6 tenant_id=- user_id=- method=GET path=/ status=200 duration_ms=1.37
INFO 2026-03-05 06:04:54,966 correlation 7 128139497830080 request_complete correlation_id=9310c479-446a-460b-8510-95da84f155e4 tenant_id=- user_id=- method=GET path=/ status=200 duration_ms=1.25
INFO 2026-03-05 06:05:25,006 correlation 9 128139497830080 request_complete correlation_id=70b7b2ca-dddd-4198-b80c-a96f48620ea3 tenant_id=- user_id=- method=GET path=/ status=200 duration_ms=1.26
INFO 2026-03-05 06:05:55,042 correlation 8 128139497830080 request_complete correlation_id=dbe0acf6-f429-4bcb-af1b-948e64076156 tenant_id=- user_id=- method=GET path=/ status=200 duration_ms=1.22
INFO 2026-03-05 06:06:25,084 correlation 7 128139497830080 request_complete correlation_id=5d45e8e4-7f9b-44ba-9b1f-cecd1b52a06d tenant_id=- user_id=- method=GET path=/ status=200 duration_ms=1.25
INFO 2026-03-05 06:06:55,123 correlation 8 128139497830080 request_complete correlation_id=4aa4a9a4-3ff6-43ec-b49f-b4e7860ee9d0 tenant_id=- user_id=- method=GET path=/ status=200 duration_ms=1.31
INFO 2026-03-05 06:07:25,160 correlation 7 128139497830080 request_complete correlation_id=7e958352-8a17-4173-ae83-0643ca2572a8 tenant_id=- user_id=- method=GET path=/ status=200 duration_ms=1.3
INFO 2026-03-05 06:07:55,196 correlation 8 128139497830080 request_complete correlation_id=0ab4b921-94ff-4cc4-84a7-477b5038ea75 tenant_id=- user_id=- method=GET path=/ status=200 duration_ms=1.43
INFO 2026-03-05 06:08:25,237 correlation 8 128139497830080 request_complete correlation_id=0fdb1a6d-179d-4b03-9636-18a56de5f0bc tenant_id=- user_id=- method=GET path=/ status=200 duration_ms=1.35
INFO 2026-03-05 06:08:55,276 correlation 8 128139497830080 request_complete correlation_id=a286f26e-f0bc-4133-b504-5a02b0ff3ebd tenant_id=- user_id=- method=GET path=/ status=200 duration_ms=1.34
INFO 2026-03-05 06:09:25,316 correlation 8 128139497830080 request_complete correlation_id=43ae0b31-a0a8-4a41-8a2a-fc6545d469f4 tenant_id=- user_id=- method=GET path=/ status=200 duration_ms=1.29
INFO 2026-03-05 06:09:55,357 correlation 7 128139497830080 request_complete correlation_id=73b54e67-0d92-4888-9c8e-9d56e0d3ded3 tenant_id=- user_id=- method=GET path=/ status=200 duration_ms=1.24
INFO 2026-03-05 06:10:25,394 correlation 7 128139497830080 request_complete correlation_id=b5ed10e9-2919-406e-8480-2d8e66d24e7f tenant_id=- user_id=- method=GET path=/ status=200 duration_ms=1.31
INFO 2026-03-05 06:10:55,434 correlation 8 128139497830080 request_complete correlation_id=0cd40972-5aa8-40ee-8158-244a5610cfe4 tenant_id=- user_id=- method=GET path=/ status=200 duration_ms=1.46
INFO 2026-03-05 06:11:25,471 correlation 8 128139497830080 request_complete correlation_id=47d39ba3-7830-4707-b9fe-387f1d329734 tenant_id=- user_id=- method=GET path=/ status=200 duration_ms=1.29
INFO 2026-03-05 06:11:55,511 correlation 7 128139497830080 request_complete correlation_id=471b11e3-4d31-46b9-84c2-1e69214d45a9 tenant_id=- user_id=- method=GET path=/ status=200 duration_ms=1.23
INFO 2026-03-05 06:12:25,558 correlation 8 128139497830080 request_complete correlation_id=78ddf68b-ff83-4a10-b1a1-75881a0b05a3 tenant_id=- user_id=- method=GET path=/ status=200 duration_ms=1.31
INFO 2026-03-05 06:12:55,595 correlation 8 128139497830080 request_complete correlation_id=45fedc2e-e213-44bf-b41f-2e027e1a1b5f tenant_id=- user_id=- method=GET path=/ status=200 duration_ms=1.34
INFO 2026-03-05 06:13:25,632 correlation 7 128139497830080 request_complete correlation_id=d5ecfdb9-606c-4659-945f-7f642e800491 tenant_id=- user_id=- method=GET path=/ status=200 duration_ms=1.32
INFO 2026-03-05 06:13:55,670 correlation 7 128139497830080 request_complete correlation_id=04937f8a-3f2f-4156-a62c-f74d5c1871b4 tenant_id=- user_id=- method=GET path=/ status=200 duration_ms=1.4
INFO 2026-03-05 06:14:25,710 correlation 7 128139497830080 request_complete correlation_id=b9aeec23-852a-46ad-8bd0-31de30ddc486 tenant_id=- user_id=- method=GET path=/ status=200 duration_ms=1.3
INFO 2026-03-05 06:14:55,748 correlation 8 128139497830080 request_complete correlation_id=073e8950-6c81-4cd6-a1d9-e94b94b6a347 tenant_id=- user_id=- method=GET path=/ status=200 duration_ms=1.45
INFO 2026-03-05 06:15:25,788 correlation 9 128139497830080 request_complete correlation_id=afe75b78-4eb7-40d6-a0f7-9524079e5518 tenant_id=- user_id=- method=GET path=/ status=200 duration_ms=1.28
INFO 2026-03-05 06:15:55,823 correlation 8 128139497830080 request_complete correlation_id=97d47967-0a27-48f8-bd30-4c5ab401de46 tenant_id=- user_id=- method=GET path=/ status=200 duration_ms=1.29
INFO 2026-03-05 06:16:25,877 correlation 9 128139497830080 request_complete correlation_id=ef0a1d62-7ba3-4c0a-9c98-d85c32c48196 tenant_id=- user_id=- method=GET path=/ status=200 duration_ms=1.26
INFO 2026-03-05 06:16:55,914 correlation 8 128139497830080 request_complete correlation_id=a4c328e1-1076-4525-9a79-6feab931be40 tenant_id=- user_id=- method=GET path=/ status=200 duration_ms=1.23
INFO 2026-03-05 06:17:25,956 correlation 7 128139497830080 request_complete correlation_id=bbc5047a-2729-4b25-9ca2-55b95b95f9c1 tenant_id=- user_id=- method=GET path=/ status=200 duration_ms=1.33
INFO 2026-03-05 06:17:55,997 correlation 7 128139497830080 request_complete correlation_id=be351337-d033-4ded-8086-1457d0e4d591 tenant_id=- user_id=- method=GET path=/ status=200 duration_ms=1.29
INFO 2026-03-05 06:18:26,036 correlation 7 128139497830080 request_complete correlation_id=35ee5e3e-1854-43de-b0c8-ed3f6bb10149 tenant_id=- user_id=- method=GET path=/ status=200 duration_ms=1.43
INFO 2026-03-05 06:18:56,079 correlation 8 128139497830080 request_complete correlation_id=f9391949-76f1-4d60-84de-dcf680eb27cd tenant_id=- user_id=- method=GET path=/ status=200 duration_ms=1.22
INFO 2026-03-05 06:19:26,113 correlation 8 128139497830080 request_complete correlation_id=58b9a2fd-66e7-4163-8936-1aa508973cde tenant_id=- user_id=- method=GET path=/ status=200 duration_ms=1.33
INFO 2026-03-05 06:19:56,152 correlation 8 128139497830080 request_complete correlation_id=034541b7-4612-4cc8-83c9-a096a8cc720f tenant_id=- user_id=- method=GET path=/ status=200 duration_ms=1.26
INFO 2026-03-05 06:20:26,195 correlation 9 128139497830080 request_complete correlation_id=c3438f5b-0e90-4ccd-8e40-6165c755623b tenant_id=- user_id=- method=GET path=/ status=200 duration_ms=1.28
INFO 2026-03-05 06:20:56,237 correlation 7 128139497830080 request_complete correlation_id=8e2b9857-eb75-4da1-80a4-535473f20ebf tenant_id=- user_id=- method=GET path=/ status=200 duration_ms=1.33
INFO 2026-03-05 06:21:26,277 correlation 7 128139497830080 request_complete correlation_id=d5c6ff55-ffc5-4b3a-8e7f-3c6263108d93 tenant_id=- user_id=- method=GET path=/ status=200 duration_ms=1.31
INFO 2026-03-05 06:21:56,320 correlation 7 128139497830080 request_complete correlation_id=6904458a-8d36-4bfc-adec-96cdf6366cc9 tenant_id=- user_id=- method=GET path=/ status=200 duration_ms=1.28
INFO 2026-03-05 06:22:26,360 correlation 7 128139497830080 request_complete correlation_id=de2fa88a-c5c5-49e9-a083-58cae72e5547 tenant_id=- user_id=- method=GET path=/ status=200 duration_ms=1.5
INFO 2026-03-05 06:22:56,397 correlation 9 128139497830080 request_complete correlation_id=0ebc8c7f-b128-4e35-b483-c5d4d2d9e95f tenant_id=- user_id=- method=GET path=/ status=200 duration_ms=1.42
INFO 2026-03-05 06:23:26,437 correlation 9 128139497830080 request_complete correlation_id=cc8898f8-673b-4557-96c4-bf1b62100deb tenant_id=- user_id=- method=GET path=/ status=200 duration_ms=1.24
INFO 2026-03-05 06:23:56,475 correlation 8 128139497830080 request_complete correlation_id=2a10cbb0-4bfd-4fc8-b1f4-f0939dfcc2dd tenant_id=- user_id=- method=GET path=/ status=200 duration_ms=1.3
INFO 2026-03-05 06:24:26,509 correlation 9 128139497830080 request_complete correlation_id=bb66d666-16f6-4632-ac48-87b58fc4c508 tenant_id=- user_id=- method=GET path=/ status=200 duration_ms=1.33
INFO 2026-03-05 06:24:56,549 correlation 9 128139497830080 request_complete correlation_id=7f3262b8-8ca7-484f-aad4-17c00a4e0aae tenant_id=- user_id=- method=GET path=/ status=200 duration_ms=1.32
INFO 2026-03-05 06:25:26,585 correlation 9 128139497830080 request_complete correlation_id=6e642738-83e9-4afc-bace-49a687764cbb tenant_id=- user_id=- method=GET path=/ status=200 duration_ms=1.46
INFO 2026-03-05 06:25:56,623 correlation 8 128139497830080 request_complete correlation_id=1b2f6edc-4c7d-49a3-bfba-67753e5f523f tenant_id=- user_id=- method=GET path=/ status=200 duration_ms=1.26
INFO 2026-03-05 06:26:26,670 correlation 9 128139497830080 request_complete correlation_id=89a1a1ed-f4ff-46ab-8894-29dedc25402c tenant_id=- user_id=- method=GET path=/ status=200 duration_ms=1.28
INFO 2026-03-05 06:26:56,713 correlation 8 128139497830080 request_complete correlation_id=8bb0dcf9-e7fd-455d-ae6a-b8d91052afc9 tenant_id=- user_id=- method=GET path=/ status=200 duration_ms=1.3
INFO 2026-03-05 06:27:26,752 correlation 7 128139497830080 request_complete correlation_id=dfea7658-643b-41e1-965a-e4a01d10e584 tenant_id=- user_id=- method=GET path=/ status=200 duration_ms=1.29
INFO 2026-03-05 06:27:56,789 correlation 7 128139497830080 request_complete correlation_id=e40e8afb-7d48-4dc3-8f0a-387e5d3d443a tenant_id=- user_id=- method=GET path=/ status=200 duration_ms=1.27
INFO 2026-03-05 06:28:26,831 correlation 7 128139497830080 request_complete correlation_id=615d1929-60e9-4ba1-820d-fc785819b9e7 tenant_id=- user_id=- method=GET path=/ status=200 duration_ms=1.43
INFO 2026-03-05 06:28:56,870 correlation 9 128139497830080 request_complete correlation_id=987650ca-e7d4-4b74-bd78-6ecf77022d21 tenant_id=- user_id=- method=GET path=/ status=200 duration_ms=1.3
INFO 2026-03-05 06:29:26,909 correlation 9 128139497830080 request_complete correlation_id=1c1ee60d-fec2-4642-b4cd-31a8f4c9ec9e tenant_id=- user_id=- method=GET path=/ status=200 duration_ms=1.33
INFO 2026-03-05 06:29:56,945 correlation 7 128139497830080 request_complete correlation_id=cdd2271c-eb1e-427a-a858-2ce5b8073cb9 tenant_id=- user_id=- method=GET path=/ status=200 duration_ms=1.32
INFO 2026-03-05 06:30:26,985 correlation 9 128139497830080 request_complete correlation_id=1c789370-5dbe-49b7-8f24-ea62080e5b5a tenant_id=- user_id=- method=GET path=/ status=200 duration_ms=1.45
INFO 2026-03-05 06:30:57,024 correlation 9 128139497830080 request_complete correlation_id=e042068a-1c6c-4be4-9b19-2b57908ece08 tenant_id=- user_id=- method=GET path=/ status=200 duration_ms=1.29
INFO 2026-03-05 06:31:27,068 correlation 8 128139497830080 request_complete correlation_id=7fe43d93-129d-49a5-b860-8f75b86474b0 tenant_id=- user_id=- method=GET path=/ status=200 duration_ms=1.39
INFO 2026-03-05 06:31:57,110 correlation 8 128139497830080 request_complete correlation_id=09c00b06-43bb-49ef-9d4f-08bb8aae4e27 tenant_id=- user_id=- method=GET path=/ status=200 duration_ms=1.26
INFO 2026-03-05 06:32:27,148 correlation 8 128139497830080 request_complete correlation_id=90c09b5b-45ad-4301-aaf1-933724073227 tenant_id=- user_id=- method=GET path=/ status=200 duration_ms=1.28
INFO 2026-03-05 06:32:57,185 correlation 9 128139497830080 request_complete correlation_id=03daf524-3273-444d-b841-b358ae3fc550 tenant_id=- user_id=- method=GET path=/ status=200 duration_ms=1.35
INFO 2026-03-05 06:33:27,224 correlation 8 128139497830080 request_complete correlation_id=ab2a6f22-2339-4db5-8807-460e70599780 tenant_id=- user_id=- method=GET path=/ status=200 duration_ms=1.29
INFO 2026-03-05 06:33:57,270 correlation 8 128139497830080 request_complete correlation_id=5dd1a323-7784-42e0-ad39-8a3936f75e42 tenant_id=- user_id=- method=GET path=/ status=200 duration_ms=1.47
INFO 2026-03-05 06:34:27,308 correlation 7 128139497830080 request_complete correlation_id=e89cc7bc-d77d-4419-a5d1-d34036d67722 tenant_id=- user_id=- method=GET path=/ status=200 duration_ms=1.28
INFO 2026-03-05 06:34:57,347 correlation 8 128139497830080 request_complete correlation_id=2928237f-9753-4d7a-b285-1c4a22d5507a tenant_id=- user_id=- method=GET path=/ status=200 duration_ms=1.31
INFO 2026-03-05 06:35:27,387 correlation 8 128139497830080 request_complete correlation_id=ab935fc2-1c86-4454-921f-a9d2507f0da5 tenant_id=- user_id=- method=GET path=/ status=200 duration_ms=1.31
INFO 2026-03-05 06:35:57,431 correlation 7 128139497830080 request_complete correlation_id=23b0135b-8dc2-4d71-9803-0de954dc4d38 tenant_id=- user_id=- method=GET path=/ status=200 duration_ms=1.25
INFO 2026-03-05 06:36:27,472 correlation 8 128139497830080 request_complete correlation_id=ab924786-c41c-4eda-8c69-571ddf3b73bd tenant_id=- user_id=- method=GET path=/ status=200 duration_ms=1.3
INFO 2026-03-05 06:36:57,512 correlation 9 128139497830080 request_complete correlation_id=f47f78e9-9652-42d8-ad4f-b11cb1ab6aea tenant_id=- user_id=- method=GET path=/ status=200 duration_ms=1.53
INFO 2026-03-05 06:37:27,551 correlation 8 128139497830080 request_complete correlation_id=c62580c8-95b3-4121-9984-e22909e39578 tenant_id=- user_id=- method=GET path=/ status=200 duration_ms=1.51
INFO 2026-03-05 06:37:57,585 correlation 7 128139497830080 request_complete correlation_id=ab6d42ed-9e48-472c-b8eb-9a2f7ea5e417 tenant_id=- user_id=- method=GET path=/ status=200 duration_ms=1.3
INFO 2026-03-05 06:38:27,622 correlation 8 128139497830080 request_complete correlation_id=e504bfc5-731c-444b-99b5-5e21bdd7a78b tenant_id=- user_id=- method=GET path=/ status=200 duration_ms=1.29
INFO 2026-03-05 06:38:57,662 correlation 8 128139497830080 request_complete correlation_id=c5ae589e-279c-497f-854a-ea2ee4474b3b tenant_id=- user_id=- method=GET path=/ status=200 duration_ms=1.25
INFO 2026-03-05 06:39:27,698 correlation 8 128139497830080 request_complete correlation_id=36f40b4d-84dc-4037-b160-10fbbbee8584 tenant_id=- user_id=- method=GET path=/ status=200 duration_ms=1.34
INFO 2026-03-05 06:39:57,735 correlation 9 128139497830080 request_complete correlation_id=3e9aa1f8-1edc-4a6f-9398-c9c2aba4d35d tenant_id=- user_id=- method=GET path=/ status=200 duration_ms=1.33
INFO 2026-03-05 06:40:27,775 correlation 9 128139497830080 request_complete correlation_id=5b1221d4-fde2-4208-9a0a-6553a97e5793 tenant_id=- user_id=- method=GET path=/ status=200 duration_ms=1.25
INFO 2026-03-05 06:40:57,818 correlation 9 128139497830080 request_complete correlation_id=2c5466b8-5e30-4faa-8bf6-6d4adb271815 tenant_id=- user_id=- method=GET path=/ status=200 duration_ms=1.25
INFO 2026-03-05 06:41:27,854 correlation 7 128139497830080 request_complete correlation_id=710d8b82-f1be-4935-baa0-f7497871daa4 tenant_id=- user_id=- method=GET path=/ status=200 duration_ms=1.27
INFO 2026-03-05 06:41:57,893 correlation 8 128139497830080 request_complete correlation_id=100ca8ec-8166-4d9f-b18b-acf233ef7119 tenant_id=- user_id=- method=GET path=/ status=200 duration_ms=1.3
INFO 2026-03-05 06:42:27,929 correlation 8 128139497830080 request_complete correlation_id=898ad5b8-b6fe-4a8a-b7d2-231f419e4a6a tenant_id=- user_id=- method=GET path=/ status=200 duration_ms=1.25
INFO 2026-03-05 06:42:57,966 correlation 8 128139497830080 request_complete correlation_id=b983e0c7-57b7-4d51-b2cc-87b1c887b74d tenant_id=- user_id=- method=GET path=/ status=200 duration_ms=1.37
INFO 2026-03-05 06:43:28,003 correlation 7 128139497830080 request_complete correlation_id=b54fd0d4-5f85-4d72-bf6b-54f95e126d8a tenant_id=- user_id=- method=GET path=/ status=200 duration_ms=1.36
INFO 2026-03-05 06:43:58,045 correlation 8 128139497830080 request_complete correlation_id=3222262b-2ca8-4e11-a299-e02acce38c8d tenant_id=- user_id=- method=GET path=/ status=200 duration_ms=1.27
INFO 2026-03-05 06:44:28,088 correlation 9 128139497830080 request_complete correlation_id=867b1559-a272-48e1-9142-63c2263571bb tenant_id=- user_id=- method=GET path=/ status=200 duration_ms=1.24
INFO 2026-03-05 06:44:58,126 correlation 7 128139497830080 request_complete correlation_id=636386b2-4b1e-48c2-91d7-806b8a9c2d78 tenant_id=- user_id=- method=GET path=/ status=200 duration_ms=1.22
INFO 2026-03-05 06:45:28,168 correlation 7 128139497830080 request_complete correlation_id=fced2650-a14b-419b-9860-628e73832083 tenant_id=- user_id=- method=GET path=/ status=200 duration_ms=1.23
INFO 2026-03-05 06:45:58,208 correlation 8 128139497830080 request_complete correlation_id=47ce44a6-17e6-4b91-8cdc-12711d150367 tenant_id=- user_id=- method=GET path=/ status=200 duration_ms=1.27
INFO 2026-03-05 06:46:28,248 correlation 8 128139497830080 request_complete correlation_id=d983fb0d-143b-4366-a835-f641219cef99 tenant_id=- user_id=- method=GET path=/ status=200 duration_ms=1.58
INFO 2026-03-05 06:46:58,284 correlation 7 128139497830080 request_complete correlation_id=74f6f82f-8084-4c34-8f0c-8e6e7dc80223 tenant_id=- user_id=- method=GET path=/ status=200 duration_ms=1.38
INFO 2026-03-05 06:47:28,322 correlation 7 128139497830080 request_complete correlation_id=c2445bf9-c04c-4661-986f-d86b50846df0 tenant_id=- user_id=- method=GET path=/ status=200 duration_ms=1.47
INFO 2026-03-05 06:47:58,361 correlation 9 128139497830080 request_complete correlation_id=00cc338e-a1b7-40b9-83a1-d41f4b58d9b9 tenant_id=- user_id=- method=GET path=/ status=200 duration_ms=1.28
INFO 2026-03-05 06:48:28,399 correlation 7 128139497830080 request_complete correlation_id=4c1005d1-c05a-4d5f-8140-a06a3ed3dcd2 tenant_id=- user_id=- method=GET path=/ status=200 duration_ms=1.32
INFO 2026-03-05 06:48:58,441 correlation 9 128139497830080 request_complete correlation_id=9477cea1-bd1e-4893-8ca9-b016191196fa tenant_id=- user_id=- method=GET path=/ status=200 duration_ms=1.48
INFO 2026-03-05 06:49:28,484 correlation 9 128139497830080 request_complete correlation_id=17230f95-fae6-4919-aa51-f5d15af0c0f3 tenant_id=- user_id=- method=GET path=/ status=200 duration_ms=1.24
INFO 2026-03-05 06:49:58,530 correlation 9 128139497830080 request_complete correlation_id=7d23f863-7a7d-49d7-b58f-4fedecf78c89 tenant_id=- user_id=- method=GET path=/ status=200 duration_ms=1.25
INFO 2026-03-05 06:50:28,572 correlation 9 128139497830080 request_complete correlation_id=17567158-1aa0-462c-9d0f-d10f70365734 tenant_id=- user_id=- method=GET path=/ status=200 duration_ms=1.22
INFO 2026-03-05 06:50:58,610 correlation 9 128139497830080 request_complete correlation_id=87c69263-d3ef-4867-97a7-7bf22dec3f8f tenant_id=- user_id=- method=GET path=/ status=200 duration_ms=1.5
INFO 2026-03-05 06:51:28,648 correlation 8 128139497830080 request_complete correlation_id=64fc6638-df39-43da-a660-372123d61ef0 tenant_id=- user_id=- method=GET path=/ status=200 duration_ms=1.31
INFO 2026-03-05 06:51:58,687 correlation 9 128139497830080 request_complete correlation_id=839882c2-0789-4f4e-aed2-fdbb367f5516 tenant_id=- user_id=- method=GET path=/ status=200 duration_ms=1.27
INFO 2026-03-05 06:52:28,729 correlation 8 128139497830080 request_complete correlation_id=88067505-892f-4f86-b999-2b18b3993872 tenant_id=- user_id=- method=GET path=/ status=200 duration_ms=1.33
INFO 2026-03-05 06:52:58,766 correlation 8 128139497830080 request_complete correlation_id=392c895c-d5d6-471d-9107-f36b5aa32937 tenant_id=- user_id=- method=GET path=/ status=200 duration_ms=1.28
INFO 2026-03-05 06:53:28,808 correlation 9 128139497830080 request_complete correlation_id=7ca608f6-c3fe-4c48-8cbb-e3a491f78c36 tenant_id=- user_id=- method=GET path=/ status=200 duration_ms=1.33
INFO 2026-03-05 06:53:58,846 correlation 9 128139497830080 request_complete correlation_id=90dd8a36-9f21-4010-a6b2-f86b6fa49b49 tenant_id=- user_id=- method=GET path=/ status=200 duration_ms=1.28
INFO 2026-03-05 06:54:28,886 correlation 9 128139497830080 request_complete correlation_id=9a41582f-cbd8-4b42-bfcb-495319c0f15e tenant_id=- user_id=- method=GET path=/ status=200 duration_ms=1.41
INFO 2026-03-05 06:54:58,925 correlation 9 128139497830080 request_complete correlation_id=b23333db-b603-41bd-ae5e-33b1ec686313 tenant_id=- user_id=- method=GET path=/ status=200 duration_ms=1.23
INFO 2026-03-05 06:55:28,961 correlation 8 128139497830080 request_complete correlation_id=b79ee21d-ade4-4c00-906b-f7161cddc14c tenant_id=- user_id=- method=GET path=/ status=200 duration_ms=1.53
INFO 2026-03-05 06:55:59,006 correlation 9 128139497830080 request_complete correlation_id=8dd313bb-8335-4e7d-8b4c-b28b75f99147 tenant_id=- user_id=- method=GET path=/ status=200 duration_ms=1.29
INFO 2026-03-05 06:56:29,047 correlation 8 128139497830080 request_complete correlation_id=3706e619-6db8-4dc3-9d0b-08c6fd93f738 tenant_id=- user_id=- method=GET path=/ status=200 duration_ms=1.26
INFO 2026-03-05 06:56:59,084 correlation 9 128139497830080 request_complete correlation_id=4d257ba9-41c7-4b47-9fdb-2eee6efbfe57 tenant_id=- user_id=- method=GET path=/ status=200 duration_ms=1.3
INFO 2026-03-05 06:57:29,122 correlation 9 128139497830080 request_complete correlation_id=4e0e6961-905b-4fe2-88e2-e14c29928a6a tenant_id=- user_id=- method=GET path=/ status=200 duration_ms=1.32
INFO 2026-03-05 06:57:59,158 correlation 8 128139497830080 request_complete correlation_id=7de60904-68db-41cd-9e48-1e580d35fdb3 tenant_id=- user_id=- method=GET path=/ status=200 duration_ms=1.25
INFO 2026-03-05 06:58:29,198 correlation 9 128139497830080 request_complete correlation_id=e5d12f61-e1b6-4d32-8ac1-c7703264a961 tenant_id=- user_id=- method=GET path=/ status=200 duration_ms=1.28
INFO 2026-03-05 06:58:59,234 correlation 7 128139497830080 request_complete correlation_id=8416d3a4-8be0-4bd8-be4d-a4a45083ed33 tenant_id=- user_id=- method=GET path=/ status=200 duration_ms=1.25
INFO 2026-03-05 06:59:29,275 correlation 8 128139497830080 request_complete correlation_id=079c8e34-0316-44d1-b8ce-8e89aafd6c25 tenant_id=- user_id=- method=GET path=/ status=200 duration_ms=1.28
INFO 2026-03-05 06:59:59,312 correlation 7 128139497830080 request_complete correlation_id=d7807c4e-a246-49be-8bad-8cad7541c0a9 tenant_id=- user_id=- method=GET path=/ status=200 duration_ms=1.42
INFO 2026-03-05 07:00:29,353 correlation 9 128139497830080 request_complete correlation_id=50fcbe3f-569d-4a3c-93f7-2e0ae4acff80 tenant_id=- user_id=- method=GET path=/ status=200 duration_ms=1.28
INFO 2026-03-05 07:00:59,390 correlation 8 128139497830080 request_complete correlation_id=76ee3178-52b3-4e87-9b2c-ea1ece97d570 tenant_id=- user_id=- method=GET path=/ status=200 duration_ms=1.31
INFO 2026-03-05 07:01:29,435 correlation 9 128139497830080 request_complete correlation_id=99e885ff-f10d-4811-935b-ef7f51047cc7 tenant_id=- user_id=- method=GET path=/ status=200 duration_ms=1.26
INFO 2026-03-05 07:01:59,480 correlation 9 128139497830080 request_complete correlation_id=72b06d98-5a1f-4193-ac71-5439d443bfc1 tenant_id=- user_id=- method=GET path=/ status=200 duration_ms=1.26
INFO 2026-03-05 07:02:29,522 correlation 9 128139497830080 request_complete correlation_id=64563ada-5a6c-4ac0-a5b2-48d7f0759011 tenant_id=- user_id=- method=GET path=/ status=200 duration_ms=1.59
INFO 2026-03-05 07:02:59,565 correlation 7 128139497830080 request_complete correlation_id=05c31894-dcb5-40a5-ba7e-cad99bd942bb tenant_id=- user_id=- method=GET path=/ status=200 duration_ms=1.57
INFO 2026-03-05 07:03:29,606 correlation 7 128139497830080 request_complete correlation_id=cd1e4d39-32e8-4f88-907f-73cd2526e59f tenant_id=- user_id=- method=GET path=/ status=200 duration_ms=1.28
INFO 2026-03-05 07:03:59,644 correlation 8 128139497830080 request_complete correlation_id=b8959bbd-837a-4621-9b36-c6b84f93937e tenant_id=- user_id=- method=GET path=/ status=200 duration_ms=1.43
INFO 2026-03-05 07:04:29,682 correlation 9 128139497830080 request_complete correlation_id=acb6fcfe-3d25-4b58-a672-b2d693f7dc66 tenant_id=- user_id=- method=GET path=/ status=200 duration_ms=1.35
INFO 2026-03-05 07:04:59,722 correlation 7 128139497830080 request_complete correlation_id=e356ad24-98a4-4f0d-9021-fc6cb7d0f943 tenant_id=- user_id=- method=GET path=/ status=200 duration_ms=1.3
INFO 2026-03-05 07:05:29,759 correlation 7 128139497830080 request_complete correlation_id=a3d41407-e394-4b85-9f06-682c09e774b5 tenant_id=- user_id=- method=GET path=/ status=200 duration_ms=1.25
INFO 2026-03-05 07:05:59,807 correlation 8 128139497830080 request_complete correlation_id=cefaedb5-81a4-45f6-88ed-fc300aa34a4f tenant_id=- user_id=- method=GET path=/ status=200 duration_ms=1.24
INFO 2026-03-05 07:06:29,842 correlation 8 128139497830080 request_complete correlation_id=4ceed993-5ebf-4b7d-93ca-31c1fbe5b4bb tenant_id=- user_id=- method=GET path=/ status=200 duration_ms=1.24
INFO 2026-03-05 07:06:59,885 correlation 9 128139497830080 request_complete correlation_id=cd35eea3-dc5a-4b95-93c9-f53206c9ff1b tenant_id=- user_id=- method=GET path=/ status=200 duration_ms=1.35
INFO 2026-03-05 07:07:29,922 correlation 9 128139497830080 request_complete correlation_id=758b5573-5eea-4e4f-be6d-47717a9ee231 tenant_id=- user_id=- method=GET path=/ status=200 duration_ms=1.29
INFO 2026-03-05 07:07:59,958 correlation 9 128139497830080 request_complete correlation_id=c939f60b-fcf5-4264-b8c2-7a6159bac6e0 tenant_id=- user_id=- method=GET path=/ status=200 duration_ms=1.55
INFO 2026-03-05 07:08:29,996 correlation 7 128139497830080 request_complete correlation_id=bcd74e8a-4478-431a-a6be-1a0d27bc94d5 tenant_id=- user_id=- method=GET path=/ status=200 duration_ms=1.27
INFO 2026-03-05 07:09:00,031 correlation 7 128139497830080 request_complete correlation_id=f2d61305-9bb8-47a8-a5ce-e277832903af tenant_id=- user_id=- method=GET path=/ status=200 duration_ms=1.24
INFO 2026-03-05 07:09:30,068 correlation 8 128139497830080 request_complete correlation_id=581708a3-678f-4a51-9df1-d1b363c345f3 tenant_id=- user_id=- method=GET path=/ status=200 duration_ms=1.3
INFO 2026-03-05 07:10:00,116 correlation 9 128139497830080 request_complete correlation_id=27082e68-592c-4ecd-a982-f151eb947653 tenant_id=- user_id=- method=GET path=/ status=200 duration_ms=1.49
INFO 2026-03-05 07:10:30,152 correlation 7 128139497830080 request_complete correlation_id=733bd277-4b5e-4079-a817-e237c7e205a1 tenant_id=- user_id=- method=GET path=/ status=200 duration_ms=1.27
INFO 2026-03-05 07:11:00,188 correlation 7 128139497830080 request_complete correlation_id=1ca6ef35-3296-435e-99d0-9d7852801f39 tenant_id=- user_id=- method=GET path=/ status=200 duration_ms=1.27
INFO 2026-03-05 07:11:30,229 correlation 9 128139497830080 request_complete correlation_id=7c85ce2a-0cd6-4306-a067-1525b90d92cb tenant_id=- user_id=- method=GET path=/ status=200 duration_ms=1.25
INFO 2026-03-05 07:12:00,267 correlation 9 128139497830080 request_complete correlation_id=8707963d-2e1c-4809-9928-6360cb4b4ed4 tenant_id=- user_id=- method=GET path=/ status=200 duration_ms=1.3
INFO 2026-03-05 07:12:30,317 correlation 8 128139497830080 request_complete correlation_id=190d9cc2-e9fc-47f6-ab3f-27727770a6ce tenant_id=- user_id=- method=GET path=/ status=200 duration_ms=1.45
INFO 2026-03-05 07:13:00,359 correlation 8 128139497830080 request_complete correlation_id=7d7b152d-76b7-4b3f-9d79-b3eb7236fea7 tenant_id=- user_id=- method=GET path=/ status=200 duration_ms=1.31
INFO 2026-03-05 07:13:30,400 correlation 8 128139497830080 request_complete correlation_id=de628d9c-a8bc-4d6d-9f40-3b1b198ca6af tenant_id=- user_id=- method=GET path=/ status=200 duration_ms=1.33
INFO 2026-03-05 07:14:00,436 correlation 9 128139497830080 request_complete correlation_id=838f2b3a-2f2c-4e4d-8c70-0d1801a4820e tenant_id=- user_id=- method=GET path=/ status=200 duration_ms=1.34
INFO 2026-03-05 07:14:30,473 correlation 8 128139497830080 request_complete correlation_id=8ffadba4-a6b1-43bb-ae83-767e48ca96de tenant_id=- user_id=- method=GET path=/ status=200 duration_ms=1.3
INFO 2026-03-05 07:15:00,510 correlation 7 128139497830080 request_complete correlation_id=9751a7c0-eec3-427a-8f7d-8ecd1e62d8c4 tenant_id=- user_id=- method=GET path=/ status=200 duration_ms=1.33
INFO 2026-03-05 07:15:30,548 correlation 7 128139497830080 request_complete correlation_id=8caf9951-3f42-4901-a629-177f73dcb3ed tenant_id=- user_id=- method=GET path=/ status=200 duration_ms=1.54
INFO 2026-03-05 07:16:00,591 correlation 9 128139497830080 request_complete correlation_id=5c3e84cc-9c2c-4d9e-96ff-31fbeca4633d tenant_id=- user_id=- method=GET path=/ status=200 duration_ms=1.42
INFO 2026-03-05 07:16:30,628 correlation 7 128139497830080 request_complete correlation_id=be549ac2-e33e-4e12-b2ec-955b02615737 tenant_id=- user_id=- method=GET path=/ status=200 duration_ms=1.28
INFO 2026-03-05 07:17:00,669 correlation 7 128139497830080 request_complete correlation_id=e08d4e18-fda5-47db-a434-ee0a2d9b6256 tenant_id=- user_id=- method=GET path=/ status=200 duration_ms=1.31
INFO 2026-03-05 07:17:30,710 correlation 8 128139497830080 request_complete correlation_id=52ea7ee4-a9b3-47d8-9869-8586b49feca7 tenant_id=- user_id=- method=GET path=/ status=200 duration_ms=1.22
INFO 2026-03-05 07:18:00,743 correlation 8 128139497830080 request_complete correlation_id=104cf69a-7090-405e-8168-7bfc899a3422 tenant_id=- user_id=- method=GET path=/ status=200 duration_ms=1.42
INFO 2026-03-05 07:18:30,786 correlation 8 128139497830080 request_complete correlation_id=e4c0cdf8-dcc1-40fa-96ba-7f98352ed4fd tenant_id=- user_id=- method=GET path=/ status=200 duration_ms=1.27
INFO 2026-03-05 07:19:00,830 correlation 9 128139497830080 request_complete correlation_id=e2988982-967b-4dfb-8c15-82980bb4f434 tenant_id=- user_id=- method=GET path=/ status=200 duration_ms=1.24
INFO 2026-03-05 07:19:30,868 correlation 9 128139497830080 request_complete correlation_id=761f55e2-743d-46ef-9547-0320a6f38e26 tenant_id=- user_id=- method=GET path=/ status=200 duration_ms=1.27
INFO 2026-03-05 07:20:00,907 correlation 9 128139497830080 request_complete correlation_id=6f52e52a-7feb-439b-9752-a35478cba3ee tenant_id=- user_id=- method=GET path=/ status=200 duration_ms=1.26
INFO 2026-03-05 07:20:30,952 correlation 9 128139497830080 request_complete correlation_id=b4bada0c-165d-415d-a1cd-42af13078b4d tenant_id=- user_id=- method=GET path=/ status=200 duration_ms=1.44
INFO 2026-03-05 07:21:00,990 correlation 9 128139497830080 request_complete correlation_id=f5d9c8d6-ec97-4e9f-bd9f-2450fa1a1225 tenant_id=- user_id=- method=GET path=/ status=200 duration_ms=1.25
INFO 2026-03-05 07:21:31,032 correlation 9 128139497830080 request_complete correlation_id=0521bfef-b4aa-4381-a1c8-60c777a25b26 tenant_id=- user_id=- method=GET path=/ status=200 duration_ms=1.27
INFO 2026-03-05 07:22:01,072 correlation 7 128139497830080 request_complete correlation_id=55bea91a-4282-4ca4-887a-d70e8933a33a tenant_id=- user_id=- method=GET path=/ status=200 duration_ms=1.32
INFO 2026-03-05 07:22:31,106 correlation 8 128139497830080 request_complete correlation_id=506f7a76-9a88-41e7-844a-57c4a1f8e6d1 tenant_id=- user_id=- method=GET path=/ status=200 duration_ms=1.27
INFO 2026-03-05 07:23:01,145 correlation 8 128139497830080 request_complete correlation_id=00ef7a4d-2fad-4c06-96a0-91142b8a3e40 tenant_id=- user_id=- method=GET path=/ status=200 duration_ms=1.21
INFO 2026-03-05 07:23:31,187 correlation 9 128139497830080 request_complete correlation_id=980f00eb-188b-439d-9dc6-aa2307254cba tenant_id=- user_id=- method=GET path=/ status=200 duration_ms=1.24
INFO 2026-03-05 07:24:01,224 correlation 7 128139497830080 request_complete correlation_id=b80e71d4-96b5-464e-b261-243b811832f2 tenant_id=- user_id=- method=GET path=/ status=200 duration_ms=1.49
INFO 2026-03-05 07:24:31,264 correlation 9 128139497830080 request_complete correlation_id=5675fac8-cf3b-4f48-b217-52dd7883211b tenant_id=- user_id=- method=GET path=/ status=200 duration_ms=1.33
INFO 2026-03-05 07:25:01,302 correlation 9 128139497830080 request_complete correlation_id=d2af25b6-0dbb-4fac-9a11-73f0ce0002eb tenant_id=- user_id=- method=GET path=/ status=200 duration_ms=1.39
INFO 2026-03-05 07:25:31,344 correlation 9 128139497830080 request_complete correlation_id=1bd6acbd-2775-43ad-a800-729663c6607c tenant_id=- user_id=- method=GET path=/ status=200 duration_ms=1.3
INFO 2026-03-05 07:26:01,385 correlation 7 128139497830080 request_complete correlation_id=7c07bd69-a90b-4224-a2ce-98c2fb81b16a tenant_id=- user_id=- method=GET path=/ status=200 duration_ms=1.25
INFO 2026-03-05 07:26:31,426 correlation 8 128139497830080 request_complete correlation_id=2289357d-7d80-4e70-8d4e-b6a138e9136e tenant_id=- user_id=- method=GET path=/ status=200 duration_ms=1.38
INFO 2026-03-05 07:27:01,468 correlation 9 128139497830080 request_complete correlation_id=ef844f81-d9a5-48ee-b852-8b512ab65ada tenant_id=- user_id=- method=GET path=/ status=200 duration_ms=1.24
INFO 2026-03-05 07:27:31,505 correlation 8 128139497830080 request_complete correlation_id=f72bd440-b305-4b25-a47c-8a51039afd43 tenant_id=- user_id=- method=GET path=/ status=200 duration_ms=1.31
INFO 2026-03-05 07:28:01,545 correlation 8 128139497830080 request_complete correlation_id=833e8e53-5413-4f99-bca5-e0e75aa85b50 tenant_id=- user_id=- method=GET path=/ status=200 duration_ms=1.28
INFO 2026-03-05 07:28:31,588 correlation 7 128139497830080 request_complete correlation_id=0914645e-b618-45ea-9910-b37e4c052937 tenant_id=- user_id=- method=GET path=/ status=200 duration_ms=1.23
INFO 2026-03-05 07:29:01,625 correlation 8 128139497830080 request_complete correlation_id=5f3899cc-ba51-4cf4-a7f5-48f917992a02 tenant_id=- user_id=- method=GET path=/ status=200 duration_ms=1.28
INFO 2026-03-05 07:29:31,668 correlation 8 128139497830080 request_complete correlation_id=c0bd78ec-44dd-4123-8e41-5f4ec65750b0 tenant_id=- user_id=- method=GET path=/ status=200 duration_ms=1.28
INFO 2026-03-05 07:30:01,708 correlation 8 128139497830080 request_complete correlation_id=ab35aa3b-5999-4271-829a-2bba813277a2 tenant_id=- user_id=- method=GET path=/ status=200 duration_ms=1.25
INFO 2026-03-05 07:30:31,746 correlation 8 128139497830080 request_complete correlation_id=a7abad22-d315-4c3d-8745-8c5e2c965646 tenant_id=- user_id=- method=GET path=/ status=200 duration_ms=2.25
INFO 2026-03-05 07:31:01,782 correlation 7 128139497830080 request_complete correlation_id=f35a271f-7dae-4c2c-aba2-4ce1b372abcc tenant_id=- user_id=- method=GET path=/ status=200 duration_ms=1.33
INFO 2026-03-05 07:31:31,819 correlation 9 128139497830080 request_complete correlation_id=f48b20d6-1feb-42e1-83bb-e94efaa0e2fc tenant_id=- user_id=- method=GET path=/ status=200 duration_ms=1.27
INFO 2026-03-05 07:32:01,864 correlation 9 128139497830080 request_complete correlation_id=a7569199-c627-4a9a-872f-e1cb9853619b tenant_id=- user_id=- method=GET path=/ status=200 duration_ms=1.49
INFO 2026-03-05 07:32:31,906 correlation 9 128139497830080 request_complete correlation_id=56e95de0-2c73-4a74-9878-f723e44f4d76 tenant_id=- user_id=- method=GET path=/ status=200 duration_ms=1.31
INFO 2026-03-05 07:33:01,948 correlation 7 128139497830080 request_complete correlation_id=03e938cc-4476-4630-a80d-37affcb8bc0e tenant_id=- user_id=- method=GET path=/ status=200 duration_ms=1.29
INFO 2026-03-05 07:33:31,982 correlation 8 128139497830080 request_complete correlation_id=3a8b2787-ba7a-4832-a18c-7b5c6b24bdca tenant_id=- user_id=- method=GET path=/ status=200 duration_ms=1.26
INFO 2026-03-05 07:34:02,025 correlation 8 128139497830080 request_complete correlation_id=5d11a7d5-d2b4-46d1-b932-027a5bced6a5 tenant_id=- user_id=- method=GET path=/ status=200 duration_ms=1.25
INFO 2026-03-05 07:34:32,066 correlation 7 128139497830080 request_complete correlation_id=b2542b8a-0884-4f76-afd0-8f0cf2cc8937 tenant_id=- user_id=- method=GET path=/ status=200 duration_ms=1.42
INFO 2026-03-05 07:35:02,102 correlation 8 128139497830080 request_complete correlation_id=33fec4e8-45c9-4266-a9bb-6509d10a8e10 tenant_id=- user_id=- method=GET path=/ status=200 duration_ms=1.41
INFO 2026-03-05 07:35:32,139 correlation 8 128139497830080 request_complete correlation_id=c6f29b18-6e2b-401f-bc86-2a9b20c5e073 tenant_id=- user_id=- method=GET path=/ status=200 duration_ms=1.23
INFO 2026-03-05 07:36:02,177 correlation 9 128139497830080 request_complete correlation_id=dd3999e6-5038-4f0e-9866-a3e8ec28191f tenant_id=- user_id=- method=GET path=/ status=200 duration_ms=1.25
INFO 2026-03-05 07:36:32,219 correlation 9 128139497830080 request_complete correlation_id=782613d1-b7a1-4555-b3cb-285bc7ccee43 tenant_id=- user_id=- method=GET path=/ status=200 duration_ms=1.3
INFO 2026-03-05 07:37:02,256 correlation 9 128139497830080 request_complete correlation_id=96594803-fafd-413b-a93d-da760ece75b6 tenant_id=- user_id=- method=GET path=/ status=200 duration_ms=1.27
INFO 2026-03-05 07:37:32,315 correlation 7 128139497830080 request_complete correlation_id=918e6fb0-1c18-4145-8159-9ca6bd1ac24f tenant_id=- user_id=- method=GET path=/ status=200 duration_ms=1.29
INFO 2026-03-05 07:38:02,348 correlation 9 128139497830080 request_complete correlation_id=dcc7327d-86b7-4a86-b546-e9e76350ea2a tenant_id=- user_id=- method=GET path=/ status=200 duration_ms=1.46
INFO 2026-03-05 07:38:32,390 correlation 8 128139497830080 request_complete correlation_id=d317fd18-4331-4340-aa72-c7b07b0a37af tenant_id=- user_id=- method=GET path=/ status=200 duration_ms=1.21
INFO 2026-03-05 07:39:02,431 correlation 7 128139497830080 request_complete correlation_id=9ffe1833-ede8-4f9c-9aa7-17dd7c9b0c90 tenant_id=- user_id=- method=GET path=/ status=200 duration_ms=1.29
INFO 2026-03-05 07:39:32,471 correlation 7 128139497830080 request_complete correlation_id=3ac51ede-453c-4cf5-921c-ab673331f1d8 tenant_id=- user_id=- method=GET path=/ status=200 duration_ms=1.29
INFO 2026-03-05 07:40:02,508 correlation 7 128139497830080 request_complete correlation_id=05211b8d-0b32-4a0b-ae09-095f684350e6 tenant_id=- user_id=- method=GET path=/ status=200 duration_ms=1.47
INFO 2026-03-05 07:40:32,545 correlation 7 128139497830080 request_complete correlation_id=14df7fcf-3a55-4715-b536-59119ee9d5b0 tenant_id=- user_id=- method=GET path=/ status=200 duration_ms=1.26
INFO 2026-03-05 07:41:02,588 correlation 9 128139497830080 request_complete correlation_id=49c5ba9f-b875-46a3-af30-874324fb3cc8 tenant_id=- user_id=- method=GET path=/ status=200 duration_ms=1.24
INFO 2026-03-05 07:41:32,629 correlation 7 128139497830080 request_complete correlation_id=264c7097-7a77-4f2f-8845-0799789a1ff7 tenant_id=- user_id=- method=GET path=/ status=200 duration_ms=1.26
INFO 2026-03-05 07:42:02,665 correlation 9 128139497830080 request_complete correlation_id=683b2330-2e71-4b09-a0dd-aeecdd30ac65 tenant_id=- user_id=- method=GET path=/ status=200 duration_ms=1.3
INFO 2026-03-05 07:42:32,704 correlation 8 128139497830080 request_complete correlation_id=e1b1e659-0c58-46eb-a71e-02636e21a3fb tenant_id=- user_id=- method=GET path=/ status=200 duration_ms=1.38
INFO 2026-03-05 07:43:02,740 correlation 9 128139497830080 request_complete correlation_id=eddbd253-d92d-44d9-a0eb-68cbd718f7fb tenant_id=- user_id=- method=GET path=/ status=200 duration_ms=1.28
INFO 2026-03-05 07:43:32,779 correlation 8 128139497830080 request_complete correlation_id=1980a6df-d631-4cb7-b852-901d7f9aca93 tenant_id=- user_id=- method=GET path=/ status=200 duration_ms=1.41
INFO 2026-03-05 07:44:02,816 correlation 8 128139497830080 request_complete correlation_id=efbe4c8d-b000-4eeb-b6c0-d2df81f87f46 tenant_id=- user_id=- method=GET path=/ status=200 duration_ms=1.26
INFO 2026-03-05 07:44:32,852 correlation 8 128139497830080 request_complete correlation_id=c904fd49-fde7-42fb-82fd-95776f305cb7 tenant_id=- user_id=- method=GET path=/ status=200 duration_ms=1.33
INFO 2026-03-05 07:45:02,901 correlation 9 128139497830080 request_complete correlation_id=789c3251-5ec7-4f96-a4ce-36e5d54d5afa tenant_id=- user_id=- method=GET path=/ status=200 duration_ms=1.46
INFO 2026-03-05 07:45:32,939 correlation 9 128139497830080 request_complete correlation_id=4c829919-dc2c-41f7-8399-475925d62aa7 tenant_id=- user_id=- method=GET path=/ status=200 duration_ms=1.24
INFO 2026-03-05 07:46:02,976 correlation 9 128139497830080 request_complete correlation_id=44e3d06f-982e-446f-92ae-7ad032bdc4a1 tenant_id=- user_id=- method=GET path=/ status=200 duration_ms=1.27
INFO 2026-03-05 07:46:33,017 correlation 9 128139497830080 request_complete correlation_id=5b3a8478-4df7-489f-8a92-5b06f2ac54f5 tenant_id=- user_id=- method=GET path=/ status=200 duration_ms=1.32
INFO 2026-03-05 07:47:03,055 correlation 9 128139497830080 request_complete correlation_id=5b1f1ee3-2286-43af-a8f2-f94fa7d55263 tenant_id=- user_id=- method=GET path=/ status=200 duration_ms=1.34
INFO 2026-03-05 07:47:33,094 correlation 9 128139497830080 request_complete correlation_id=1afabea9-bd36-4c86-ad3c-a85ee1733f75 tenant_id=- user_id=- method=GET path=/ status=200 duration_ms=1.29
INFO 2026-03-05 07:48:03,137 correlation 9 128139497830080 request_complete correlation_id=2da4e9c8-2d18-4f4c-981c-5fb254019508 tenant_id=- user_id=- method=GET path=/ status=200 duration_ms=1.26
INFO 2026-03-05 07:48:33,178 correlation 7 128139497830080 request_complete correlation_id=fca4eda9-587b-4286-bdc3-f879facaea37 tenant_id=- user_id=- method=GET path=/ status=200 duration_ms=1.32
INFO 2026-03-05 07:49:03,220 correlation 9 128139497830080 request_complete correlation_id=fdea2e5d-3e52-490e-948b-4ba6c603b558 tenant_id=- user_id=- method=GET path=/ status=200 duration_ms=1.31
INFO 2026-03-05 07:49:33,261 correlation 9 128139497830080 request_complete correlation_id=56983079-4c4a-4247-95b9-afde6cbd702c tenant_id=- user_id=- method=GET path=/ status=200 duration_ms=1.26
INFO 2026-03-05 07:50:03,300 correlation 9 128139497830080 request_complete correlation_id=120bac7e-1521-4185-bda4-8157e9478c75 tenant_id=- user_id=- method=GET path=/ status=200 duration_ms=1.48
INFO 2026-03-05 07:50:33,345 correlation 9 128139497830080 request_complete correlation_id=0d3a491a-bf2a-4cff-b152-459e8d6e8710 tenant_id=- user_id=- method=GET path=/ status=200 duration_ms=1.28
INFO 2026-03-05 07:51:03,383 correlation 8 128139497830080 request_complete correlation_id=76d963b5-10b2-41f7-afef-8db72507ec87 tenant_id=- user_id=- method=GET path=/ status=200 duration_ms=1.22
INFO 2026-03-05 07:51:33,429 correlation 9 128139497830080 request_complete correlation_id=e8c98785-7b18-4fd7-af62-80191b2e603f tenant_id=- user_id=- method=GET path=/ status=200 duration_ms=1.25
INFO 2026-03-05 07:52:03,470 correlation 8 128139497830080 request_complete correlation_id=7fcaa1b4-974a-4786-954e-edd579dad481 tenant_id=- user_id=- method=GET path=/ status=200 duration_ms=1.24
INFO 2026-03-05 07:52:33,511 correlation 9 128139497830080 request_complete correlation_id=fd48383b-2965-476f-bb16-93748a775513 tenant_id=- user_id=- method=GET path=/ status=200 duration_ms=1.33
INFO 2026-03-05 07:53:03,553 correlation 9 128139497830080 request_complete correlation_id=6e4e0d8f-73bf-4390-b7d6-4d7be131ca76 tenant_id=- user_id=- method=GET path=/ status=200 duration_ms=1.5
INFO 2026-03-05 07:53:33,592 correlation 7 128139497830080 request_complete correlation_id=11a03a63-2fe4-4747-956e-fb1acffdf0fb tenant_id=- user_id=- method=GET path=/ status=200 duration_ms=1.3
INFO 2026-03-05 07:54:03,631 correlation 7 128139497830080 request_complete correlation_id=3f073712-38bd-486a-9093-ee60abad20ce tenant_id=- user_id=- method=GET path=/ status=200 duration_ms=1.53
INFO 2026-03-05 07:54:33,671 correlation 8 128139497830080 request_complete correlation_id=b44b8926-3239-4fc5-ba08-b6dd43deb0d1 tenant_id=- user_id=- method=GET path=/ status=200 duration_ms=1.38
INFO 2026-03-05 07:55:03,711 correlation 8 128139497830080 request_complete correlation_id=05953379-5276-46f8-86b2-5b6628927880 tenant_id=- user_id=- method=GET path=/ status=200 duration_ms=1.26
INFO 2026-03-05 07:55:33,754 correlation 8 128139497830080 request_complete correlation_id=9f65529b-0c57-48fe-b609-2b408e2b1445 tenant_id=- user_id=- method=GET path=/ status=200 duration_ms=1.23
INFO 2026-03-05 07:56:03,800 correlation 7 128139497830080 request_complete correlation_id=3878939c-13e5-4b8c-bcbc-df17e2adab86 tenant_id=- user_id=- method=GET path=/ status=200 duration_ms=1.33
INFO 2026-03-05 07:56:33,840 correlation 8 128139497830080 request_complete correlation_id=ffb8bd23-6c3e-470f-8886-7bc4228df045 tenant_id=- user_id=- method=GET path=/ status=200 duration_ms=1.25
INFO 2026-03-05 07:57:03,874 correlation 8 128139497830080 request_complete correlation_id=b42a732d-8a17-496e-98d2-a80f0f36bb38 tenant_id=- user_id=- method=GET path=/ status=200 duration_ms=1.45
INFO 2026-03-05 07:57:33,913 correlation 7 128139497830080 request_complete correlation_id=7d1fd03c-076e-4af2-8995-c883e4493b64 tenant_id=- user_id=- method=GET path=/ status=200 duration_ms=1.8
INFO 2026-03-05 07:58:03,949 correlation 8 128139497830080 request_complete correlation_id=98c1ea04-894b-409f-a580-dcfc646f8d58 tenant_id=- user_id=- method=GET path=/ status=200 duration_ms=1.23
INFO 2026-03-05 07:58:33,987 correlation 8 128139497830080 request_complete correlation_id=71026856-88df-4a3d-8173-90121b3b7c5f tenant_id=- user_id=- method=GET path=/ status=200 duration_ms=1.27
INFO 2026-03-05 07:59:04,025 correlation 8 128139497830080 request_complete correlation_id=1998f03e-d6b8-4ddc-8602-f9ed61a29fb3 tenant_id=- user_id=- method=GET path=/ status=200 duration_ms=1.29
INFO 2026-03-05 07:59:34,066 correlation 8 128139497830080 request_complete correlation_id=c0476c0f-5cee-4b8d-9caf-e9ab19c8b522 tenant_id=- user_id=- method=GET path=/ status=200 duration_ms=1.49
INFO 2026-03-05 08:00:04,100 correlation 9 128139497830080 request_complete correlation_id=3677caca-afcb-43a0-820b-8dd9a894b794 tenant_id=- user_id=- method=GET path=/ status=200 duration_ms=1.31
INFO 2026-03-05 08:00:34,136 correlation 7 128139497830080 request_complete correlation_id=93fd79f8-34b4-4fef-a271-a4660b210461 tenant_id=- user_id=- method=GET path=/ status=200 duration_ms=1.36
INFO 2026-03-05 08:01:04,169 correlation 9 128139497830080 request_complete correlation_id=2266a66e-bb11-4468-82aa-7cd320a3f58a tenant_id=- user_id=- method=GET path=/ status=200 duration_ms=1.32
INFO 2026-03-05 08:01:34,207 correlation 7 128139497830080 request_complete correlation_id=5b186897-3de0-4160-af95-6e6aadfc30c5 tenant_id=- user_id=- method=GET path=/ status=200 duration_ms=1.46
INFO 2026-03-05 08:02:04,249 correlation 7 128139497830080 request_complete correlation_id=c351887a-09be-4bc4-a05f-4e51b99672c7 tenant_id=- user_id=- method=GET path=/ status=200 duration_ms=1.26
INFO 2026-03-05 08:02:34,288 correlation 7 128139497830080 request_complete correlation_id=13df33cd-2bfa-4fb5-87d3-4e8080f8dca2 tenant_id=- user_id=- method=GET path=/ status=200 duration_ms=1.23
INFO 2026-03-05 08:03:04,332 correlation 7 128139497830080 request_complete correlation_id=9d6931e3-78c9-4ca9-9467-a0aea1543c22 tenant_id=- user_id=- method=GET path=/ status=200 duration_ms=1.31
INFO 2026-03-05 08:03:34,376 correlation 9 128139497830080 request_complete correlation_id=49ea6061-a09b-46a2-8281-6582bffd8dc5 tenant_id=- user_id=- method=GET path=/ status=200 duration_ms=1.29
INFO 2026-03-05 08:04:04,414 correlation 9 128139497830080 request_complete correlation_id=16a47d90-72f3-4663-9da8-f2e9728746c4 tenant_id=- user_id=- method=GET path=/ status=200 duration_ms=1.42
INFO 2026-03-05 08:04:34,453 correlation 9 128139497830080 request_complete correlation_id=46348a1a-0f6f-4952-acee-ef8b15ff4db0 tenant_id=- user_id=- method=GET path=/ status=200 duration_ms=1.35
INFO 2026-03-05 08:05:04,491 correlation 9 128139497830080 request_complete correlation_id=a122b753-894a-4389-9258-728bc990f16c tenant_id=- user_id=- method=GET path=/ status=200 duration_ms=1.24
INFO 2026-03-05 08:05:34,532 correlation 9 128139497830080 request_complete correlation_id=d7940e6e-2a9f-4a94-bb83-f7a325316226 tenant_id=- user_id=- method=GET path=/ status=200 duration_ms=1.35
INFO 2026-03-05 08:06:04,570 correlation 7 128139497830080 request_complete correlation_id=1d2a70a6-ff09-48d6-89df-403397ddd9de tenant_id=- user_id=- method=GET path=/ status=200 duration_ms=1.25
INFO 2026-03-05 08:06:34,606 correlation 9 128139497830080 request_complete correlation_id=04cad783-0474-401b-a23b-e25ecbb7c946 tenant_id=- user_id=- method=GET path=/ status=200 duration_ms=1.37
INFO 2026-03-05 08:07:04,642 correlation 7 128139497830080 request_complete correlation_id=77615314-4ba8-4a75-ab97-90bb25c462c5 tenant_id=- user_id=- method=GET path=/ status=200 duration_ms=1.31
INFO 2026-03-05 08:07:34,678 correlation 7 128139497830080 request_complete correlation_id=f4dc2707-2d9f-46f5-8ba6-f73fef15d7b6 tenant_id=- user_id=- method=GET path=/ status=200 duration_ms=1.27
INFO 2026-03-05 08:08:04,714 correlation 8 128139497830080 request_complete correlation_id=2227943d-4aa3-4770-b1f6-52601a6d4cf3 tenant_id=- user_id=- method=GET path=/ status=200 duration_ms=1.24
INFO 2026-03-05 08:08:34,756 correlation 7 128139497830080 request_complete correlation_id=d5619bed-74eb-44bf-a6e3-baaeb79fee03 tenant_id=- user_id=- method=GET path=/ status=200 duration_ms=1.22
INFO 2026-03-05 08:09:04,797 correlation 8 128139497830080 request_complete correlation_id=60fbc017-9a89-43cf-8913-08b96da0477c tenant_id=- user_id=- method=GET path=/ status=200 duration_ms=1.31
INFO 2026-03-05 08:09:34,835 correlation 8 128139497830080 request_complete correlation_id=a0b07f49-2b9e-43c5-986e-19483a31c6ad tenant_id=- user_id=- method=GET path=/ status=200 duration_ms=1.27
INFO 2026-03-05 08:10:04,872 correlation 8 128139497830080 request_complete correlation_id=87dcfeef-c257-439b-8c36-d2cbde48423f tenant_id=- user_id=- method=GET path=/ status=200 duration_ms=1.25
INFO 2026-03-05 08:10:34,914 correlation 8 128139497830080 request_complete correlation_id=06f6e0cc-e78d-4106-af58-d95a2190643f tenant_id=- user_id=- method=GET path=/ status=200 duration_ms=1.18
INFO 2026-03-05 08:11:04,951 correlation 7 128139497830080 request_complete correlation_id=d27a16ce-cdf1-46c5-af56-616235ad5599 tenant_id=- user_id=- method=GET path=/ status=200 duration_ms=1.27
INFO 2026-03-05 08:11:34,992 correlation 8 128139497830080 request_complete correlation_id=56e29598-b61b-4547-af74-28ed68df6374 tenant_id=- user_id=- method=GET path=/ status=200 duration_ms=1.27
INFO 2026-03-05 08:12:05,025 correlation 7 128139497830080 request_complete correlation_id=00b81349-58df-45e8-8a9d-f7550f28c37e tenant_id=- user_id=- method=GET path=/ status=200 duration_ms=1.42
INFO 2026-03-05 08:12:35,064 correlation 7 128139497830080 request_complete correlation_id=78876f6c-fafd-4e71-92c7-6645e0e9fc9f tenant_id=- user_id=- method=GET path=/ status=200 duration_ms=1.34
INFO 2026-03-05 08:13:05,110 correlation 9 128139497830080 request_complete correlation_id=e9698a39-3b9e-4638-b91a-a601a21d9616 tenant_id=- user_id=- method=GET path=/ status=200 duration_ms=1.26
INFO 2026-03-05 08:13:35,147 correlation 9 128139497830080 request_complete correlation_id=c484b71d-d5a0-42c1-941a-027776a9ef8e tenant_id=- user_id=- method=GET path=/ status=200 duration_ms=1.27
INFO 2026-03-05 08:14:05,180 correlation 8 128139497830080 request_complete correlation_id=bd5dd915-6977-4034-bdb7-53b20081a03a tenant_id=- user_id=- method=GET path=/ status=200 duration_ms=1.28
INFO 2026-03-05 08:14:35,220 correlation 7 128139497830080 request_complete correlation_id=20c6ead9-be10-476b-89cc-1972b7f4884d tenant_id=- user_id=- method=GET path=/ status=200 duration_ms=1.19
INFO 2026-03-05 08:15:05,256 correlation 8 128139497830080 request_complete correlation_id=3bf824e6-e367-44b6-b64b-f952cec7f47c tenant_id=- user_id=- method=GET path=/ status=200 duration_ms=1.22
INFO 2026-03-05 08:15:35,295 correlation 7 128139497830080 request_complete correlation_id=533ea1d1-65be-4ccb-837e-52281f41028c tenant_id=- user_id=- method=GET path=/ status=200 duration_ms=1.29
INFO 2026-03-05 08:16:05,355 correlation 8 128139497830080 request_complete correlation_id=184fac54-3007-42f0-b8a6-78df751aff57 tenant_id=- user_id=- method=GET path=/ status=200 duration_ms=23.3
INFO 2026-03-05 08:16:35,401 correlation 8 128139497830080 request_complete correlation_id=a6005812-5a3b-4d69-9f10-cb1bb512112e tenant_id=- user_id=- method=GET path=/ status=200 duration_ms=1.3
INFO 2026-03-05 08:17:05,439 correlation 7 128139497830080 request_complete correlation_id=05579e95-15a3-4461-a90b-0c719631face tenant_id=- user_id=- method=GET path=/ status=200 duration_ms=1.48
INFO 2026-03-05 08:17:35,481 correlation 9 128139497830080 request_complete correlation_id=b5c901ad-137c-4f38-9db2-98853082e86e tenant_id=- user_id=- method=GET path=/ status=200 duration_ms=1.22
INFO 2026-03-05 08:18:05,521 correlation 7 128139497830080 request_complete correlation_id=560351fb-b97f-4193-b273-4424cf570b42 tenant_id=- user_id=- method=GET path=/ status=200 duration_ms=1.3
INFO 2026-03-05 08:18:35,562 correlation 9 128139497830080 request_complete correlation_id=c4599463-b646-45e1-8601-1d703d31e6ac tenant_id=- user_id=- method=GET path=/ status=200 duration_ms=1.29
INFO 2026-03-05 08:19:05,625 correlation 9 128139497830080 request_complete correlation_id=b0475c00-b665-4d0c-9443-8014b240d82f tenant_id=- user_id=- method=GET path=/ status=200 duration_ms=23.28
INFO 2026-03-05 08:19:35,663 correlation 9 128139497830080 request_complete correlation_id=cb945fdb-f1b0-4a9b-bc1f-f5c1db0df029 tenant_id=- user_id=- method=GET path=/ status=200 duration_ms=1.28
INFO 2026-03-05 08:20:05,699 correlation 8 128139497830080 request_complete correlation_id=baf3505e-4c1a-4ade-9eda-bf2ed1f0d8aa tenant_id=- user_id=- method=GET path=/ status=200 duration_ms=1.28
INFO 2026-03-05 08:20:35,739 correlation 8 128139497830080 request_complete correlation_id=031525d7-3d9e-4ac2-a50d-c2a4b6ef26b7 tenant_id=- user_id=- method=GET path=/ status=200 duration_ms=1.37
INFO 2026-03-05 08:21:05,779 correlation 8 128139497830080 request_complete correlation_id=d5bac50c-cc7b-463f-a90c-ec7174e62c21 tenant_id=- user_id=- method=GET path=/ status=200 duration_ms=1.24
INFO 2026-03-05 08:21:35,826 correlation 8 128139497830080 request_complete correlation_id=f646ac55-c249-431b-b3ac-738ab8f7ba08 tenant_id=- user_id=- method=GET path=/ status=200 duration_ms=1.3
INFO 2026-03-05 08:22:05,863 correlation 9 128139497830080 request_complete correlation_id=885ce9e8-5014-4f81-9995-1b997c9bf8f4 tenant_id=- user_id=- method=GET path=/ status=200 duration_ms=1.31
INFO 2026-03-05 08:22:35,906 correlation 8 128139497830080 request_complete correlation_id=63293e21-b662-4790-9a15-3b6063ad479c tenant_id=- user_id=- method=GET path=/ status=200 duration_ms=1.23
INFO 2026-03-05 08:23:05,946 correlation 7 128139497830080 request_complete correlation_id=eab1065f-929d-4eeb-8b75-6ae4b4a3e155 tenant_id=- user_id=- method=GET path=/ status=200 duration_ms=1.26
INFO 2026-03-05 08:23:35,983 correlation 8 128139497830080 request_complete correlation_id=8607a3bb-87cf-464f-a115-86f7ddcaeedb tenant_id=- user_id=- method=GET path=/ status=200 duration_ms=1.43
INFO 2026-03-05 08:24:06,020 correlation 9 128139497830080 request_complete correlation_id=0f318bc7-cc52-4a85-8df8-f31e852a918e tenant_id=- user_id=- method=GET path=/ status=200 duration_ms=1.37
INFO 2026-03-05 08:24:36,059 correlation 8 128139497830080 request_complete correlation_id=0a592e58-54e0-47b5-a396-5e9ce984fb58 tenant_id=- user_id=- method=GET path=/ status=200 duration_ms=1.28
INFO 2026-03-05 08:25:06,098 correlation 8 128139497830080 request_complete correlation_id=695f656c-3386-4170-8841-b1212a5372f7 tenant_id=- user_id=- method=GET path=/ status=200 duration_ms=1.26
INFO 2026-03-05 08:25:36,136 correlation 8 128139497830080 request_complete correlation_id=92ec049a-f310-4881-a484-a02cebc201cf tenant_id=- user_id=- method=GET path=/ status=200 duration_ms=1.35
INFO 2026-03-05 08:26:06,178 correlation 9 128139497830080 request_complete correlation_id=6de7cf61-b72f-499a-be57-ee2df300b295 tenant_id=- user_id=- method=GET path=/ status=200 duration_ms=1.3
INFO 2026-03-05 08:26:36,220 correlation 9 128139497830080 request_complete correlation_id=005a8126-9c67-4057-96b9-35c0bc9864c7 tenant_id=- user_id=- method=GET path=/ status=200 duration_ms=1.24
INFO 2026-03-05 08:27:06,257 correlation 9 128139497830080 request_complete correlation_id=d48d8bd2-e322-4ce6-960d-721c9ac944ca tenant_id=- user_id=- method=GET path=/ status=200 duration_ms=1.22
INFO 2026-03-05 08:27:36,301 correlation 9 128139497830080 request_complete correlation_id=5d9ab571-f110-47fb-bbd4-72d24bb51767 tenant_id=- user_id=- method=GET path=/ status=200 duration_ms=1.44
INFO 2026-03-05 08:28:06,343 correlation 9 128139497830080 request_complete correlation_id=3d11aa2f-0cd2-4331-982f-67c273a39937 tenant_id=- user_id=- method=GET path=/ status=200 duration_ms=1.25
INFO 2026-03-05 08:28:36,379 correlation 8 128139497830080 request_complete correlation_id=f3a16366-b7fb-4810-b83d-2421e4cbcdff tenant_id=- user_id=- method=GET path=/ status=200 duration_ms=1.46
INFO 2026-03-05 08:29:06,424 correlation 8 128139497830080 request_complete correlation_id=a3696246-1c32-4c7c-8566-59733d69c5cf tenant_id=- user_id=- method=GET path=/ status=200 duration_ms=1.32
INFO 2026-03-05 08:29:36,467 correlation 8 128139497830080 request_complete correlation_id=3ec9b3ec-f4cb-40f2-9268-4fc3c3868ccc tenant_id=- user_id=- method=GET path=/ status=200 duration_ms=1.26
INFO 2026-03-05 08:30:06,504 correlation 9 128139497830080 request_complete correlation_id=d4d2e960-a960-4c78-b70b-f120a8150a10 tenant_id=- user_id=- method=GET path=/ status=200 duration_ms=1.31
INFO 2026-03-05 08:30:36,543 correlation 7 128139497830080 request_complete correlation_id=69467a5a-0b64-4853-bd3d-43d6cf77a224 tenant_id=- user_id=- method=GET path=/ status=200 duration_ms=1.27
INFO 2026-03-05 08:31:06,587 correlation 8 128139497830080 request_complete correlation_id=30460a52-962d-4860-8398-a250c9a6ebce tenant_id=- user_id=- method=GET path=/ status=200 duration_ms=1.31
INFO 2026-03-05 08:31:36,624 correlation 8 128139497830080 request_complete correlation_id=34387da2-c9bb-4013-ac3c-b6a84b72a884 tenant_id=- user_id=- method=GET path=/ status=200 duration_ms=1.44
INFO 2026-03-05 08:32:06,661 correlation 7 128139497830080 request_complete correlation_id=8ff6b5d2-63b1-4310-abde-718b4c318ff6 tenant_id=- user_id=- method=GET path=/ status=200 duration_ms=1.26
INFO 2026-03-05 08:32:36,699 correlation 7 128139497830080 request_complete correlation_id=23d54196-3cc1-4e56-85ae-e5a53d87167e tenant_id=- user_id=- method=GET path=/ status=200 duration_ms=1.5
INFO 2026-03-05 08:33:06,741 correlation 8 128139497830080 request_complete correlation_id=e8f2f503-8b51-4fa4-a44f-5231173cbc27 tenant_id=- user_id=- method=GET path=/ status=200 duration_ms=1.22
INFO 2026-03-05 08:33:36,780 correlation 9 128139497830080 request_complete correlation_id=fcf35bf2-b912-4ae5-9988-88d97d2cf6e0 tenant_id=- user_id=- method=GET path=/ status=200 duration_ms=1.3
INFO 2026-03-05 08:34:06,823 correlation 7 128139497830080 request_complete correlation_id=1130f5b8-3c01-49aa-9849-dd1de6bb3d60 tenant_id=- user_id=- method=GET path=/ status=200 duration_ms=1.25
INFO 2026-03-05 08:34:36,866 correlation 8 128139497830080 request_complete correlation_id=700d7192-d3ed-43e3-8337-eedf61600285 tenant_id=- user_id=- method=GET path=/ status=200 duration_ms=1.28
INFO 2026-03-05 08:35:06,904 correlation 9 128139497830080 request_complete correlation_id=99dd27cb-eac2-4d47-a2a3-57408b74cf27 tenant_id=- user_id=- method=GET path=/ status=200 duration_ms=1.44
INFO 2026-03-05 08:35:36,939 correlation 9 128139497830080 request_complete correlation_id=632ccf9b-b2a2-4d85-8b0b-11d648f65610 tenant_id=- user_id=- method=GET path=/ status=200 duration_ms=1.23
INFO 2026-03-05 08:36:06,976 correlation 7 128139497830080 request_complete correlation_id=ffa84dc5-f5de-4ac5-a4b4-345514324acb tenant_id=- user_id=- method=GET path=/ status=200 duration_ms=1.23
INFO 2026-03-05 08:36:37,014 correlation 8 128139497830080 request_complete correlation_id=ba17ed45-e264-4efb-b127-836855d168df tenant_id=- user_id=- method=GET path=/ status=200 duration_ms=1.32
INFO 2026-03-05 08:37:07,058 correlation 7 128139497830080 request_complete correlation_id=f15e6d96-afbb-457a-a33d-b03e454b54fc tenant_id=- user_id=- method=GET path=/ status=200 duration_ms=1.29
INFO 2026-03-05 08:37:37,101 correlation 8 128139497830080 request_complete correlation_id=079f6596-ce86-4ac6-9329-2fb2a7806c69 tenant_id=- user_id=- method=GET path=/ status=200 duration_ms=1.24
INFO 2026-03-05 08:38:07,139 correlation 9 128139497830080 request_complete correlation_id=810a2696-157b-4912-b5b5-897e523b4f7c tenant_id=- user_id=- method=GET path=/ status=200 duration_ms=1.34
INFO 2026-03-05 08:38:37,175 correlation 9 128139497830080 request_complete correlation_id=33ed0415-d7cb-4a13-bc05-b4159c9fb882 tenant_id=- user_id=- method=GET path=/ status=200 duration_ms=1.29
INFO 2026-03-05 08:39:07,218 correlation 9 128139497830080 request_complete correlation_id=9319b122-0590-4697-b58c-fd9e931c66fd tenant_id=- user_id=- method=GET path=/ status=200 duration_ms=1.46
INFO 2026-03-05 08:39:37,262 correlation 8 128139497830080 request_complete correlation_id=35f81c3f-9415-4f37-b823-a404a4009394 tenant_id=- user_id=- method=GET path=/ status=200 duration_ms=1.23
INFO 2026-03-05 08:40:07,302 correlation 7 128139497830080 request_complete correlation_id=62aedfa2-36b1-4830-9a77-46e286c1a990 tenant_id=- user_id=- method=GET path=/ status=200 duration_ms=1.54
INFO 2026-03-05 08:40:37,344 correlation 7 128139497830080 request_complete correlation_id=61b5e5c1-30f0-49b4-8800-f2afdd809263 tenant_id=- user_id=- method=GET path=/ status=200 duration_ms=1.37
INFO 2026-03-05 08:41:07,384 correlation 7 128139497830080 request_complete correlation_id=c17ce139-42d1-46ca-99fb-a364432352ab tenant_id=- user_id=- method=GET path=/ status=200 duration_ms=1.28
INFO 2026-03-05 08:41:37,426 correlation 8 128139497830080 request_complete correlation_id=b9daaed5-6117-418c-853c-c94bf5320292 tenant_id=- user_id=- method=GET path=/ status=200 duration_ms=1.25
INFO 2026-03-05 08:42:07,464 correlation 7 128139497830080 request_complete correlation_id=17b00d32-2ca0-439d-afae-a4966b4a92d6 tenant_id=- user_id=- method=GET path=/ status=200 duration_ms=1.29
INFO 2026-03-05 08:42:37,502 correlation 9 128139497830080 request_complete correlation_id=011ac7a4-432c-43f9-bae8-f6b2ef018de6 tenant_id=- user_id=- method=GET path=/ status=200 duration_ms=1.28
INFO 2026-03-05 08:43:07,543 correlation 8 128139497830080 request_complete correlation_id=aa40c25e-caa7-47cc-b186-9b41ba07dfd4 tenant_id=- user_id=- method=GET path=/ status=200 duration_ms=1.29
INFO 2026-03-05 08:43:37,585 correlation 9 128139497830080 request_complete correlation_id=2ab49697-c654-49ab-9e8b-e44c7fdc2d86 tenant_id=- user_id=- method=GET path=/ status=200 duration_ms=1.25
INFO 2026-03-05 08:44:07,630 correlation 7 128139497830080 request_complete correlation_id=5620fe77-e454-44af-b991-e4a663efa797 tenant_id=- user_id=- method=GET path=/ status=200 duration_ms=1.5
INFO 2026-03-05 08:44:37,668 correlation 7 128139497830080 request_complete correlation_id=e3698f07-9bcf-45a6-ba81-0aaf4bd675de tenant_id=- user_id=- method=GET path=/ status=200 duration_ms=1.26
INFO 2026-03-05 08:45:07,704 correlation 9 128139497830080 request_complete correlation_id=4de1e24d-b3ae-411d-b62a-7b125cc221c5 tenant_id=- user_id=- method=GET path=/ status=200 duration_ms=1.3
INFO 2026-03-05 08:45:37,741 correlation 8 128139497830080 request_complete correlation_id=9ffa5dbb-83d4-4ba8-9976-f158a97f238e tenant_id=- user_id=- method=GET path=/ status=200 duration_ms=1.32
INFO 2026-03-05 08:46:07,784 correlation 9 128139497830080 request_complete correlation_id=b3fe59c7-00d2-4007-b72d-1a9157f6ebfa tenant_id=- user_id=- method=GET path=/ status=200 duration_ms=1.29
INFO 2026-03-05 08:46:37,824 correlation 9 128139497830080 request_complete correlation_id=39ef3cc7-ef23-4af6-8ade-808339ed84be tenant_id=- user_id=- method=GET path=/ status=200 duration_ms=1.29
INFO 2026-03-05 08:47:07,863 correlation 8 128139497830080 request_complete correlation_id=3ac01eb4-7474-436b-b947-bde60c92c668 tenant_id=- user_id=- method=GET path=/ status=200 duration_ms=1.43
INFO 2026-03-05 08:47:37,903 correlation 9 128139497830080 request_complete correlation_id=df5f9915-c069-4dd0-822d-952a1d044a1b tenant_id=- user_id=- method=GET path=/ status=200 duration_ms=1.3
INFO 2026-03-05 08:48:07,941 correlation 9 128139497830080 request_complete correlation_id=701cb561-4446-43a4-a9ef-55768aac322c tenant_id=- user_id=- method=GET path=/ status=200 duration_ms=1.29
INFO 2026-03-05 08:48:37,985 correlation 9 128139497830080 request_complete correlation_id=877d0fa8-a5ce-4003-9700-8456cceb64bc tenant_id=- user_id=- method=GET path=/ status=200 duration_ms=1.37
INFO 2026-03-05 08:49:08,021 correlation 8 128139497830080 request_complete correlation_id=fd83d28f-fff5-456b-81dd-f378ca7a79b8 tenant_id=- user_id=- method=GET path=/ status=200 duration_ms=1.26
INFO 2026-03-05 08:49:38,062 correlation 9 128139497830080 request_complete correlation_id=4f25f3e4-2797-4385-b289-c2fa0de76d28 tenant_id=- user_id=- method=GET path=/ status=200 duration_ms=1.49
INFO 2026-03-05 08:50:08,100 correlation 8 128139497830080 request_complete correlation_id=404f7607-e3ad-4a5a-9a5b-d22b32c5db83 tenant_id=- user_id=- method=GET path=/ status=200 duration_ms=1.26
INFO 2026-03-05 08:50:38,133 correlation 9 128139497830080 request_complete correlation_id=4fc8433d-96d4-4c71-9a79-6d9e7f06d09a tenant_id=- user_id=- method=GET path=/ status=200 duration_ms=1.27
INFO 2026-03-05 08:51:08,167 correlation 7 128139497830080 request_complete correlation_id=4cd4e566-3d4e-4b94-ae6a-d1ad988f4c62 tenant_id=- user_id=- method=GET path=/ status=200 duration_ms=1.23
INFO 2026-03-05 08:51:38,209 correlation 7 128139497830080 request_complete correlation_id=7d16c1ab-b35c-4a98-8159-42106a78b69d tenant_id=- user_id=- method=GET path=/ status=200 duration_ms=1.27
INFO 2026-03-05 08:52:08,253 correlation 9 128139497830080 request_complete correlation_id=255b6169-4000-4dc7-8db7-dd7dbf0d6727 tenant_id=- user_id=- method=GET path=/ status=200 duration_ms=1.29
INFO 2026-03-05 08:52:38,294 correlation 9 128139497830080 request_complete correlation_id=216e8e7a-fa26-4bbd-95ef-09b5759eb24f tenant_id=- user_id=- method=GET path=/ status=200 duration_ms=1.28
INFO 2026-03-05 08:53:08,337 correlation 7 128139497830080 request_complete correlation_id=858d1e0c-73f2-456a-aaff-416fd42e5836 tenant_id=- user_id=- method=GET path=/ status=200 duration_ms=1.32
INFO 2026-03-05 08:53:38,376 correlation 9 128139497830080 request_complete correlation_id=12493ede-86d9-4670-b3b4-8bfbb3a6b0ba tenant_id=- user_id=- method=GET path=/ status=200 duration_ms=1.49
INFO 2026-03-05 08:54:08,414 correlation 9 128139497830080 request_complete correlation_id=5f1cd9d5-f81b-4fdc-ae41-d48e32d44091 tenant_id=- user_id=- method=GET path=/ status=200 duration_ms=1.34
INFO 2026-03-05 08:54:38,456 correlation 8 128139497830080 request_complete correlation_id=89dfcee0-39fc-41e7-a4ea-fedf2205ef90 tenant_id=- user_id=- method=GET path=/ status=200 duration_ms=1.28
INFO 2026-03-05 08:55:08,500 correlation 7 128139497830080 request_complete correlation_id=05752c58-7eb6-44db-a870-ebb114b041a7 tenant_id=- user_id=- method=GET path=/ status=200 duration_ms=1.23
INFO 2026-03-05 08:55:38,537 correlation 8 128139497830080 request_complete correlation_id=88fbd092-85aa-47e0-96ca-d3835a063052 tenant_id=- user_id=- method=GET path=/ status=200 duration_ms=1.45
INFO 2026-03-05 08:56:08,572 correlation 9 128139497830080 request_complete correlation_id=550a65e2-0a5e-46c4-acaa-44bb5dc6571b tenant_id=- user_id=- method=GET path=/ status=200 duration_ms=1.33
INFO 2026-03-05 08:56:38,607 correlation 8 128139497830080 request_complete correlation_id=b7ea02c3-c3d2-4573-b0ac-4f6b4dab9c9b tenant_id=- user_id=- method=GET path=/ status=200 duration_ms=1.28
INFO 2026-03-05 08:57:08,648 correlation 7 128139497830080 request_complete correlation_id=5fd83df2-456c-4ee9-a11d-ad9de4f3670a tenant_id=- user_id=- method=GET path=/ status=200 duration_ms=1.21
INFO 2026-03-05 08:57:38,686 correlation 9 128139497830080 request_complete correlation_id=d4c1cd70-777e-4115-a4e1-ad18b384caec tenant_id=- user_id=- method=GET path=/ status=200 duration_ms=1.32
INFO 2026-03-05 08:58:08,731 correlation 8 128139497830080 request_complete correlation_id=203b8e80-ec9b-443a-a514-30f4959379f2 tenant_id=- user_id=- method=GET path=/ status=200 duration_ms=1.24
INFO 2026-03-05 08:58:38,776 correlation 7 128139497830080 request_complete correlation_id=45b5d2ac-e064-4bf0-b516-34a597555093 tenant_id=- user_id=- method=GET path=/ status=200 duration_ms=1.28
INFO 2026-03-05 08:59:08,818 correlation 7 128139497830080 request_complete correlation_id=fdc363be-af6f-4533-a048-24e36c7156d4 tenant_id=- user_id=- method=GET path=/ status=200 duration_ms=1.28
INFO 2026-03-05 08:59:38,856 correlation 8 128139497830080 request_complete correlation_id=501c4a31-9854-45da-94e6-d6673e076259 tenant_id=- user_id=- method=GET path=/ status=200 duration_ms=1.29
INFO 2026-03-05 09:00:08,890 correlation 8 128139497830080 request_complete correlation_id=e7321af4-3754-4108-bce5-19b4fa8a6540 tenant_id=- user_id=- method=GET path=/ status=200 duration_ms=1.26
INFO 2026-03-05 09:00:38,935 correlation 9 128139497830080 request_complete correlation_id=688f3123-38de-414a-8ffc-f331e208247d tenant_id=- user_id=- method=GET path=/ status=200 duration_ms=1.27
INFO 2026-03-05 09:01:08,977 correlation 9 128139497830080 request_complete correlation_id=54562f0a-4b1e-463a-8ed2-ec55bb937754 tenant_id=- user_id=- method=GET path=/ status=200 duration_ms=1.32
INFO 2026-03-05 09:01:39,014 correlation 9 128139497830080 request_complete correlation_id=d2781ae2-ed04-4b54-81f6-a8af56460911 tenant_id=- user_id=- method=GET path=/ status=200 duration_ms=1.24
INFO 2026-03-05 09:02:09,054 correlation 9 128139497830080 request_complete correlation_id=4568b8a8-71dc-4f30-bd2d-05c4113f76fd tenant_id=- user_id=- method=GET path=/ status=200 duration_ms=1.27
INFO 2026-03-05 09:02:39,097 correlation 9 128139497830080 request_complete correlation_id=55985b78-df6e-4de8-9853-25afdcffe68b tenant_id=- user_id=- method=GET path=/ status=200 duration_ms=1.29
INFO 2026-03-05 09:03:09,137 correlation 8 128139497830080 request_complete correlation_id=3c36262b-a3bb-4014-86d0-bd5980574419 tenant_id=- user_id=- method=GET path=/ status=200 duration_ms=1.26
INFO 2026-03-05 09:03:39,178 correlation 9 128139497830080 request_complete correlation_id=ee0bebef-90a9-4fe9-9c0a-8dc9e97050fc tenant_id=- user_id=- method=GET path=/ status=200 duration_ms=1.48
INFO 2026-03-05 09:04:09,215 correlation 9 128139497830080 request_complete correlation_id=eca61f09-75d1-4d0b-96a2-091001e8821c tenant_id=- user_id=- method=GET path=/ status=200 duration_ms=1.22
INFO 2026-03-05 09:04:39,253 correlation 9 128139497830080 request_complete correlation_id=23732e94-08b0-4d3c-8636-7865287fb3d0 tenant_id=- user_id=- method=GET path=/ status=200 duration_ms=1.22
INFO 2026-03-05 09:05:09,296 correlation 9 128139497830080 request_complete correlation_id=47077650-f828-4a6a-8321-9281b8a09381 tenant_id=- user_id=- method=GET path=/ status=200 duration_ms=1.26
INFO 2026-03-05 09:05:39,334 correlation 9 128139497830080 request_complete correlation_id=de2471f0-e01d-4bd1-a072-83efd25f530e tenant_id=- user_id=- method=GET path=/ status=200 duration_ms=1.47
INFO 2026-03-05 09:06:09,376 correlation 9 128139497830080 request_complete correlation_id=b29bc846-c420-4eb9-a94d-5109a02471b1 tenant_id=- user_id=- method=GET path=/ status=200 duration_ms=1.22
INFO 2026-03-05 09:06:39,418 correlation 9 128139497830080 request_complete correlation_id=45e31aa5-4089-4b12-8d03-64e24ca06b3c tenant_id=- user_id=- method=GET path=/ status=200 duration_ms=1.22
INFO 2026-03-05 09:07:09,456 correlation 8 128139497830080 request_complete correlation_id=71f8863c-2ad9-401d-9c37-a1bef11d9f82 tenant_id=- user_id=- method=GET path=/ status=200 duration_ms=1.22
INFO 2026-03-05 09:07:39,493 correlation 9 128139497830080 request_complete correlation_id=5c0f0a06-6189-42bb-b978-ba696f740975 tenant_id=- user_id=- method=GET path=/ status=200 duration_ms=1.27
INFO 2026-03-05 09:08:09,537 correlation 8 128139497830080 request_complete correlation_id=7e5da1de-643e-417d-aa76-ea6c871274dc tenant_id=- user_id=- method=GET path=/ status=200 duration_ms=1.23
INFO 2026-03-05 09:08:39,578 correlation 8 128139497830080 request_complete correlation_id=bf1df033-575c-40b8-bce2-387412f1cfc6 tenant_id=- user_id=- method=GET path=/ status=200 duration_ms=1.22
INFO 2026-03-05 09:09:09,616 correlation 9 128139497830080 request_complete correlation_id=1fecddd4-405a-4a9e-8f7e-7a45bd579360 tenant_id=- user_id=- method=GET path=/ status=200 duration_ms=1.3
INFO 2026-03-05 09:09:39,652 correlation 9 128139497830080 request_complete correlation_id=6383258e-1934-4b74-8398-6fa828803922 tenant_id=- user_id=- method=GET path=/ status=200 duration_ms=1.28
INFO 2026-03-05 09:10:09,697 correlation 8 128139497830080 request_complete correlation_id=7d613ccd-7384-47e8-b6fa-3efa7bbb1b5a tenant_id=- user_id=- method=GET path=/ status=200 duration_ms=1.45
INFO 2026-03-05 09:10:39,732 correlation 9 128139497830080 request_complete correlation_id=a84f1dae-d13d-44d1-b123-aaaa5337133f tenant_id=- user_id=- method=GET path=/ status=200 duration_ms=1.3
INFO 2026-03-05 09:11:09,770 correlation 8 128139497830080 request_complete correlation_id=7776b5b6-e608-4d2f-9d6b-9391e55481d1 tenant_id=- user_id=- method=GET path=/ status=200 duration_ms=1.22
INFO 2026-03-05 09:11:39,813 correlation 8 128139497830080 request_complete correlation_id=0d411148-e40b-4394-94b8-3af77566251b tenant_id=- user_id=- method=GET path=/ status=200 duration_ms=1.21
INFO 2026-03-05 09:12:09,847 correlation 8 128139497830080 request_complete correlation_id=973d8b1b-79a3-484b-b227-48a02880671b tenant_id=- user_id=- method=GET path=/ status=200 duration_ms=1.25
INFO 2026-03-05 09:12:39,908 correlation 7 128139497830080 request_complete correlation_id=ef606da2-803e-42bf-b7a8-6abf95d040b2 tenant_id=- user_id=- method=GET path=/ status=200 duration_ms=23.33
INFO 2026-03-05 09:13:09,946 correlation 8 128139497830080 request_complete correlation_id=479c2b3e-3c39-4eca-9e3c-3f582ab09f23 tenant_id=- user_id=- method=GET path=/ status=200 duration_ms=1.5
INFO 2026-03-05 09:13:39,983 correlation 7 128139497830080 request_complete correlation_id=6932c8cd-cc8f-40a2-8232-9b6aa5213873 tenant_id=- user_id=- method=GET path=/ status=200 duration_ms=1.27
INFO 2026-03-05 09:14:10,024 correlation 8 128139497830080 request_complete correlation_id=93f9290a-e97b-48cb-b67f-62b3920f00de tenant_id=- user_id=- method=GET path=/ status=200 duration_ms=1.23
INFO 2026-03-05 09:14:40,061 correlation 7 128139497830080 request_complete correlation_id=9c64c3d4-93d6-4347-bb76-d69d66334660 tenant_id=- user_id=- method=GET path=/ status=200 duration_ms=1.29
INFO 2026-03-05 09:15:10,098 correlation 7 128139497830080 request_complete correlation_id=4c56c430-1885-4faa-a7b9-36c9d2833b4b tenant_id=- user_id=- method=GET path=/ status=200 duration_ms=1.45
INFO 2026-03-05 09:15:40,136 correlation 7 128139497830080 request_complete correlation_id=0a3ecb72-edc1-45b0-93e5-2e0364360815 tenant_id=- user_id=- method=GET path=/ status=200 duration_ms=1.27
INFO 2026-03-05 09:16:10,177 correlation 9 128139497830080 request_complete correlation_id=a29a6de7-ca50-4acd-97f8-921f70eabfd2 tenant_id=- user_id=- method=GET path=/ status=200 duration_ms=1.23
INFO 2026-03-05 09:16:40,215 correlation 9 128139497830080 request_complete correlation_id=2fd1e530-b697-4386-9be9-84a7c63a795f tenant_id=- user_id=- method=GET path=/ status=200 duration_ms=1.24
INFO 2026-03-05 09:17:10,258 correlation 9 128139497830080 request_complete correlation_id=73ec3516-67b4-427e-b312-d2408bbfe000 tenant_id=- user_id=- method=GET path=/ status=200 duration_ms=2.12
INFO 2026-03-05 09:17:40,308 correlation 7 128139497830080 request_complete correlation_id=926f79df-f151-4000-9bc1-40e822d7e4e1 tenant_id=- user_id=- method=GET path=/ status=200 duration_ms=1.86
INFO 2026-03-05 09:18:10,354 correlation 8 128139497830080 request_complete correlation_id=bcd73a7a-4b70-4875-b882-9f20a564f203 tenant_id=- user_id=- method=GET path=/ status=200 duration_ms=1.75
INFO 2026-03-05 09:18:40,399 correlation 7 128139497830080 request_complete correlation_id=5a2bf12e-a3d8-4f45-be95-c80fce5462e0 tenant_id=- user_id=- method=GET path=/ status=200 duration_ms=2.64
INFO 2026-03-05 09:19:10,442 correlation 8 128139497830080 request_complete correlation_id=88815351-7aea-4f80-a448-dec08d87cb76 tenant_id=- user_id=- method=GET path=/ status=200 duration_ms=1.74
INFO 2026-03-05 09:19:40,494 correlation 8 128139497830080 request_complete correlation_id=f718ad72-3966-4b4c-b59c-60bd6ec129d9 tenant_id=- user_id=- method=GET path=/ status=200 duration_ms=1.69
INFO 2026-03-05 09:20:10,553 correlation 9 128139497830080 request_complete correlation_id=3d2fedff-ce69-4052-b53c-30d7ebbee461 tenant_id=- user_id=- method=GET path=/ status=200 duration_ms=2.62
INFO 2026-03-05 09:20:40,603 correlation 9 128139497830080 request_complete correlation_id=3b237864-5d2f-4550-8e42-f2cfdd5b9712 tenant_id=- user_id=- method=GET path=/ status=200 duration_ms=1.67
INFO 2026-03-05 09:21:10,649 correlation 7 128139497830080 request_complete correlation_id=2c490b13-57f9-4940-9650-54e036b5f106 tenant_id=- user_id=- method=GET path=/ status=200 duration_ms=2.04
INFO 2026-03-05 09:21:40,698 correlation 8 128139497830080 request_complete correlation_id=b09898a3-dbe3-49d1-bdbe-15a81ea49329 tenant_id=- user_id=- method=GET path=/ status=200 duration_ms=1.84
INFO 2026-03-05 09:22:10,743 correlation 7 128139497830080 request_complete correlation_id=a6a5b434-1477-4201-8f41-94953704f9ae tenant_id=- user_id=- method=GET path=/ status=200 duration_ms=1.81
INFO 2026-03-05 09:22:40,789 correlation 9 128139497830080 request_complete correlation_id=54247c05-3f9a-4093-9549-a26a2ac61a8a tenant_id=- user_id=- method=GET path=/ status=200 duration_ms=1.8
INFO 2026-03-05 09:23:10,838 correlation 9 128139497830080 request_complete correlation_id=df95ff17-2574-44fa-8522-459254ed86e7 tenant_id=- user_id=- method=GET path=/ status=200 duration_ms=2.15
INFO 2026-03-05 09:23:40,882 correlation 9 128139497830080 request_complete correlation_id=2e618968-24c5-4b98-a71a-207d972c7934 tenant_id=- user_id=- method=GET path=/ status=200 duration_ms=1.8
INFO 2026-03-05 09:24:10,928 correlation 8 128139497830080 request_complete correlation_id=03bdc39c-dc9f-4cf8-81f5-0dfe8edd1b19 tenant_id=- user_id=- method=GET path=/ status=200 duration_ms=1.8
INFO 2026-03-05 09:24:40,976 correlation 9 128139497830080 request_complete correlation_id=34021cd4-606b-47c6-8432-17ad2c5aff8e tenant_id=- user_id=- method=GET path=/ status=200 duration_ms=1.82
INFO 2026-03-05 09:25:11,024 correlation 9 128139497830080 request_complete correlation_id=02a8d528-1fce-4868-b157-83409636ca65 tenant_id=- user_id=- method=GET path=/ status=200 duration_ms=1.82
INFO 2026-03-05 09:25:41,085 correlation 8 128139497830080 request_complete correlation_id=ee3ded37-f549-435a-9b70-704e90d8bc85 tenant_id=- user_id=- method=GET path=/ status=200 duration_ms=2.42
INFO 2026-03-05 09:26:11,129 correlation 8 128139497830080 request_complete correlation_id=b79db305-e206-485c-988d-14037afacd9d tenant_id=- user_id=- method=GET path=/ status=200 duration_ms=1.78
INFO 2026-03-05 09:26:41,183 correlation 8 128139497830080 request_complete correlation_id=e1b33055-9359-407f-a162-ba0e1bf4c819 tenant_id=- user_id=- method=GET path=/ status=200 duration_ms=2.13
INFO 2026-03-05 09:27:11,227 correlation 7 128139497830080 request_complete correlation_id=d1f5d53e-4f37-4d57-a9f3-79f2d1902769 tenant_id=- user_id=- method=GET path=/ status=200 duration_ms=2.06
INFO 2026-03-05 09:27:41,284 correlation 7 128139497830080 request_complete correlation_id=26a595d0-d32d-4e9e-85f9-658bb973ee5d tenant_id=- user_id=- method=GET path=/ status=200 duration_ms=1.77
INFO 2026-03-05 09:28:11,335 correlation 8 128139497830080 request_complete correlation_id=f458bb3d-58f9-4363-86f4-2a2e18472658 tenant_id=- user_id=- method=GET path=/ status=200 duration_ms=1.71
INFO 2026-03-05 09:28:41,385 correlation 9 128139497830080 request_complete correlation_id=fcf21dc5-7e07-47cf-8033-7c06c59b941e tenant_id=- user_id=- method=GET path=/ status=200 duration_ms=1.68
INFO 2026-03-05 09:29:11,428 correlation 8 128139497830080 request_complete correlation_id=9eb5cc9c-b704-41a4-869c-33da09236389 tenant_id=- user_id=- method=GET path=/ status=200 duration_ms=1.75
INFO 2026-03-05 09:29:41,473 correlation 7 128139497830080 request_complete correlation_id=346fa601-1fda-45fd-818c-2d3c5df201d5 tenant_id=- user_id=- method=GET path=/ status=200 duration_ms=1.87
INFO 2026-03-05 09:30:11,521 correlation 9 128139497830080 request_complete correlation_id=43590c2a-dcc4-4716-8445-b657b96362d0 tenant_id=- user_id=- method=GET path=/ status=200 duration_ms=1.98
INFO 2026-03-05 09:30:41,569 correlation 9 128139497830080 request_complete correlation_id=7351e898-a22c-4312-9b70-527f62af5594 tenant_id=- user_id=- method=GET path=/ status=200 duration_ms=1.77
INFO 2026-03-05 09:31:11,612 correlation 9 128139497830080 request_complete correlation_id=238fcd69-bf9d-449f-8385-ddaafe4e66e0 tenant_id=- user_id=- method=GET path=/ status=200 duration_ms=1.72
INFO 2026-03-05 09:31:41,661 correlation 8 128139497830080 request_complete correlation_id=1e226751-c6bc-434d-9407-5e8572e5f289 tenant_id=- user_id=- method=GET path=/ status=200 duration_ms=1.81
INFO 2026-03-05 09:32:11,711 correlation 7 128139497830080 request_complete correlation_id=47874d30-767f-4316-a83f-d0d56aca54ba tenant_id=- user_id=- method=GET path=/ status=200 duration_ms=1.74
INFO 2026-03-05 09:32:41,764 correlation 9 128139497830080 request_complete correlation_id=7b5052ec-32dc-4949-9de3-af4d8c72d1f7 tenant_id=- user_id=- method=GET path=/ status=200 duration_ms=1.82
INFO 2026-03-05 09:33:11,818 correlation 9 128139497830080 request_complete correlation_id=a1c9bce2-e514-47e2-8eb3-fe27cbec808d tenant_id=- user_id=- method=GET path=/ status=200 duration_ms=2.56
INFO 2026-03-05 09:33:41,865 correlation 7 128139497830080 request_complete correlation_id=6d1ddc24-99ae-4580-8dbc-51c66e651e8d tenant_id=- user_id=- method=GET path=/ status=200 duration_ms=1.84
INFO 2026-03-05 09:34:11,916 correlation 7 128139497830080 request_complete correlation_id=cff53fe0-359c-413d-817e-da0f902df797 tenant_id=- user_id=- method=GET path=/ status=200 duration_ms=1.75
INFO 2026-03-05 09:34:41,958 correlation 9 128139497830080 request_complete correlation_id=b4ccacd2-5b47-4c28-8932-3233067500c6 tenant_id=- user_id=- method=GET path=/ status=200 duration_ms=1.67
INFO 2026-03-05 09:35:12,030 correlation 9 128139497830080 request_complete correlation_id=5fd1eb5a-d337-4916-80c4-8a426bee5305 tenant_id=- user_id=- method=GET path=/ status=200 duration_ms=2.13
INFO 2026-03-05 09:35:42,086 correlation 7 128139497830080 request_complete correlation_id=9eba80fc-fbac-470c-999b-bd7a50ad8f6f tenant_id=- user_id=- method=GET path=/ status=200 duration_ms=4.03
INFO 2026-03-05 09:36:12,133 correlation 8 128139497830080 request_complete correlation_id=72dec7ff-e989-4e7c-9c46-f8a272ca2fb3 tenant_id=- user_id=- method=GET path=/ status=200 duration_ms=2.07
INFO 2026-03-05 09:36:42,182 correlation 7 128139497830080 request_complete correlation_id=8ae9dafe-3ea2-4456-bc72-b0fb09e95cb5 tenant_id=- user_id=- method=GET path=/ status=200 duration_ms=1.75
INFO 2026-03-05 09:37:12,227 correlation 9 128139497830080 request_complete correlation_id=a706c1db-ff58-44e8-bf2e-08b31d067820 tenant_id=- user_id=- method=GET path=/ status=200 duration_ms=1.84
INFO 2026-03-05 09:37:42,281 correlation 8 128139497830080 request_complete correlation_id=d1ce031f-bbe9-4f8d-9458-b201d041e7b2 tenant_id=- user_id=- method=GET path=/ status=200 duration_ms=1.72
INFO 2026-03-05 09:38:12,328 correlation 9 128139497830080 request_complete correlation_id=4d1edc4c-c555-4dab-a4fe-735475e1fbd7 tenant_id=- user_id=- method=GET path=/ status=200 duration_ms=2.33
INFO 2026-03-05 09:38:42,377 correlation 8 128139497830080 request_complete correlation_id=fcab98cf-1bbc-43bf-bc65-5d1a2616abdb tenant_id=- user_id=- method=GET path=/ status=200 duration_ms=1.75
INFO 2026-03-05 09:39:12,434 correlation 7 128139497830080 request_complete correlation_id=24fccc7a-3e37-4974-8ad6-dda43490a138 tenant_id=- user_id=- method=GET path=/ status=200 duration_ms=3.16
INFO 2026-03-05 09:39:42,483 correlation 9 128139497830080 request_complete correlation_id=ca2a47f8-4c94-485a-ad01-53c97e4df8bd tenant_id=- user_id=- method=GET path=/ status=200 duration_ms=2.2
INFO 2026-03-05 09:40:12,530 correlation 7 128139497830080 request_complete correlation_id=2fd890ce-595a-4293-9f1f-f0ce8f31b490 tenant_id=- user_id=- method=GET path=/ status=200 duration_ms=1.72
INFO 2026-03-05 09:40:42,581 correlation 9 128139497830080 request_complete correlation_id=4d35f208-8ce5-494c-84f2-3494b7d7bab8 tenant_id=- user_id=- method=GET path=/ status=200 duration_ms=1.94
INFO 2026-03-05 09:41:12,636 correlation 9 128139497830080 request_complete correlation_id=0029e22b-a18a-4834-bc10-41ad8a4451a1 tenant_id=- user_id=- method=GET path=/ status=200 duration_ms=1.65
INFO 2026-03-05 09:41:42,686 correlation 7 128139497830080 request_complete correlation_id=d82ebfc1-7bf7-4c66-9721-055346cb24c0 tenant_id=- user_id=- method=GET path=/ status=200 duration_ms=1.72
INFO 2026-03-05 09:42:12,730 correlation 7 128139497830080 request_complete correlation_id=40a37172-c0cd-4702-96fb-eed528230c98 tenant_id=- user_id=- method=GET path=/ status=200 duration_ms=1.67
INFO 2026-03-05 09:42:42,778 correlation 7 128139497830080 request_complete correlation_id=7aa55885-ebf6-44fb-b98b-77ced2f0cefb tenant_id=- user_id=- method=GET path=/ status=200 duration_ms=1.69
INFO 2026-03-05 09:43:12,822 correlation 8 128139497830080 request_complete correlation_id=1447001d-91c9-49b1-b997-03ac9f5aed48 tenant_id=- user_id=- method=GET path=/ status=200 duration_ms=1.6
INFO 2026-03-05 09:43:42,867 correlation 9 128139497830080 request_complete correlation_id=fb10ead6-5012-4447-8a48-9a7b3fb348da tenant_id=- user_id=- method=GET path=/ status=200 duration_ms=1.66
INFO 2026-03-05 09:44:12,916 correlation 9 128139497830080 request_complete correlation_id=99bd9a8c-a9d0-4374-9c0c-6b8f3954dceb tenant_id=- user_id=- method=GET path=/ status=200 duration_ms=1.82
INFO 2026-03-05 09:44:42,960 correlation 8 128139497830080 request_complete correlation_id=9a32d77e-548d-47a3-b114-d24585d2dca3 tenant_id=- user_id=- method=GET path=/ status=200 duration_ms=1.68
INFO 2026-03-05 09:45:13,003 correlation 8 128139497830080 request_complete correlation_id=b5640a83-67e3-4aec-b2ca-ca7e765ad1db tenant_id=- user_id=- method=GET path=/ status=200 duration_ms=1.9
INFO 2026-03-05 09:45:43,059 correlation 8 128139497830080 request_complete correlation_id=15b14cbb-4224-4bb3-ae0c-1a09bc8e2ab6 tenant_id=- user_id=- method=GET path=/ status=200 duration_ms=1.71
INFO 2026-03-05 09:46:13,109 correlation 8 128139497830080 request_complete correlation_id=e78a3765-2d1d-4bc1-8ace-56a2f67afaf2 tenant_id=- user_id=- method=GET path=/ status=200 duration_ms=1.95
INFO 2026-03-05 09:46:43,154 correlation 9 128139497830080 request_complete correlation_id=7a360a60-826e-4bce-83e5-016ee53e71c7 tenant_id=- user_id=- method=GET path=/ status=200 duration_ms=2.64
INFO 2026-03-05 09:47:13,207 correlation 7 128139497830080 request_complete correlation_id=c4e95dcf-8207-4352-9b53-b2b7afe46ccb tenant_id=- user_id=- method=GET path=/ status=200 duration_ms=1.58
INFO 2026-03-05 09:47:43,252 correlation 9 128139497830080 request_complete correlation_id=98e446fc-ee93-48b6-92cb-dabee85e2266 tenant_id=- user_id=- method=GET path=/ status=200 duration_ms=1.86
INFO 2026-03-05 09:48:13,309 correlation 9 128139497830080 request_complete correlation_id=852e3b01-d538-48ab-9518-ba8b3e917001 tenant_id=- user_id=- method=GET path=/ status=200 duration_ms=1.71
INFO 2026-03-05 09:48:43,356 correlation 8 128139497830080 request_complete correlation_id=faa35652-c812-4fda-8fe3-2c66ffa871e5 tenant_id=- user_id=- method=GET path=/ status=200 duration_ms=1.6
INFO 2026-03-05 09:49:13,407 correlation 7 128139497830080 request_complete correlation_id=b7380d99-2801-44ed-a5ed-c566a4928cb1 tenant_id=- user_id=- method=GET path=/ status=200 duration_ms=1.6
INFO 2026-03-05 09:49:43,452 correlation 9 128139497830080 request_complete correlation_id=381473b5-2d17-4cbc-8457-e97eacef507f tenant_id=- user_id=- method=GET path=/ status=200 duration_ms=1.63
INFO 2026-03-05 09:50:13,502 correlation 8 128139497830080 request_complete correlation_id=23a74f50-a2db-44f0-bf44-d4011d7b8bd4 tenant_id=- user_id=- method=GET path=/ status=200 duration_ms=1.86
INFO 2026-03-05 09:50:43,545 correlation 8 128139497830080 request_complete correlation_id=bb77b712-2f41-4566-8542-3ce813965a5e tenant_id=- user_id=- method=GET path=/ status=200 duration_ms=1.68
INFO 2026-03-05 09:51:13,586 correlation 9 128139497830080 request_complete correlation_id=8393a4a7-bc8b-43a7-8a16-c57d670e9b11 tenant_id=- user_id=- method=GET path=/ status=200 duration_ms=1.9
INFO 2026-03-05 09:51:43,637 correlation 9 128139497830080 request_complete correlation_id=d1124089-9d3d-44bd-a22e-02309f95d47d tenant_id=- user_id=- method=GET path=/ status=200 duration_ms=1.75
INFO 2026-03-05 09:52:13,702 correlation 9 128139497830080 request_complete correlation_id=9fad124b-d281-4831-bfec-f9a2091afa33 tenant_id=- user_id=- method=GET path=/ status=200 duration_ms=1.89
INFO 2026-03-05 09:52:43,748 correlation 9 128139497830080 request_complete correlation_id=940349a0-531d-4230-b7d5-3fddfc8b5555 tenant_id=- user_id=- method=GET path=/ status=200 duration_ms=2.12
INFO 2026-03-05 09:53:13,794 correlation 9 128139497830080 request_complete correlation_id=8020d0ce-d0c4-4a05-900f-8fec9586f127 tenant_id=- user_id=- method=GET path=/ status=200 duration_ms=1.8
INFO 2026-03-05 09:53:43,833 correlation 8 128139497830080 request_complete correlation_id=887ff0eb-a56c-4d55-97e6-de56579c4efa tenant_id=- user_id=- method=GET path=/ status=200 duration_ms=1.64
INFO 2026-03-05 09:54:13,881 correlation 9 128139497830080 request_complete correlation_id=e0825ad6-58d9-418c-bbae-292b2901b680 tenant_id=- user_id=- method=GET path=/ status=200 duration_ms=1.59
INFO 2026-03-05 09:54:43,923 correlation 8 128139497830080 request_complete correlation_id=4b29d493-3f32-4832-9193-5e36d3f2321b tenant_id=- user_id=- method=GET path=/ status=200 duration_ms=1.62
INFO 2026-03-05 09:55:13,966 correlation 7 128139497830080 request_complete correlation_id=10218505-4d46-4a1b-8a90-e6655a2abb70 tenant_id=- user_id=- method=GET path=/ status=200 duration_ms=1.76
INFO 2026-03-05 09:55:44,007 correlation 7 128139497830080 request_complete correlation_id=e19689c7-d5bc-4344-af91-67d69ebf9df7 tenant_id=- user_id=- method=GET path=/ status=200 duration_ms=1.61
INFO 2026-03-05 09:56:14,055 correlation 9 128139497830080 request_complete correlation_id=077382ae-d6c9-4a4d-9e70-ffe5fb0df787 tenant_id=- user_id=- method=GET path=/ status=200 duration_ms=1.55
INFO 2026-03-05 09:56:44,095 correlation 7 128139497830080 request_complete correlation_id=935993a4-07fa-4e82-bc0c-fcba86fa88f7 tenant_id=- user_id=- method=GET path=/ status=200 duration_ms=1.57
INFO 2026-03-05 09:57:14,138 correlation 9 128139497830080 request_complete correlation_id=441007c4-12ac-403b-aabd-b1243e88c87a tenant_id=- user_id=- method=GET path=/ status=200 duration_ms=1.66
INFO 2026-03-05 09:57:44,187 correlation 7 128139497830080 request_complete correlation_id=38459955-6790-494d-af66-77ea03c9b999 tenant_id=- user_id=- method=GET path=/ status=200 duration_ms=1.61
INFO 2026-03-05 09:58:14,233 correlation 8 128139497830080 request_complete correlation_id=bbf47229-2dae-4d15-a2fb-8bfedc1b6a92 tenant_id=- user_id=- method=GET path=/ status=200 duration_ms=1.57
INFO 2026-03-05 09:58:44,279 correlation 8 128139497830080 request_complete correlation_id=ed455e42-612b-4218-996c-4e3cc9325057 tenant_id=- user_id=- method=GET path=/ status=200 duration_ms=1.7
INFO 2026-03-05 09:59:14,328 correlation 9 128139497830080 request_complete correlation_id=bf19b508-9937-4243-938c-db190330ef1a tenant_id=- user_id=- method=GET path=/ status=200 duration_ms=1.58
INFO 2026-03-05 09:59:44,378 correlation 7 128139497830080 request_complete correlation_id=e89cdd16-edba-49ac-856a-715edc677cda tenant_id=- user_id=- method=GET path=/ status=200 duration_ms=1.81
INFO 2026-03-05 10:00:14,418 correlation 7 128139497830080 request_complete correlation_id=be7d1dba-5e9c-4a05-8c47-6e1f16f69a8a tenant_id=- user_id=- method=GET path=/ status=200 duration_ms=1.45
INFO 2026-03-05 10:00:44,460 correlation 8 128139497830080 request_complete correlation_id=b63852ac-0989-4cbd-8d43-1c33133df792 tenant_id=- user_id=- method=GET path=/ status=200 duration_ms=1.51
INFO 2026-03-05 10:01:14,506 correlation 9 128139497830080 request_complete correlation_id=427ed8c8-d4df-4b52-bd68-5cf5a65e4cee tenant_id=- user_id=- method=GET path=/ status=200 duration_ms=1.61
INFO 2026-03-05 10:01:44,551 correlation 7 128139497830080 request_complete correlation_id=caa32bc3-62c6-4a42-af83-5e27604cfe3d tenant_id=- user_id=- method=GET path=/ status=200 duration_ms=1.5
INFO 2026-03-05 10:02:14,597 correlation 9 128139497830080 request_complete correlation_id=64ddf829-8959-43ea-be85-cd94b3e69f54 tenant_id=- user_id=- method=GET path=/ status=200 duration_ms=1.63
INFO 2026-03-05 10:02:44,637 correlation 8 128139497830080 request_complete correlation_id=13256740-bb65-47d2-aa28-94fcba248021 tenant_id=- user_id=- method=GET path=/ status=200 duration_ms=1.59
INFO 2026-03-05 10:03:14,675 correlation 8 128139497830080 request_complete correlation_id=004f1151-a242-4611-9cc6-b46a76544dee tenant_id=- user_id=- method=GET path=/ status=200 duration_ms=1.54
INFO 2026-03-05 10:03:44,716 correlation 7 128139497830080 request_complete correlation_id=72209c81-f5ca-47ae-a186-9598dac8cec8 tenant_id=- user_id=- method=GET path=/ status=200 duration_ms=1.65
INFO 2026-03-05 10:04:14,757 correlation 8 128139497830080 request_complete correlation_id=384c6b26-64b6-47d6-b052-088e062fc6d7 tenant_id=- user_id=- method=GET path=/ status=200 duration_ms=1.81
INFO 2026-03-05 10:04:44,808 correlation 7 128139497830080 request_complete correlation_id=ec706e33-68f3-437e-a6a3-36c60afa3306 tenant_id=- user_id=- method=GET path=/ status=200 duration_ms=1.99
INFO 2026-03-05 10:05:14,847 correlation 8 128139497830080 request_complete correlation_id=80d660e9-0d79-48b4-bea0-8d1a87854324 tenant_id=- user_id=- method=GET path=/ status=200 duration_ms=1.54
INFO 2026-03-05 10:05:44,895 correlation 8 128139497830080 request_complete correlation_id=cf9a9c2e-fa73-4a87-bdb3-f48fb1455e38 tenant_id=- user_id=- method=GET path=/ status=200 duration_ms=2.01
INFO 2026-03-05 10:06:14,937 correlation 7 128139497830080 request_complete correlation_id=ede691c8-4e3c-44c9-95cd-5dec4ecf1801 tenant_id=- user_id=- method=GET path=/ status=200 duration_ms=1.42
INFO 2026-03-05 10:06:44,987 correlation 9 128139497830080 request_complete correlation_id=5558dd88-c6ff-4fe9-91fc-9bcd19cb59b7 tenant_id=- user_id=- method=GET path=/ status=200 duration_ms=2.45
INFO 2026-03-05 10:07:15,036 correlation 8 128139497830080 request_complete correlation_id=ed2aa673-4475-4dc1-a31b-7965fba00619 tenant_id=- user_id=- method=GET path=/ status=200 duration_ms=1.52
INFO 2026-03-05 10:07:45,077 correlation 8 128139497830080 request_complete correlation_id=a028934f-2a6a-4e63-b3d4-a8c18ed8c768 tenant_id=- user_id=- method=GET path=/ status=200 duration_ms=1.5
INFO 2026-03-05 10:08:15,118 correlation 8 128139497830080 request_complete correlation_id=9e45c4d4-10d7-415c-a3b3-508febccf890 tenant_id=- user_id=- method=GET path=/ status=200 duration_ms=2.01
INFO 2026-03-05 10:08:45,168 correlation 7 128139497830080 request_complete correlation_id=4a4183a3-f41b-4b14-9f47-802f7939477d tenant_id=- user_id=- method=GET path=/ status=200 duration_ms=1.6
INFO 2026-03-05 10:09:15,209 correlation 9 128139497830080 request_complete correlation_id=ba134de4-7ff6-40ff-ac88-ec5cf3b89598 tenant_id=- user_id=- method=GET path=/ status=200 duration_ms=1.47
INFO 2026-03-05 10:09:45,253 correlation 9 128139497830080 request_complete correlation_id=3ba3c6fe-539a-4d03-af54-12b57a7704e2 tenant_id=- user_id=- method=GET path=/ status=200 duration_ms=1.52
INFO 2026-03-05 10:10:15,291 correlation 9 128139497830080 request_complete correlation_id=e834a963-682d-4286-b66b-4630e4c43520 tenant_id=- user_id=- method=GET path=/ status=200 duration_ms=1.42
INFO 2026-03-05 10:10:45,332 correlation 7 128139497830080 request_complete correlation_id=c3500b5d-a555-45ce-8891-b2fe9759f9a6 tenant_id=- user_id=- method=GET path=/ status=200 duration_ms=1.43
INFO 2026-03-05 10:11:15,374 correlation 8 128139497830080 request_complete correlation_id=36390665-b002-4178-b1e5-bf5546f5be84 tenant_id=- user_id=- method=GET path=/ status=200 duration_ms=1.46
INFO 2026-03-05 10:11:45,410 correlation 9 128139497830080 request_complete correlation_id=4c2786d0-63cc-440b-a2e9-6f35447cb18b tenant_id=- user_id=- method=GET path=/ status=200 duration_ms=1.43
INFO 2026-03-05 10:12:15,456 correlation 9 128139497830080 request_complete correlation_id=3f9b5ebf-88a8-43ed-8da9-0f0dd38a5d09 tenant_id=- user_id=- method=GET path=/ status=200 duration_ms=1.48
INFO 2026-03-05 10:12:45,496 correlation 8 128139497830080 request_complete correlation_id=012afd2c-d61c-4abc-8912-287c29c20867 tenant_id=- user_id=- method=GET path=/ status=200 duration_ms=1.48
INFO 2026-03-05 10:13:15,539 correlation 8 128139497830080 request_complete correlation_id=49ecc3df-b392-41eb-8238-a154b6786a4a tenant_id=- user_id=- method=GET path=/ status=200 duration_ms=1.39
INFO 2026-03-05 10:13:45,581 correlation 7 128139497830080 request_complete correlation_id=d6a7f779-7192-4fcb-a89b-085f881d77da tenant_id=- user_id=- method=GET path=/ status=200 duration_ms=1.32
INFO 2026-03-05 10:14:15,619 correlation 8 128139497830080 request_complete correlation_id=6d41c13f-16bd-465a-bb9a-3a73d1b0ca72 tenant_id=- user_id=- method=GET path=/ status=200 duration_ms=1.53
INFO 2026-03-05 10:14:45,657 correlation 9 128139497830080 request_complete correlation_id=e21cb7b9-743c-433f-929b-9da4b392ecce tenant_id=- user_id=- method=GET path=/ status=200 duration_ms=1.54
INFO 2026-03-05 10:15:15,702 correlation 7 128139497830080 request_complete correlation_id=875bfefb-3362-452a-86a5-c059c14836dd tenant_id=- user_id=- method=GET path=/ status=200 duration_ms=1.55
INFO 2026-03-05 10:15:45,740 correlation 8 128139497830080 request_complete correlation_id=6717fa90-63f7-4403-bae9-dfd9168b52fd tenant_id=- user_id=- method=GET path=/ status=200 duration_ms=1.3
INFO 2026-03-05 10:16:15,784 correlation 8 128139497830080 request_complete correlation_id=3986f707-5cb6-466d-8566-46de6e81d917 tenant_id=- user_id=- method=GET path=/ status=200 duration_ms=1.35
INFO 2026-03-05 10:16:45,823 correlation 7 128139497830080 request_complete correlation_id=73940dd1-67c6-4ba2-83b7-15901c6ca829 tenant_id=- user_id=- method=GET path=/ status=200 duration_ms=1.38
INFO 2026-03-05 10:17:15,861 correlation 7 128139497830080 request_complete correlation_id=2ae64f4b-b916-49ed-917d-611bcc8a07bc tenant_id=- user_id=- method=GET path=/ status=200 duration_ms=1.33
INFO 2026-03-05 10:17:45,906 correlation 8 128139497830080 request_complete correlation_id=6bee38c7-dc66-42f9-96d1-8ad3103ab152 tenant_id=- user_id=- method=GET path=/ status=200 duration_ms=1.41
INFO 2026-03-05 10:18:15,944 correlation 8 128139497830080 request_complete correlation_id=df2f8121-b111-4cd0-9e0e-793949afda60 tenant_id=- user_id=- method=GET path=/ status=200 duration_ms=1.5
INFO 2026-03-05 10:18:45,980 correlation 9 128139497830080 request_complete correlation_id=2979d379-4a2e-44e1-93d7-9e76ec076650 tenant_id=- user_id=- method=GET path=/ status=200 duration_ms=1.37
INFO 2026-03-05 10:19:16,031 correlation 8 128139497830080 request_complete correlation_id=73a9a180-2d36-44a9-8bfa-74f8e4d0133c tenant_id=- user_id=- method=GET path=/ status=200 duration_ms=1.44
INFO 2026-03-05 10:19:46,069 correlation 9 128139497830080 request_complete correlation_id=54e4236a-8dae-49c5-ae38-d340dce71bfa tenant_id=- user_id=- method=GET path=/ status=200 duration_ms=1.65
INFO 2026-03-05 10:20:16,115 correlation 8 128139497830080 request_complete correlation_id=7b58da3d-91d6-4bbf-b375-056f1677f2af tenant_id=- user_id=- method=GET path=/ status=200 duration_ms=1.53
INFO 2026-03-05 10:20:46,153 correlation 9 128139497830080 request_complete correlation_id=70fe800d-675b-4ed8-a4fc-63cbce81e3fc tenant_id=- user_id=- method=GET path=/ status=200 duration_ms=1.28
INFO 2026-03-05 10:21:16,187 correlation 7 128139497830080 request_complete correlation_id=94d354cd-e1b5-4686-9f39-2b195ead40d1 tenant_id=- user_id=- method=GET path=/ status=200 duration_ms=1.53
INFO 2026-03-05 10:21:46,226 correlation 8 128139497830080 request_complete correlation_id=33756409-b074-4dee-bbe3-02b3c2e9b615 tenant_id=- user_id=- method=GET path=/ status=200 duration_ms=1.27
INFO 2026-03-05 10:22:16,260 correlation 8 128139497830080 request_complete correlation_id=29957c61-ee49-4c38-a088-973ad6e61f3a tenant_id=- user_id=- method=GET path=/ status=200 duration_ms=1.54
INFO 2026-03-05 10:22:46,297 correlation 7 128139497830080 request_complete correlation_id=9d504f22-8ce8-4384-ac44-d6979631f7ee tenant_id=- user_id=- method=GET path=/ status=200 duration_ms=1.46
INFO 2026-03-05 10:23:16,333 correlation 9 128139497830080 request_complete correlation_id=97228a18-2f73-48d3-924f-27d76ae652e2 tenant_id=- user_id=- method=GET path=/ status=200 duration_ms=1.5
INFO 2026-03-05 10:23:46,381 correlation 9 128139497830080 request_complete correlation_id=f4db562c-8a44-479f-91e6-0a0de63170ca tenant_id=- user_id=- method=GET path=/ status=200 duration_ms=1.32
INFO 2026-03-05 10:24:16,418 correlation 8 128139497830080 request_complete correlation_id=db1ce26e-3b10-4694-9e4b-266056c80738 tenant_id=- user_id=- method=GET path=/ status=200 duration_ms=1.27
INFO 2026-03-05 10:24:46,453 correlation 7 128139497830080 request_complete correlation_id=e864645e-da99-4a57-adf1-7292c07da0c0 tenant_id=- user_id=- method=GET path=/ status=200 duration_ms=1.35
INFO 2026-03-05 10:25:16,491 correlation 7 128139497830080 request_complete correlation_id=5171e9a5-7197-4098-aefa-5fd89fcb4ab8 tenant_id=- user_id=- method=GET path=/ status=200 duration_ms=1.33
INFO 2026-03-05 10:25:46,530 correlation 7 128139497830080 request_complete correlation_id=d4c8e9bf-6d99-41d4-a189-922e78e95af2 tenant_id=- user_id=- method=GET path=/ status=200 duration_ms=1.28
INFO 2026-03-05 10:26:16,568 correlation 7 128139497830080 request_complete correlation_id=454d2fd7-21f7-4c8c-98d0-f825b230fdeb tenant_id=- user_id=- method=GET path=/ status=200 duration_ms=1.26
INFO 2026-03-05 10:26:46,606 correlation 7 128139497830080 request_complete correlation_id=43964a6c-d7f1-47e9-99e6-16900586c4c5 tenant_id=- user_id=- method=GET path=/ status=200 duration_ms=1.85
INFO 2026-03-05 10:27:16,648 correlation 7 128139497830080 request_complete correlation_id=749c3d16-821c-424c-976c-427693abf0e8 tenant_id=- user_id=- method=GET path=/ status=200 duration_ms=1.3
INFO 2026-03-05 10:27:46,688 correlation 7 128139497830080 request_complete correlation_id=4d77b1af-d675-4013-a7e5-ea3e7ed103cb tenant_id=- user_id=- method=GET path=/ status=200 duration_ms=1.26
INFO 2026-03-05 10:28:16,731 correlation 7 128139497830080 request_complete correlation_id=7ba4d621-9b7d-4350-b79a-560cef64722b tenant_id=- user_id=- method=GET path=/ status=200 duration_ms=1.28
INFO 2026-03-05 10:28:46,770 correlation 8 128139497830080 request_complete correlation_id=9bdbc270-87c9-4352-9214-2192b3e0cfa3 tenant_id=- user_id=- method=GET path=/ status=200 duration_ms=1.26
INFO 2026-03-05 10:29:16,813 correlation 8 128139497830080 request_complete correlation_id=19f06574-535f-4bd7-be9d-379647a999ab tenant_id=- user_id=- method=GET path=/ status=200 duration_ms=1.29
INFO 2026-03-05 10:29:46,848 correlation 8 128139497830080 request_complete correlation_id=4f086c17-3e1c-435b-b444-ec056bb80362 tenant_id=- user_id=- method=GET path=/ status=200 duration_ms=1.28
INFO 2026-03-05 10:30:16,891 correlation 9 128139497830080 request_complete correlation_id=a1c6e1f8-ced1-46f7-b99b-3f6b7cbc495c tenant_id=- user_id=- method=GET path=/ status=200 duration_ms=1.24
INFO 2026-03-05 10:30:46,931 correlation 7 128139497830080 request_complete correlation_id=8b9fe3db-672d-4c98-b597-2b5a5075484c tenant_id=- user_id=- method=GET path=/ status=200 duration_ms=1.57
INFO 2026-03-05 10:31:16,971 correlation 8 128139497830080 request_complete correlation_id=9bdcd9e5-a6a9-407e-ac95-05a1804f797b tenant_id=- user_id=- method=GET path=/ status=200 duration_ms=1.25
INFO 2026-03-05 10:31:47,017 correlation 8 128139497830080 request_complete correlation_id=efe6e19b-8a22-4479-b985-0b88c5084622 tenant_id=- user_id=- method=GET path=/ status=200 duration_ms=1.26
INFO 2026-03-05 10:32:17,058 correlation 8 128139497830080 request_complete correlation_id=45ac9194-2b42-4c39-bdc0-a8a760b99578 tenant_id=- user_id=- method=GET path=/ status=200 duration_ms=1.28
INFO 2026-03-05 10:32:47,096 correlation 8 128139497830080 request_complete correlation_id=ac045975-0007-4505-a019-f96a2e723a52 tenant_id=- user_id=- method=GET path=/ status=200 duration_ms=2.09
INFO 2026-03-05 10:33:17,134 correlation 7 128139497830080 request_complete correlation_id=075c588a-c731-48e9-a505-5854a2a03708 tenant_id=- user_id=- method=GET path=/ status=200 duration_ms=1.31
INFO 2026-03-05 10:33:47,171 correlation 9 128139497830080 request_complete correlation_id=0d6132a8-eb0a-49cd-aaf0-313d5b5466ce tenant_id=- user_id=- method=GET path=/ status=200 duration_ms=1.27
INFO 2026-03-05 10:34:17,214 correlation 9 128139497830080 request_complete correlation_id=a5c2eb5d-c42b-430a-aed7-9dd4f4fd981d tenant_id=- user_id=- method=GET path=/ status=200 duration_ms=1.25
INFO 2026-03-05 10:34:47,251 correlation 8 128139497830080 request_complete correlation_id=e0a48ef0-b6ec-46d1-934d-48e15d80b4d4 tenant_id=- user_id=- method=GET path=/ status=200 duration_ms=1.45
INFO 2026-03-05 10:35:17,293 correlation 8 128139497830080 request_complete correlation_id=46834d45-d845-4f5e-885b-8ae02c2ebea0 tenant_id=- user_id=- method=GET path=/ status=200 duration_ms=1.28
INFO 2026-03-05 10:35:47,338 correlation 9 128139497830080 request_complete correlation_id=af77a92f-9c9f-46bc-8601-20ee1eba8bc4 tenant_id=- user_id=- method=GET path=/ status=200 duration_ms=1.26
INFO 2026-03-05 10:36:17,373 correlation 7 128139497830080 request_complete correlation_id=557b693a-48b9-4c29-a8b4-7404b9288383 tenant_id=- user_id=- method=GET path=/ status=200 duration_ms=1.32
INFO 2026-03-05 10:36:47,414 correlation 7 128139497830080 request_complete correlation_id=4ef6cdf9-855e-4fb9-a1c3-84cb5bbedcb2 tenant_id=- user_id=- method=GET path=/ status=200 duration_ms=1.26
INFO 2026-03-05 10:37:17,451 correlation 9 128139497830080 request_complete correlation_id=0a87603d-0dc6-44d7-ac6f-6be52d8f30ea tenant_id=- user_id=- method=GET path=/ status=200 duration_ms=1.29
INFO 2026-03-05 10:37:47,487 correlation 9 128139497830080 request_complete correlation_id=b01a7929-463e-45e4-8645-e92b355df9b5 tenant_id=- user_id=- method=GET path=/ status=200 duration_ms=1.31
INFO 2026-03-05 10:38:17,523 correlation 8 128139497830080 request_complete correlation_id=a0459390-f2f8-4eef-bc58-2c6e3704b49b tenant_id=- user_id=- method=GET path=/ status=200 duration_ms=1.29
INFO 2026-03-05 10:38:47,565 correlation 9 128139497830080 request_complete correlation_id=2f52f7f7-5320-44ee-a118-b351d9871394 tenant_id=- user_id=- method=GET path=/ status=200 duration_ms=1.32
INFO 2026-03-05 10:39:17,606 correlation 7 128139497830080 request_complete correlation_id=eeeb52ea-fddd-428d-8487-45298f8388d9 tenant_id=- user_id=- method=GET path=/ status=200 duration_ms=1.47
INFO 2026-03-05 10:39:47,646 correlation 7 128139497830080 request_complete correlation_id=2d1e6bb8-ef1b-4622-b033-de94360c1734 tenant_id=- user_id=- method=GET path=/ status=200 duration_ms=1.29
INFO 2026-03-05 10:40:17,691 correlation 7 128139497830080 request_complete correlation_id=959ce541-a778-45ba-990f-e5324bd2b12d tenant_id=- user_id=- method=GET path=/ status=200 duration_ms=1.28
INFO 2026-03-05 10:40:47,734 correlation 9 128139497830080 request_complete correlation_id=151c0717-4242-41f7-abad-6c5eeae6f5d3 tenant_id=- user_id=- method=GET path=/ status=200 duration_ms=1.41
INFO 2026-03-05 10:41:17,776 correlation 7 128139497830080 request_complete correlation_id=f248cd67-5073-44e5-a7d5-975eb3e1d09a tenant_id=- user_id=- method=GET path=/ status=200 duration_ms=1.3
INFO 2026-03-05 10:41:47,815 correlation 7 128139497830080 request_complete correlation_id=3faff1b4-ca24-415d-80ee-67fb8c14a9db tenant_id=- user_id=- method=GET path=/ status=200 duration_ms=1.22
INFO 2026-03-05 10:42:17,853 correlation 7 128139497830080 request_complete correlation_id=136e359b-f93f-4a70-b30a-21343f52d773 tenant_id=- user_id=- method=GET path=/ status=200 duration_ms=1.5
INFO 2026-03-05 10:42:47,891 correlation 8 128139497830080 request_complete correlation_id=204f4f52-02b5-4edf-9c15-f19304f869bd tenant_id=- user_id=- method=GET path=/ status=200 duration_ms=1.29
INFO 2026-03-05 10:43:17,929 correlation 8 128139497830080 request_complete correlation_id=a76dff92-9ef2-426c-b66f-37f22d76468c tenant_id=- user_id=- method=GET path=/ status=200 duration_ms=1.66
INFO 2026-03-05 10:43:47,970 correlation 8 128139497830080 request_complete correlation_id=df983bd7-fea1-4019-8f70-3e2ca2c8d849 tenant_id=- user_id=- method=GET path=/ status=200 duration_ms=1.27
INFO 2026-03-05 10:44:18,008 correlation 8 128139497830080 request_complete correlation_id=c524512f-b2d9-457e-89b0-bd38291e8e73 tenant_id=- user_id=- method=GET path=/ status=200 duration_ms=1.48
INFO 2026-03-05 10:44:48,049 correlation 9 128139497830080 request_complete correlation_id=a292b384-cd45-42b4-b4ff-e7a4260d53e4 tenant_id=- user_id=- method=GET path=/ status=200 duration_ms=1.24
INFO 2026-03-05 10:45:18,087 correlation 8 128139497830080 request_complete correlation_id=66be8590-b617-40e5-8ebf-3cbe676257be tenant_id=- user_id=- method=GET path=/ status=200 duration_ms=1.33
INFO 2026-03-05 10:45:48,125 correlation 7 128139497830080 request_complete correlation_id=ed1063d1-bb35-461d-812b-07c89fa5150d tenant_id=- user_id=- method=GET path=/ status=200 duration_ms=1.28
INFO 2026-03-05 10:46:18,163 correlation 8 128139497830080 request_complete correlation_id=8344a1c2-2bda-4da1-af06-eb56773e3ce2 tenant_id=- user_id=- method=GET path=/ status=200 duration_ms=1.32
INFO 2026-03-05 10:46:48,201 correlation 7 128139497830080 request_complete correlation_id=a1338d04-e735-4824-ba1d-a31a6d15d156 tenant_id=- user_id=- method=GET path=/ status=200 duration_ms=1.25
INFO 2026-03-05 10:47:18,238 correlation 9 128139497830080 request_complete correlation_id=2b2e94be-3d9e-4f36-b54a-e0fd3a0d487c tenant_id=- user_id=- method=GET path=/ status=200 duration_ms=1.26
INFO 2026-03-05 10:47:48,274 correlation 8 128139497830080 request_complete correlation_id=3d89fdc0-6958-48f5-8465-97b124fb7b2e tenant_id=- user_id=- method=GET path=/ status=200 duration_ms=1.29
INFO 2026-03-05 10:48:18,313 correlation 9 128139497830080 request_complete correlation_id=f8db5404-0720-40d6-936e-47dc106ef10b tenant_id=- user_id=- method=GET path=/ status=200 duration_ms=1.22
INFO 2026-03-05 10:48:48,355 correlation 9 128139497830080 request_complete correlation_id=0a70f0e0-128b-47e0-b708-309e9ea9fdc9 tenant_id=- user_id=- method=GET path=/ status=200 duration_ms=1.49
INFO 2026-03-05 10:49:18,397 correlation 9 128139497830080 request_complete correlation_id=2cd8585e-db46-494a-8f51-c64f9ea9e29d tenant_id=- user_id=- method=GET path=/ status=200 duration_ms=1.25
INFO 2026-03-05 10:49:48,437 correlation 9 128139497830080 request_complete correlation_id=2178adf4-c78b-458f-a462-9efa1cac87cf tenant_id=- user_id=- method=GET path=/ status=200 duration_ms=1.3
INFO 2026-03-05 10:50:18,477 correlation 8 128139497830080 request_complete correlation_id=ae5b9c3f-bb40-4c1c-a288-023d2baa6a80 tenant_id=- user_id=- method=GET path=/ status=200 duration_ms=1.38
INFO 2026-03-05 10:50:48,515 correlation 8 128139497830080 request_complete correlation_id=d8250fed-1b8e-4ce1-8e39-5244b8e28195 tenant_id=- user_id=- method=GET path=/ status=200 duration_ms=1.3
INFO 2026-03-05 10:51:18,559 correlation 7 128139497830080 request_complete correlation_id=4451183e-67ee-4e54-9f92-47597043325a tenant_id=- user_id=- method=GET path=/ status=200 duration_ms=1.24
INFO 2026-03-05 10:51:48,603 correlation 7 128139497830080 request_complete correlation_id=f562de54-1ace-46d1-8bcf-f30443fcbf69 tenant_id=- user_id=- method=GET path=/ status=200 duration_ms=1.49
INFO 2026-03-05 10:52:18,644 correlation 7 128139497830080 request_complete correlation_id=d95cf80c-d36c-452b-a553-56e911a05e1a tenant_id=- user_id=- method=GET path=/ status=200 duration_ms=1.43
INFO 2026-03-05 10:52:48,688 correlation 8 128139497830080 request_complete correlation_id=896474d1-3115-4a88-9ccf-d45cc09125a3 tenant_id=- user_id=- method=GET path=/ status=200 duration_ms=1.26
INFO 2026-03-05 10:53:18,730 correlation 9 128139497830080 request_complete correlation_id=dbc6a636-5cae-4aef-9fcf-eed44cff0932 tenant_id=- user_id=- method=GET path=/ status=200 duration_ms=1.27
INFO 2026-03-05 10:53:48,766 correlation 9 128139497830080 request_complete correlation_id=1b953f46-5b0b-4799-b85b-c39620254598 tenant_id=- user_id=- method=GET path=/ status=200 duration_ms=1.23
INFO 2026-03-05 10:54:18,811 correlation 8 128139497830080 request_complete correlation_id=e5e4605f-afa7-484f-88d2-279fb3d9d7f3 tenant_id=- user_id=- method=GET path=/ status=200 duration_ms=1.46
INFO 2026-03-05 10:54:48,850 correlation 7 128139497830080 request_complete correlation_id=9c80fa70-efc3-43c9-b3ab-a7664778bbca tenant_id=- user_id=- method=GET path=/ status=200 duration_ms=1.28
INFO 2026-03-05 10:55:18,888 correlation 9 128139497830080 request_complete correlation_id=a44783a5-6dcc-4912-ba54-c91ebc07dcf4 tenant_id=- user_id=- method=GET path=/ status=200 duration_ms=1.51
INFO 2026-03-05 10:55:48,926 correlation 9 128139497830080 request_complete correlation_id=dc23a0f2-7453-4319-b352-e9d9533305b1 tenant_id=- user_id=- method=GET path=/ status=200 duration_ms=1.27
INFO 2026-03-05 10:56:18,961 correlation 8 128139497830080 request_complete correlation_id=3662d35c-2068-4784-ad1b-f1c0ec283efa tenant_id=- user_id=- method=GET path=/ status=200 duration_ms=1.31
INFO 2026-03-05 10:56:49,000 correlation 8 128139497830080 request_complete correlation_id=6c58ce01-336b-4a9d-87cf-0da040440ee6 tenant_id=- user_id=- method=GET path=/ status=200 duration_ms=1.29
INFO 2026-03-05 10:57:19,043 correlation 9 128139497830080 request_complete correlation_id=585c6d5e-9002-4f14-95cb-ac4027ec0cb6 tenant_id=- user_id=- method=GET path=/ status=200 duration_ms=1.43
INFO 2026-03-05 10:57:49,079 correlation 7 128139497830080 request_complete correlation_id=1544620e-83b9-45b1-be85-9594afa45030 tenant_id=- user_id=- method=GET path=/ status=200 duration_ms=1.23
INFO 2026-03-05 10:58:19,117 correlation 9 128139497830080 request_complete correlation_id=dddf1d2e-7797-4f92-a9fc-b95d5533a34b tenant_id=- user_id=- method=GET path=/ status=200 duration_ms=1.24
INFO 2026-03-05 10:58:49,175 correlation 8 128139497830080 request_complete correlation_id=53feb35e-6192-490c-9aa9-c84d39976aa4 tenant_id=- user_id=- method=GET path=/ status=200 duration_ms=1.29
INFO 2026-03-05 10:59:19,212 correlation 9 128139497830080 request_complete correlation_id=d1f3ac46-bad7-4367-9c51-2ea64230f5c0 tenant_id=- user_id=- method=GET path=/ status=200 duration_ms=1.46
INFO 2026-03-05 10:59:49,260 correlation 7 128139497830080 request_complete correlation_id=dc0e6da9-a40b-4614-b612-d4c3a63cd420 tenant_id=- user_id=- method=GET path=/ status=200 duration_ms=1.29
INFO 2026-03-05 11:00:19,302 correlation 8 128139497830080 request_complete correlation_id=9821ab8e-5928-4717-8889-475cc6f92849 tenant_id=- user_id=- method=GET path=/ status=200 duration_ms=1.45
INFO 2026-03-05 11:00:49,345 correlation 8 128139497830080 request_complete correlation_id=f654598e-093c-4a52-a810-3f2c8b4d26d9 tenant_id=- user_id=- method=GET path=/ status=200 duration_ms=1.34
INFO 2026-03-05 11:01:19,381 correlation 9 128139497830080 request_complete correlation_id=2a6ffe55-8171-43f4-9d74-0c4f89065c84 tenant_id=- user_id=- method=GET path=/ status=200 duration_ms=1.26
INFO 2026-03-05 11:01:49,417 correlation 8 128139497830080 request_complete correlation_id=8cac7185-2cf8-4c7c-aeb5-a3bdea50e80f tenant_id=- user_id=- method=GET path=/ status=200 duration_ms=1.2
INFO 2026-03-05 11:02:19,454 correlation 7 128139497830080 request_complete correlation_id=ed432d17-6fd5-4c8c-9009-89e414e7a298 tenant_id=- user_id=- method=GET path=/ status=200 duration_ms=1.54
INFO 2026-03-05 11:02:49,492 correlation 8 128139497830080 request_complete correlation_id=a5cdef84-abb4-44a5-a9be-64560e471300 tenant_id=- user_id=- method=GET path=/ status=200 duration_ms=1.3
INFO 2026-03-05 11:03:19,538 correlation 9 128139497830080 request_complete correlation_id=d713a6e6-1c45-42b7-ac8c-672456cbac49 tenant_id=- user_id=- method=GET path=/ status=200 duration_ms=1.24
INFO 2026-03-05 11:03:49,577 correlation 8 128139497830080 request_complete correlation_id=0e2517a4-a525-4e5a-8f01-f48bfe82e8d5 tenant_id=- user_id=- method=GET path=/ status=200 duration_ms=1.27
INFO 2026-03-05 11:04:19,621 correlation 7 128139497830080 request_complete correlation_id=62fa28c1-c83f-4140-8d70-b1f9dd0c46e5 tenant_id=- user_id=- method=GET path=/ status=200 duration_ms=1.27
INFO 2026-03-05 11:04:49,666 correlation 8 128139497830080 request_complete correlation_id=f12b2c88-29a4-44e7-bcb8-4f7f68f1908e tenant_id=- user_id=- method=GET path=/ status=200 duration_ms=1.53
INFO 2026-03-05 11:05:19,706 correlation 9 128139497830080 request_complete correlation_id=310e0f37-a182-4219-b5c0-a69aeb4f11dd tenant_id=- user_id=- method=GET path=/ status=200 duration_ms=1.24
INFO 2026-03-05 11:05:49,752 correlation 9 128139497830080 request_complete correlation_id=888b23d2-15a0-4d08-810b-47eb155d2d8e tenant_id=- user_id=- method=GET path=/ status=200 duration_ms=1.27
INFO 2026-03-05 11:06:19,791 correlation 7 128139497830080 request_complete correlation_id=a941e492-4d15-4b15-b948-90b934ef5470 tenant_id=- user_id=- method=GET path=/ status=200 duration_ms=1.31
INFO 2026-03-05 11:06:49,834 correlation 8 128139497830080 request_complete correlation_id=fe6d7daf-5d40-4fae-a72a-4c2a1fb8f9fb tenant_id=- user_id=- method=GET path=/ status=200 duration_ms=1.24
INFO 2026-03-05 11:07:19,871 correlation 7 128139497830080 request_complete correlation_id=2f426226-fc7c-4110-860f-2a5a78b9b527 tenant_id=- user_id=- method=GET path=/ status=200 duration_ms=1.26
INFO 2026-03-05 11:07:49,910 correlation 9 128139497830080 request_complete correlation_id=50e749e0-6542-4796-a28e-afa382701a0c tenant_id=- user_id=- method=GET path=/ status=200 duration_ms=1.59
INFO 2026-03-05 11:08:19,946 correlation 8 128139497830080 request_complete correlation_id=bc16fdac-4369-48ae-ac7d-4005d44dd886 tenant_id=- user_id=- method=GET path=/ status=200 duration_ms=1.23
INFO 2026-03-05 11:08:49,983 correlation 9 128139497830080 request_complete correlation_id=b5a0f870-5bf2-4684-a4dc-b56dd7c3e911 tenant_id=- user_id=- method=GET path=/ status=200 duration_ms=1.3
INFO 2026-03-05 11:09:20,021 correlation 8 128139497830080 request_complete correlation_id=7719d183-354e-4237-8bee-c49d7618d46d tenant_id=- user_id=- method=GET path=/ status=200 duration_ms=1.32
INFO 2026-03-05 11:09:50,059 correlation 7 128139497830080 request_complete correlation_id=e16c86e5-00c6-48dc-a31c-f68c7af2795c tenant_id=- user_id=- method=GET path=/ status=200 duration_ms=1.52
INFO 2026-03-05 11:10:20,096 correlation 7 128139497830080 request_complete correlation_id=4678129e-ceca-49ef-980a-c00b9f8dd4a1 tenant_id=- user_id=- method=GET path=/ status=200 duration_ms=1.23
INFO 2026-03-05 11:10:50,132 correlation 9 128139497830080 request_complete correlation_id=7a2d9895-0fba-4c21-82c5-e4c84968b763 tenant_id=- user_id=- method=GET path=/ status=200 duration_ms=1.3
INFO 2026-03-05 11:11:20,173 correlation 9 128139497830080 request_complete correlation_id=8aa89412-163a-4f0f-bf10-dc9221355155 tenant_id=- user_id=- method=GET path=/ status=200 duration_ms=1.27
INFO 2026-03-05 11:11:50,215 correlation 9 128139497830080 request_complete correlation_id=c4a28a1e-1023-40e1-be60-e02b0302f11d tenant_id=- user_id=- method=GET path=/ status=200 duration_ms=1.51
INFO 2026-03-05 11:12:20,256 correlation 9 128139497830080 request_complete correlation_id=3d3c6c94-05ad-4889-8bcd-3aedc2117801 tenant_id=- user_id=- method=GET path=/ status=200 duration_ms=1.32
INFO 2026-03-05 11:12:50,294 correlation 7 128139497830080 request_complete correlation_id=5bcde9eb-51b9-4232-9bd2-9ab8a49d5c9a tenant_id=- user_id=- method=GET path=/ status=200 duration_ms=1.29
INFO 2026-03-05 11:13:20,330 correlation 8 128139497830080 request_complete correlation_id=9e627cd6-25e2-48dc-b137-6cdb51af69a4 tenant_id=- user_id=- method=GET path=/ status=200 duration_ms=1.49
INFO 2026-03-05 11:13:50,366 correlation 7 128139497830080 request_complete correlation_id=2c3b9e46-9292-4992-9c7a-95d4fc93e34c tenant_id=- user_id=- method=GET path=/ status=200 duration_ms=1.28
INFO 2026-03-05 11:14:20,409 correlation 7 128139497830080 request_complete correlation_id=05d98822-423e-474f-90c9-499daef0b460 tenant_id=- user_id=- method=GET path=/ status=200 duration_ms=1.23
INFO 2026-03-05 11:14:50,448 correlation 9 128139497830080 request_complete correlation_id=dec4efc1-91bc-43ea-b293-9159762885d1 tenant_id=- user_id=- method=GET path=/ status=200 duration_ms=1.31
INFO 2026-03-05 11:15:20,486 correlation 7 128139497830080 request_complete correlation_id=d047912a-e45c-4836-9d2f-dd484a866e0e tenant_id=- user_id=- method=GET path=/ status=200 duration_ms=1.39
INFO 2026-03-05 11:15:50,520 correlation 8 128139497830080 request_complete correlation_id=01336d4f-d99a-42ff-bcbb-34eafd245cab tenant_id=- user_id=- method=GET path=/ status=200 duration_ms=1.27
INFO 2026-03-05 11:16:20,563 correlation 8 128139497830080 request_complete correlation_id=df420a59-e16e-4e4a-8d85-c742ebcfaa4c tenant_id=- user_id=- method=GET path=/ status=200 duration_ms=1.25
INFO 2026-03-05 11:16:50,606 correlation 7 128139497830080 request_complete correlation_id=e11eb54c-59f7-48d8-935f-4a0361e07036 tenant_id=- user_id=- method=GET path=/ status=200 duration_ms=1.23
INFO 2026-03-05 11:17:20,648 correlation 8 128139497830080 request_complete correlation_id=26295113-ca5a-4b2c-8513-066b5ff39a6a tenant_id=- user_id=- method=GET path=/ status=200 duration_ms=1.27
INFO 2026-03-05 11:17:50,692 correlation 8 128139497830080 request_complete correlation_id=dfbe0d28-2684-436d-9e37-f5677edb37b2 tenant_id=- user_id=- method=GET path=/ status=200 duration_ms=1.33
INFO 2026-03-05 11:18:20,729 correlation 7 128139497830080 request_complete correlation_id=49be3c0e-dc39-40ef-b2b9-cd7eba1ffad4 tenant_id=- user_id=- method=GET path=/ status=200 duration_ms=1.24
INFO 2026-03-05 11:18:50,765 correlation 8 128139497830080 request_complete correlation_id=b6a50978-67b6-4d83-ba7a-8145f8b750b0 tenant_id=- user_id=- method=GET path=/ status=200 duration_ms=1.4
INFO 2026-03-05 11:19:20,809 correlation 9 128139497830080 request_complete correlation_id=b8aa63db-10ac-48b1-bcba-a53cd049f0ba tenant_id=- user_id=- method=GET path=/ status=200 duration_ms=1.34
INFO 2026-03-05 11:19:50,847 correlation 9 128139497830080 request_complete correlation_id=96e984cf-dae7-4d89-9913-824ab86835d7 tenant_id=- user_id=- method=GET path=/ status=200 duration_ms=1.36
INFO 2026-03-05 11:20:20,890 correlation 9 128139497830080 request_complete correlation_id=a3aae8ff-e38d-4584-94c9-c2e99924c793 tenant_id=- user_id=- method=GET path=/ status=200 duration_ms=1.28
INFO 2026-03-05 11:20:50,931 correlation 9 128139497830080 request_complete correlation_id=c990e23f-0294-404b-9f5e-626e144b6b57 tenant_id=- user_id=- method=GET path=/ status=200 duration_ms=1.25
INFO 2026-03-05 11:21:20,968 correlation 9 128139497830080 request_complete correlation_id=92a64bdc-e073-4611-8d93-07551d3e9e57 tenant_id=- user_id=- method=GET path=/ status=200 duration_ms=1.23
INFO 2026-03-05 11:21:51,008 correlation 9 128139497830080 request_complete correlation_id=77b62a40-31ab-4b36-8776-ae2e40288898 tenant_id=- user_id=- method=GET path=/ status=200 duration_ms=1.32
INFO 2026-03-05 11:22:21,050 correlation 8 128139497830080 request_complete correlation_id=a247d3da-a52c-4b88-bde0-916005a55d58 tenant_id=- user_id=- method=GET path=/ status=200 duration_ms=1.31
INFO 2026-03-05 11:22:51,092 correlation 8 128139497830080 request_complete correlation_id=82530ee0-b119-4f76-8ad6-bbf558c233e8 tenant_id=- user_id=- method=GET path=/ status=200 duration_ms=1.34
INFO 2026-03-05 11:23:21,131 correlation 7 128139497830080 request_complete correlation_id=279331ce-a5d2-40e9-b69c-8d2b2278152e tenant_id=- user_id=- method=GET path=/ status=200 duration_ms=1.31
INFO 2026-03-05 11:23:51,174 correlation 8 128139497830080 request_complete correlation_id=1d7b4432-3011-43cc-b9bb-b4cdc3409da8 tenant_id=- user_id=- method=GET path=/ status=200 duration_ms=1.27
INFO 2026-03-05 11:24:21,212 correlation 8 128139497830080 request_complete correlation_id=a60e515d-141c-4937-be93-85f0a6bedea0 tenant_id=- user_id=- method=GET path=/ status=200 duration_ms=1.45
INFO 2026-03-05 11:24:51,249 correlation 7 128139497830080 request_complete correlation_id=520d4cc6-d370-425d-aaa6-e24650860771 tenant_id=- user_id=- method=GET path=/ status=200 duration_ms=1.48
INFO 2026-03-05 11:25:21,287 correlation 8 128139497830080 request_complete correlation_id=570d0f5e-9256-4aa0-9184-ccc058a18938 tenant_id=- user_id=- method=GET path=/ status=200 duration_ms=1.23
INFO 2026-03-05 11:25:51,332 correlation 9 128139497830080 request_complete correlation_id=5b8c49f3-c87b-4d25-bb2d-6224e6ed0348 tenant_id=- user_id=- method=GET path=/ status=200 duration_ms=1.49
INFO 2026-03-05 11:26:21,372 correlation 8 128139497830080 request_complete correlation_id=de91a0b4-13a4-4aa5-b6fd-57239d2dff30 tenant_id=- user_id=- method=GET path=/ status=200 duration_ms=1.26
INFO 2026-03-05 11:26:51,411 correlation 7 128139497830080 request_complete correlation_id=0d49d6fa-bb36-48cb-8ccb-ab7040059daa tenant_id=- user_id=- method=GET path=/ status=200 duration_ms=1.22
INFO 2026-03-05 11:27:21,451 correlation 7 128139497830080 request_complete correlation_id=1da42930-766d-40ef-bc14-8bec630f1171 tenant_id=- user_id=- method=GET path=/ status=200 duration_ms=1.24
INFO 2026-03-05 11:27:51,490 correlation 8 128139497830080 request_complete correlation_id=22907403-ce2a-4e4b-8467-4c3709b90222 tenant_id=- user_id=- method=GET path=/ status=200 duration_ms=1.31
INFO 2026-03-05 11:28:21,526 correlation 9 128139497830080 request_complete correlation_id=c97b178c-d1ab-453f-9af6-db202c435973 tenant_id=- user_id=- method=GET path=/ status=200 duration_ms=1.26
INFO 2026-03-05 11:28:51,560 correlation 8 128139497830080 request_complete correlation_id=b8a5fac1-6b87-494d-8cc8-915ec0652704 tenant_id=- user_id=- method=GET path=/ status=200 duration_ms=1.47
INFO 2026-03-05 11:29:21,605 correlation 9 128139497830080 request_complete correlation_id=88552ded-b148-415c-946a-5f8b13afa9aa tenant_id=- user_id=- method=GET path=/ status=200 duration_ms=1.25
INFO 2026-03-05 11:29:51,641 correlation 7 128139497830080 request_complete correlation_id=3c984916-ec54-4b70-9e1b-d7dd1fe18094 tenant_id=- user_id=- method=GET path=/ status=200 duration_ms=1.23
INFO 2026-03-05 11:30:21,678 correlation 9 128139497830080 request_complete correlation_id=1de3ee2e-f1cf-4ac2-bfe6-54b1367c7296 tenant_id=- user_id=- method=GET path=/ status=200 duration_ms=1.31
INFO 2026-03-05 11:30:51,719 correlation 8 128139497830080 request_complete correlation_id=73ed4a46-024c-4b43-aa96-4c38ce86b9d6 tenant_id=- user_id=- method=GET path=/ status=200 duration_ms=1.31
INFO 2026-03-05 11:31:21,757 correlation 8 128139497830080 request_complete correlation_id=30f8ebb5-975e-4f55-9537-8b1618d9f428 tenant_id=- user_id=- method=GET path=/ status=200 duration_ms=1.33
INFO 2026-03-05 11:31:51,801 correlation 8 128139497830080 request_complete correlation_id=f5e226dc-9d81-4760-9b9c-4a93ede2d352 tenant_id=- user_id=- method=GET path=/ status=200 duration_ms=1.28
INFO 2026-03-05 11:32:21,839 correlation 9 128139497830080 request_complete correlation_id=5e3cc3d7-0fb9-4075-93e4-fdafb70ad8ba tenant_id=- user_id=- method=GET path=/ status=200 duration_ms=1.57
INFO 2026-03-05 11:32:51,880 correlation 8 128139497830080 request_complete correlation_id=a5f68c72-f853-4646-bd5a-d05060a9b9e1 tenant_id=- user_id=- method=GET path=/ status=200 duration_ms=1.19
INFO 2026-03-05 11:33:21,924 correlation 8 128139497830080 request_complete correlation_id=61d72205-183b-47b5-a804-279a4652f289 tenant_id=- user_id=- method=GET path=/ status=200 duration_ms=1.5
INFO 2026-03-05 11:33:51,966 correlation 9 128139497830080 request_complete correlation_id=1af93fcb-5f21-4ccc-b280-c48b484d8b9c tenant_id=- user_id=- method=GET path=/ status=200 duration_ms=1.28
INFO 2026-03-05 11:34:22,004 correlation 8 128139497830080 request_complete correlation_id=a381937d-e7ef-4385-84a3-16d52f875e36 tenant_id=- user_id=- method=GET path=/ status=200 duration_ms=1.27
INFO 2026-03-05 11:34:52,042 correlation 9 128139497830080 request_complete correlation_id=41e676c5-67c8-4665-acfa-74218675fcab tenant_id=- user_id=- method=GET path=/ status=200 duration_ms=1.3
INFO 2026-03-05 11:35:22,086 correlation 8 128139497830080 request_complete correlation_id=9430592b-36ad-4904-b657-80bb4e2b9c68 tenant_id=- user_id=- method=GET path=/ status=200 duration_ms=1.27
INFO 2026-03-05 11:35:52,129 correlation 7 128139497830080 request_complete correlation_id=bede7739-3ba1-43fd-9c04-2f3fce0bd9a5 tenant_id=- user_id=- method=GET path=/ status=200 duration_ms=1.41
INFO 2026-03-05 11:36:22,167 correlation 9 128139497830080 request_complete correlation_id=1fa96f3d-ed9f-4b98-af7c-f856b739b360 tenant_id=- user_id=- method=GET path=/ status=200 duration_ms=1.27
INFO 2026-03-05 11:36:52,210 correlation 8 128139497830080 request_complete correlation_id=3cbaa39e-123d-4b64-88fb-ca2db5b3da85 tenant_id=- user_id=- method=GET path=/ status=200 duration_ms=1.27
INFO 2026-03-05 11:37:22,249 correlation 9 128139497830080 request_complete correlation_id=864b20f4-b390-4f0a-91f7-e438e94480d7 tenant_id=- user_id=- method=GET path=/ status=200 duration_ms=1.44
INFO 2026-03-05 11:37:52,287 correlation 7 128139497830080 request_complete correlation_id=ac7fd27b-a818-499f-a422-c24df2dc1ed7 tenant_id=- user_id=- method=GET path=/ status=200 duration_ms=1.32
INFO 2026-03-05 11:38:22,331 correlation 7 128139497830080 request_complete correlation_id=8b454374-6249-440c-b102-289398d3ef54 tenant_id=- user_id=- method=GET path=/ status=200 duration_ms=1.23
INFO 2026-03-05 11:38:52,369 correlation 8 128139497830080 request_complete correlation_id=3c66d182-e9f7-4a27-b791-7197d664f2fc tenant_id=- user_id=- method=GET path=/ status=200 duration_ms=1.47
INFO 2026-03-05 11:39:22,406 correlation 9 128139497830080 request_complete correlation_id=1a0c5095-d1d9-4a81-86db-78d2f4653cae tenant_id=- user_id=- method=GET path=/ status=200 duration_ms=1.51
INFO 2026-03-05 11:39:52,442 correlation 9 128139497830080 request_complete correlation_id=3f4b8d19-d56e-4701-911e-a03b02e64ab7 tenant_id=- user_id=- method=GET path=/ status=200 duration_ms=1.36
INFO 2026-03-05 11:40:22,485 correlation 9 128139497830080 request_complete correlation_id=f62d7ea5-7425-42fb-8ce0-4ae6f73247ab tenant_id=- user_id=- method=GET path=/ status=200 duration_ms=1.32
INFO 2026-03-05 11:40:52,523 correlation 9 128139497830080 request_complete correlation_id=9e5686ad-b9ec-483f-8acd-8499d98cefa6 tenant_id=- user_id=- method=GET path=/ status=200 duration_ms=1.29
INFO 2026-03-05 11:41:22,563 correlation 9 128139497830080 request_complete correlation_id=6ab3261e-64dd-4f83-9c58-3bdbdb20a9b1 tenant_id=- user_id=- method=GET path=/ status=200 duration_ms=1.47
INFO 2026-03-05 11:41:52,603 correlation 7 128139497830080 request_complete correlation_id=fd82f7fe-bd07-4940-a373-b40261af3f66 tenant_id=- user_id=- method=GET path=/ status=200 duration_ms=1.33
INFO 2026-03-05 11:42:22,641 correlation 9 128139497830080 request_complete correlation_id=c1260395-b13f-4757-84ff-d6e01f0c75d0 tenant_id=- user_id=- method=GET path=/ status=200 duration_ms=1.3
INFO 2026-03-05 11:42:52,680 correlation 8 128139497830080 request_complete correlation_id=ccf15b37-a76a-4856-82e8-ae97400454e8 tenant_id=- user_id=- method=GET path=/ status=200 duration_ms=1.28
INFO 2026-03-05 11:43:22,722 correlation 8 128139497830080 request_complete correlation_id=6c880b46-aa19-4a45-b17d-b14d9453baef tenant_id=- user_id=- method=GET path=/ status=200 duration_ms=1.28
INFO 2026-03-05 11:43:52,761 correlation 9 128139497830080 request_complete correlation_id=e5009118-98bb-4440-b4ee-beb12b6aecab tenant_id=- user_id=- method=GET path=/ status=200 duration_ms=1.28
INFO 2026-03-05 11:44:22,798 correlation 9 128139497830080 request_complete correlation_id=f7b7814e-28d9-4054-b9f5-096b83ed35a4 tenant_id=- user_id=- method=GET path=/ status=200 duration_ms=1.32
INFO 2026-03-05 11:44:52,848 correlation 8 128139497830080 request_complete correlation_id=d57602ea-5e5c-4b0c-b96c-ae5359d9be7e tenant_id=- user_id=- method=GET path=/ status=200 duration_ms=1.31
INFO 2026-03-05 11:45:22,894 correlation 7 128139497830080 request_complete correlation_id=350e8110-1b0f-4c1b-81ae-a1b81c5d97aa tenant_id=- user_id=- method=GET path=/ status=200 duration_ms=1.46
INFO 2026-03-05 11:45:52,931 correlation 8 128139497830080 request_complete correlation_id=9dffa56b-bd62-4a23-943c-06bcf83f9f27 tenant_id=- user_id=- method=GET path=/ status=200 duration_ms=1.31
INFO 2026-03-05 11:46:22,972 correlation 8 128139497830080 request_complete correlation_id=ffde4ee2-8586-4409-85f5-6e66b1dd03aa tenant_id=- user_id=- method=GET path=/ status=200 duration_ms=1.28
INFO 2026-03-05 11:46:53,007 correlation 8 128139497830080 request_complete correlation_id=de1d07f0-d783-4a84-bf04-eeee91df9813 tenant_id=- user_id=- method=GET path=/ status=200 duration_ms=1.26
INFO 2026-03-05 11:47:23,044 correlation 9 128139497830080 request_complete correlation_id=08fbe6b1-60ab-41db-bc85-3de186a096ea tenant_id=- user_id=- method=GET path=/ status=200 duration_ms=1.63
INFO 2026-03-05 11:47:53,080 correlation 9 128139497830080 request_complete correlation_id=c7f3290e-eddc-4f86-be33-16ed931fb841 tenant_id=- user_id=- method=GET path=/ status=200 duration_ms=1.26
INFO 2026-03-05 11:48:23,119 correlation 9 128139497830080 request_complete correlation_id=358f8fa7-4b00-4b19-ba2d-82f2f44b70a2 tenant_id=- user_id=- method=GET path=/ status=200 duration_ms=1.27
INFO 2026-03-05 11:48:53,154 correlation 9 128139497830080 request_complete correlation_id=4a93dc0f-45a2-424b-93ab-70fb20544aef tenant_id=- user_id=- method=GET path=/ status=200 duration_ms=1.2
INFO 2026-03-05 11:49:23,196 correlation 9 128139497830080 request_complete correlation_id=33c39694-07eb-4662-8773-16d87f686a59 tenant_id=- user_id=- method=GET path=/ status=200 duration_ms=1.28
INFO 2026-03-05 11:49:53,232 correlation 8 128139497830080 request_complete correlation_id=6da4607a-6796-48d0-8fcc-490fa0b3fd35 tenant_id=- user_id=- method=GET path=/ status=200 duration_ms=1.34
INFO 2026-03-05 11:50:23,269 correlation 9 128139497830080 request_complete correlation_id=2935e0fb-e229-45e6-848e-c6d3209ee084 tenant_id=- user_id=- method=GET path=/ status=200 duration_ms=1.43
INFO 2026-03-05 11:50:53,312 correlation 9 128139497830080 request_complete correlation_id=04c59bf9-bc02-4209-b6a4-0ec2dc45744d tenant_id=- user_id=- method=GET path=/ status=200 duration_ms=1.33
INFO 2026-03-05 11:51:23,349 correlation 9 128139497830080 request_complete correlation_id=98caf4c6-df94-4f33-8b29-a6187a44f790 tenant_id=- user_id=- method=GET path=/ status=200 duration_ms=1.2
INFO 2026-03-05 11:51:53,382 correlation 9 128139497830080 request_complete correlation_id=cd2fe5f6-707f-4078-a14e-506a7205f749 tenant_id=- user_id=- method=GET path=/ status=200 duration_ms=1.28
INFO 2026-03-05 11:52:23,420 correlation 9 128139497830080 request_complete correlation_id=2793690a-5577-4a6c-ac45-4d20c19d30ec tenant_id=- user_id=- method=GET path=/ status=200 duration_ms=1.49
INFO 2026-03-05 11:52:53,461 correlation 8 128139497830080 request_complete correlation_id=1a722c31-0ebf-486b-8523-cbaa662dee7b tenant_id=- user_id=- method=GET path=/ status=200 duration_ms=1.26
INFO 2026-03-05 11:53:23,503 correlation 8 128139497830080 request_complete correlation_id=305e5056-bd13-4a1e-be2d-b995afa8f7d7 tenant_id=- user_id=- method=GET path=/ status=200 duration_ms=1.29
INFO 2026-03-05 11:53:53,541 correlation 9 128139497830080 request_complete correlation_id=bf609bfd-f50d-4449-8fa3-dca4e0fb3e2a tenant_id=- user_id=- method=GET path=/ status=200 duration_ms=1.32
INFO 2026-03-05 11:54:23,581 correlation 9 128139497830080 request_complete correlation_id=bbfba77b-28e6-43da-a4f2-6d9289b1fa82 tenant_id=- user_id=- method=GET path=/ status=200 duration_ms=1.22
INFO 2026-03-05 11:54:53,617 correlation 8 128139497830080 request_complete correlation_id=9da234fd-84f0-4d68-bad8-f8ac317429d9 tenant_id=- user_id=- method=GET path=/ status=200 duration_ms=1.25
INFO 2026-03-05 11:55:23,665 correlation 9 128139497830080 request_complete correlation_id=19e17d54-1f53-4b27-be3e-d0b4bdee7f45 tenant_id=- user_id=- method=GET path=/ status=200 duration_ms=1.23
INFO 2026-03-05 11:55:53,702 correlation 9 128139497830080 request_complete correlation_id=4200bbcc-0adc-4a86-b296-6af154adef63 tenant_id=- user_id=- method=GET path=/ status=200 duration_ms=1.36
INFO 2026-03-05 11:56:23,742 correlation 9 128139497830080 request_complete correlation_id=2db26d34-1abc-4b52-8c5d-9d0f8f186f12 tenant_id=- user_id=- method=GET path=/ status=200 duration_ms=1.52
INFO 2026-03-05 11:56:53,779 correlation 9 128139497830080 request_complete correlation_id=789b23f0-b2ef-45f0-804d-5bcc59bd10e8 tenant_id=- user_id=- method=GET path=/ status=200 duration_ms=1.38
INFO 2026-03-05 11:57:23,820 correlation 9 128139497830080 request_complete correlation_id=ed179c98-8b95-46f1-b652-dee005977e0d tenant_id=- user_id=- method=GET path=/ status=200 duration_ms=1.32
INFO 2026-03-05 12:12:40,277 correlation 8 128139497830080 request_complete correlation_id=36a43390-feec-4076-9c39-753b30ac35e4 tenant_id=- user_id=- method=GET path=/ status=200 duration_ms=1.4
INFO 2026-03-05 12:13:10,321 correlation 9 128139497830080 request_complete correlation_id=b621b0a2-fd8b-43af-889c-73e3ff0fbf24 tenant_id=- user_id=- method=GET path=/ status=200 duration_ms=1.27
INFO 2026-03-05 12:13:40,362 correlation 8 128139497830080 request_complete correlation_id=c0b53863-3cb0-49e3-953a-a46477d6ba72 tenant_id=- user_id=- method=GET path=/ status=200 duration_ms=1.49
INFO 2026-03-05 12:14:10,405 correlation 7 128139497830080 request_complete correlation_id=62b93fd6-36d0-4120-8c48-8882da51492b tenant_id=- user_id=- method=GET path=/ status=200 duration_ms=1.32
INFO 2026-03-05 12:14:40,447 correlation 7 128139497830080 request_complete correlation_id=031aa0ea-7013-4726-a8c9-6061f07fd461 tenant_id=- user_id=- method=GET path=/ status=200 duration_ms=1.32
INFO 2026-03-05 12:15:10,496 correlation 7 128139497830080 request_complete correlation_id=1c392a19-1695-4b58-8988-f0c6833e861c tenant_id=- user_id=- method=GET path=/ status=200 duration_ms=1.32
INFO 2026-03-05 12:15:40,538 correlation 8 128139497830080 request_complete correlation_id=e04c19e9-50c0-4445-946b-aeafccfa0673 tenant_id=- user_id=- method=GET path=/ status=200 duration_ms=1.58
INFO 2026-03-05 12:16:10,586 correlation 7 128139497830080 request_complete correlation_id=a76867be-5221-4e9b-8d1e-f7eab27fd075 tenant_id=- user_id=- method=GET path=/ status=200 duration_ms=1.45
INFO 2026-03-05 12:16:40,628 correlation 7 128139497830080 request_complete correlation_id=622ce72a-0ed8-4ee1-912b-615d3d1816aa tenant_id=- user_id=- method=GET path=/ status=200 duration_ms=1.27
INFO 2026-03-05 12:17:10,664 correlation 8 128139497830080 request_complete correlation_id=2ca8e1dc-e293-44e8-98ee-286a5b472350 tenant_id=- user_id=- method=GET path=/ status=200 duration_ms=1.36
INFO 2026-03-05 12:17:40,703 correlation 8 128139497830080 request_complete correlation_id=7b0d9980-8603-4345-84a4-9013dbb9036b tenant_id=- user_id=- method=GET path=/ status=200 duration_ms=1.39
INFO 2026-03-05 12:18:10,744 correlation 9 128139497830080 request_complete correlation_id=7b9185fc-f25d-4be6-af32-a61f2cf0ae39 tenant_id=- user_id=- method=GET path=/ status=200 duration_ms=1.55
INFO 2026-03-05 12:18:40,786 correlation 7 128139497830080 request_complete correlation_id=48d6c1b0-79d9-4e7a-82cb-7f7045f5139c tenant_id=- user_id=- method=GET path=/ status=200 duration_ms=1.3
INFO 2026-03-05 12:19:10,828 correlation 7 128139497830080 request_complete correlation_id=9e22eab2-1577-4ee5-b072-7029e124011d tenant_id=- user_id=- method=GET path=/ status=200 duration_ms=1.34
INFO 2026-03-05 12:19:40,870 correlation 8 128139497830080 request_complete correlation_id=3ca599a5-ca5f-4502-a482-7cc1b7066ec5 tenant_id=- user_id=- method=GET path=/ status=200 duration_ms=1.33
INFO 2026-03-05 12:20:10,911 correlation 8 128139497830080 request_complete correlation_id=00ba3f5f-4a90-407f-812e-490a9d1569be tenant_id=- user_id=- method=GET path=/ status=200 duration_ms=1.54
INFO 2026-03-05 12:20:40,950 correlation 9 128139497830080 request_complete correlation_id=4fbe9873-a06e-4556-9186-1a1d7ae31a65 tenant_id=- user_id=- method=GET path=/ status=200 duration_ms=1.35
INFO 2026-03-05 12:21:10,993 correlation 8 128139497830080 request_complete correlation_id=07badcc5-81b9-4775-a358-8027093b9a6e tenant_id=- user_id=- method=GET path=/ status=200 duration_ms=1.3
INFO 2026-03-05 12:21:41,036 correlation 7 128139497830080 request_complete correlation_id=c9b28929-06fd-4f55-9d53-327a8eaf5fbd tenant_id=- user_id=- method=GET path=/ status=200 duration_ms=1.45
INFO 2026-03-05 12:22:11,074 correlation 7 128139497830080 request_complete correlation_id=996ab0ea-fc03-427f-a7c2-fd16c9dc5013 tenant_id=- user_id=- method=GET path=/ status=200 duration_ms=1.54
INFO 2026-03-05 12:22:41,113 correlation 9 128139497830080 request_complete correlation_id=5af58624-eeb1-40dd-91c8-9126dedf7261 tenant_id=- user_id=- method=GET path=/ status=200 duration_ms=1.32
INFO 2026-03-05 12:23:11,159 correlation 7 128139497830080 request_complete correlation_id=2f858fe6-9d6f-41fc-8acb-efa105cd3ee8 tenant_id=- user_id=- method=GET path=/ status=200 duration_ms=1.33
INFO 2026-03-05 12:23:41,203 correlation 9 128139497830080 request_complete correlation_id=d4492ff3-e7a9-4fb2-82bf-905744ba78c2 tenant_id=- user_id=- method=GET path=/ status=200 duration_ms=1.38
INFO 2026-03-05 12:24:11,247 correlation 7 128139497830080 request_complete correlation_id=099cbf29-b22e-4a40-9763-afd5d03e8115 tenant_id=- user_id=- method=GET path=/ status=200 duration_ms=1.3
INFO 2026-03-05 12:24:41,290 correlation 8 128139497830080 request_complete correlation_id=0c73f034-13a7-4e7d-bac8-3a6765b33c9b tenant_id=- user_id=- method=GET path=/ status=200 duration_ms=1.28
INFO 2026-03-05 12:25:11,330 correlation 8 128139497830080 request_complete correlation_id=a8a5e3bf-11b4-4b3f-84b6-fb562690f466 tenant_id=- user_id=- method=GET path=/ status=200 duration_ms=1.31
INFO 2026-03-05 12:25:41,371 correlation 7 128139497830080 request_complete correlation_id=574732ef-a046-4188-bb33-17b7c5c12697 tenant_id=- user_id=- method=GET path=/ status=200 duration_ms=1.45
INFO 2026-03-05 12:26:11,411 correlation 8 128139497830080 request_complete correlation_id=93a9179d-4fb5-4624-96a3-87e32582e927 tenant_id=- user_id=- method=GET path=/ status=200 duration_ms=1.31
INFO 2026-03-05 12:26:41,450 correlation 9 128139497830080 request_complete correlation_id=46afff59-c114-4fc9-a627-32584ea3e40e tenant_id=- user_id=- method=GET path=/ status=200 duration_ms=1.35
INFO 2026-03-05 12:27:11,490 correlation 7 128139497830080 request_complete correlation_id=738bcbcd-3b28-44ca-8331-f007e8cc2c48 tenant_id=- user_id=- method=GET path=/ status=200 duration_ms=1.74
INFO 2026-03-05 12:27:41,533 correlation 8 128139497830080 request_complete correlation_id=42c4707f-903c-4a46-a8c1-33d6c54aaea9 tenant_id=- user_id=- method=GET path=/ status=200 duration_ms=1.57
INFO 2026-03-05 12:28:11,576 correlation 9 128139497830080 request_complete correlation_id=7b4a1819-ddde-4f23-b1fe-be77a5ec83c5 tenant_id=- user_id=- method=GET path=/ status=200 duration_ms=1.28
INFO 2026-03-05 12:28:41,613 correlation 7 128139497830080 request_complete correlation_id=aa21a408-2cb9-4eb3-a1ec-a87e7af30f4b tenant_id=- user_id=- method=GET path=/ status=200 duration_ms=1.28
INFO 2026-03-05 12:29:11,654 correlation 8 128139497830080 request_complete correlation_id=29d50f8d-a8fa-429b-8238-2ff796d82b4b tenant_id=- user_id=- method=GET path=/ status=200 duration_ms=1.28
INFO 2026-03-05 12:29:41,693 correlation 9 128139497830080 request_complete correlation_id=f9584b8e-8a56-4c59-96ea-4fb36d2271c3 tenant_id=- user_id=- method=GET path=/ status=200 duration_ms=1.4
INFO 2026-03-05 12:30:11,731 correlation 9 128139497830080 request_complete correlation_id=6257f5ba-97c4-4650-a662-8d18c6dd9c37 tenant_id=- user_id=- method=GET path=/ status=200 duration_ms=1.31
INFO 2026-03-05 12:30:41,770 correlation 7 128139497830080 request_complete correlation_id=e2614f89-98ab-4c3c-9327-cbf2829f9cf0 tenant_id=- user_id=- method=GET path=/ status=200 duration_ms=1.44
INFO 2026-03-05 12:31:11,815 correlation 7 128139497830080 request_complete correlation_id=0d03b30d-ef75-4857-bd3e-ec7b76a950f0 tenant_id=- user_id=- method=GET path=/ status=200 duration_ms=1.31
INFO 2026-03-05 12:31:41,855 correlation 8 128139497830080 request_complete correlation_id=a5c683da-c79d-4100-b13f-fbbf2bdd636f tenant_id=- user_id=- method=GET path=/ status=200 duration_ms=1.32
INFO 2026-03-05 12:32:11,892 correlation 7 128139497830080 request_complete correlation_id=646f41b6-f087-4ca0-b7e0-ad544064be81 tenant_id=- user_id=- method=GET path=/ status=200 duration_ms=1.27
INFO 2026-03-05 12:32:41,937 correlation 7 128139497830080 request_complete correlation_id=f17a6dba-09fc-448d-954a-618d51261f5e tenant_id=- user_id=- method=GET path=/ status=200 duration_ms=1.32
INFO 2026-03-05 12:33:11,984 correlation 9 128139497830080 request_complete correlation_id=5add54fb-d3a6-4d3e-8daa-aa34649e9b9d tenant_id=- user_id=- method=GET path=/ status=200 duration_ms=1.3
INFO 2026-03-05 12:33:42,026 correlation 8 128139497830080 request_complete correlation_id=89774387-58bd-4db5-b368-a67163664ebe tenant_id=- user_id=- method=GET path=/ status=200 duration_ms=1.25
INFO 2026-03-05 12:34:12,069 correlation 7 128139497830080 request_complete correlation_id=28fd6cd6-7a92-474e-8ecf-d5e672385c36 tenant_id=- user_id=- method=GET path=/ status=200 duration_ms=1.33
INFO 2026-03-05 12:34:42,118 correlation 7 128139497830080 request_complete correlation_id=181b59e9-bdbd-4e0e-b7a2-df3f21b43b11 tenant_id=- user_id=- method=GET path=/ status=200 duration_ms=1.24
INFO 2026-03-05 12:35:12,159 correlation 8 128139497830080 request_complete correlation_id=763ee547-bc12-4306-a0f4-9bbf18a3575d tenant_id=- user_id=- method=GET path=/ status=200 duration_ms=1.48
INFO 2026-03-05 12:35:42,198 correlation 7 128139497830080 request_complete correlation_id=5f144fcc-3ac3-40df-8428-a9156da98766 tenant_id=- user_id=- method=GET path=/ status=200 duration_ms=1.34
INFO 2026-03-05 12:36:12,237 correlation 9 128139497830080 request_complete correlation_id=3134e240-feb7-47d5-a699-651f27c055c4 tenant_id=- user_id=- method=GET path=/ status=200 duration_ms=1.53
INFO 2026-03-05 12:36:42,281 correlation 8 128139497830080 request_complete correlation_id=4174ffdf-2576-4888-81af-5b917904f96e tenant_id=- user_id=- method=GET path=/ status=200 duration_ms=1.3
INFO 2026-03-05 12:37:12,322 correlation 7 128139497830080 request_complete correlation_id=bd4ec308-b1c2-47be-99d1-585e008ce7f3 tenant_id=- user_id=- method=GET path=/ status=200 duration_ms=1.51
INFO 2026-03-05 12:37:42,364 correlation 8 128139497830080 request_complete correlation_id=02aea88f-6f64-420e-a5ca-eb3bb9ae28d9 tenant_id=- user_id=- method=GET path=/ status=200 duration_ms=1.33
INFO 2026-03-05 12:38:12,406 correlation 8 128139497830080 request_complete correlation_id=85987f21-918e-4f56-9a16-3593eb6446fd tenant_id=- user_id=- method=GET path=/ status=200 duration_ms=1.31
INFO 2026-03-05 12:38:42,443 correlation 8 128139497830080 request_complete correlation_id=9c722146-2337-478e-9287-65c787f95b19 tenant_id=- user_id=- method=GET path=/ status=200 duration_ms=1.31
INFO 2026-03-05 12:39:12,477 correlation 9 128139497830080 request_complete correlation_id=206c6ddf-b5a5-4cbb-a8f4-6925d42859b9 tenant_id=- user_id=- method=GET path=/ status=200 duration_ms=1.41
INFO 2026-03-05 12:39:42,521 correlation 9 128139497830080 request_complete correlation_id=f8c78b03-f983-45e6-8347-93edacd9776a tenant_id=- user_id=- method=GET path=/ status=200 duration_ms=1.25
INFO 2026-03-05 12:40:12,561 correlation 7 128139497830080 request_complete correlation_id=aebca612-cd28-4a5f-99eb-e992d19bfbd9 tenant_id=- user_id=- method=GET path=/ status=200 duration_ms=1.28
INFO 2026-03-05 12:40:42,602 correlation 7 128139497830080 request_complete correlation_id=c3a5d8f9-6cc5-446d-9bdc-9a2b899f2719 tenant_id=- user_id=- method=GET path=/ status=200 duration_ms=1.25
INFO 2026-03-05 12:41:12,638 correlation 8 128139497830080 request_complete correlation_id=6fca749f-b9ae-4f47-8826-f51ca1bd3007 tenant_id=- user_id=- method=GET path=/ status=200 duration_ms=1.26
INFO 2026-03-05 12:41:42,676 correlation 8 128139497830080 request_complete correlation_id=a03228b2-69e8-40a8-9183-a5b44e12946d tenant_id=- user_id=- method=GET path=/ status=200 duration_ms=1.24
INFO 2026-03-05 12:42:12,712 correlation 9 128139497830080 request_complete correlation_id=401d5ab3-9cdd-4cfc-ab5b-0b8869192a9c tenant_id=- user_id=- method=GET path=/ status=200 duration_ms=1.28
INFO 2026-03-05 12:42:42,757 correlation 9 128139497830080 request_complete correlation_id=a589479d-96dd-446d-9ee8-e5aa11f45ee9 tenant_id=- user_id=- method=GET path=/ status=200 duration_ms=1.47
INFO 2026-03-05 12:43:12,792 correlation 8 128139497830080 request_complete correlation_id=014a9c2e-b40b-4b83-b716-0b5dfd02a041 tenant_id=- user_id=- method=GET path=/ status=200 duration_ms=1.3
INFO 2026-03-05 12:43:42,829 correlation 7 128139497830080 request_complete correlation_id=8387b7b2-e67c-40b5-a69b-52e8d9b3372c tenant_id=- user_id=- method=GET path=/ status=200 duration_ms=1.23
INFO 2026-03-05 12:44:12,864 correlation 8 128139497830080 request_complete correlation_id=53e5ab2b-00f8-4011-8d4a-2cbb1fc2cb61 tenant_id=- user_id=- method=GET path=/ status=200 duration_ms=1.3
INFO 2026-03-05 12:44:42,903 correlation 7 128139497830080 request_complete correlation_id=4721053d-e561-45ab-abc5-f9dc13e5699a tenant_id=- user_id=- method=GET path=/ status=200 duration_ms=1.51
INFO 2026-03-05 12:45:12,939 correlation 8 128139497830080 request_complete correlation_id=a8a888cf-9db8-4b1c-9c11-cae55806df01 tenant_id=- user_id=- method=GET path=/ status=200 duration_ms=1.47
INFO 2026-03-05 12:45:42,974 correlation 9 128139497830080 request_complete correlation_id=3d895275-acb0-4060-807d-28ec53e0c6e1 tenant_id=- user_id=- method=GET path=/ status=200 duration_ms=1.35
INFO 2026-03-05 12:46:13,011 correlation 9 128139497830080 request_complete correlation_id=ce51cb37-9ca3-4863-91ed-a3345eb106df tenant_id=- user_id=- method=GET path=/ status=200 duration_ms=1.24
INFO 2026-03-05 12:46:43,053 correlation 7 128139497830080 request_complete correlation_id=3a16f89e-ce17-4037-9ed5-e72c429bff43 tenant_id=- user_id=- method=GET path=/ status=200 duration_ms=1.34
INFO 2026-03-05 12:47:13,094 correlation 8 128139497830080 request_complete correlation_id=e7c528b2-6ca8-47f6-971b-51c7d160d5d9 tenant_id=- user_id=- method=GET path=/ status=200 duration_ms=1.23
INFO 2026-03-05 12:47:43,130 correlation 7 128139497830080 request_complete correlation_id=d499726d-38bf-49f5-a08e-338694fd5567 tenant_id=- user_id=- method=GET path=/ status=200 duration_ms=1.27
INFO 2026-03-05 12:48:13,173 correlation 9 128139497830080 request_complete correlation_id=5afea694-248c-4ba0-9491-3769971fe767 tenant_id=- user_id=- method=GET path=/ status=200 duration_ms=1.25
INFO 2026-03-05 12:48:43,215 correlation 8 128139497830080 request_complete correlation_id=1151b25a-fbba-495b-9b80-6c3e92b0ab4e tenant_id=- user_id=- method=GET path=/ status=200 duration_ms=1.23
INFO 2026-03-05 12:49:13,259 correlation 8 128139497830080 request_complete correlation_id=ecd35fdd-4764-4e6a-9ced-4b31ebdebf26 tenant_id=- user_id=- method=GET path=/ status=200 duration_ms=1.26
INFO 2026-03-05 12:49:43,298 correlation 8 128139497830080 request_complete correlation_id=430cb095-a742-448a-b4c0-ac1a7ec35373 tenant_id=- user_id=- method=GET path=/ status=200 duration_ms=1.43
INFO 2026-03-05 12:50:13,338 correlation 7 128139497830080 request_complete correlation_id=a0deefd9-02f7-4f78-a2a2-9312d49ed51b tenant_id=- user_id=- method=GET path=/ status=200 duration_ms=1.27
INFO 2026-03-05 12:50:43,376 correlation 7 128139497830080 request_complete correlation_id=f5cf6214-67ff-419f-adca-cc0f6f0afb91 tenant_id=- user_id=- method=GET path=/ status=200 duration_ms=1.23
INFO 2026-03-05 12:51:13,413 correlation 8 128139497830080 request_complete correlation_id=dc2f8392-ee08-4a00-ad1e-6084d831d3d8 tenant_id=- user_id=- method=GET path=/ status=200 duration_ms=1.3
INFO 2026-03-05 12:51:43,455 correlation 9 128139497830080 request_complete correlation_id=8481be0c-9516-42e2-aae9-1e322be17d0c tenant_id=- user_id=- method=GET path=/ status=200 duration_ms=1.3
INFO 2026-03-05 12:52:13,490 correlation 8 128139497830080 request_complete correlation_id=f49455e7-723d-4eb8-b118-5ffc48010aa0 tenant_id=- user_id=- method=GET path=/ status=200 duration_ms=1.3
INFO 2026-03-05 12:52:43,528 correlation 9 128139497830080 request_complete correlation_id=72f4e100-ded9-4de6-842e-11059cbef4b1 tenant_id=- user_id=- method=GET path=/ status=200 duration_ms=1.6
INFO 2026-03-05 12:53:13,568 correlation 7 128139497830080 request_complete correlation_id=0fcf9f82-645d-404f-9bd5-99ba2af4865b tenant_id=- user_id=- method=GET path=/ status=200 duration_ms=1.47
INFO 2026-03-05 12:53:43,606 correlation 9 128139497830080 request_complete correlation_id=5a9a2a0d-4b4b-479a-8fc8-8cd2f20b6b3d tenant_id=- user_id=- method=GET path=/ status=200 duration_ms=1.33
INFO 2026-03-05 12:54:13,642 correlation 7 128139497830080 request_complete correlation_id=aa10c88b-e1a8-4335-8a78-2e1186787850 tenant_id=- user_id=- method=GET path=/ status=200 duration_ms=1.3
INFO 2026-03-05 12:54:43,682 correlation 9 128139497830080 request_complete correlation_id=8c0ba44e-d85e-4731-a588-ecfdc25cb2f6 tenant_id=- user_id=- method=GET path=/ status=200 duration_ms=1.3
INFO 2026-03-05 12:55:13,719 correlation 7 128139497830080 request_complete correlation_id=720f4640-5ee0-4a4e-bd0e-221d2452c66b tenant_id=- user_id=- method=GET path=/ status=200 duration_ms=1.27
INFO 2026-03-05 12:55:43,758 correlation 7 128139497830080 request_complete correlation_id=60f0f5f9-5d26-46e4-a664-2da5c8122125 tenant_id=- user_id=- method=GET path=/ status=200 duration_ms=1.29
INFO 2026-03-05 12:56:13,800 correlation 7 128139497830080 request_complete correlation_id=8999035a-1b6f-47fa-b3fc-7c87b37e6c6a tenant_id=- user_id=- method=GET path=/ status=200 duration_ms=1.48
INFO 2026-03-05 12:56:43,848 correlation 8 128139497830080 request_complete correlation_id=a93ef034-4097-48ec-9210-9703131e1916 tenant_id=- user_id=- method=GET path=/ status=200 duration_ms=1.25
INFO 2026-03-05 12:57:13,891 correlation 8 128139497830080 request_complete correlation_id=3f08fc11-4eec-45f1-958f-e69cc3e7b404 tenant_id=- user_id=- method=GET path=/ status=200 duration_ms=1.27
INFO 2026-03-05 12:57:43,933 correlation 8 128139497830080 request_complete correlation_id=cd5c66f0-a5f1-4657-a9f7-dff5f7c493eb tenant_id=- user_id=- method=GET path=/ status=200 duration_ms=1.46
INFO 2026-03-05 12:58:13,974 correlation 8 128139497830080 request_complete correlation_id=d9fcd7c1-ec44-40c4-892e-e31b93ac3e8a tenant_id=- user_id=- method=GET path=/ status=200 duration_ms=1.28
INFO 2026-03-05 12:58:44,011 correlation 8 128139497830080 request_complete correlation_id=36386a2e-fc7d-40b9-89dd-d1bf117132fb tenant_id=- user_id=- method=GET path=/ status=200 duration_ms=1.26
INFO 2026-03-05 12:59:14,049 correlation 8 128139497830080 request_complete correlation_id=1fc1bfd2-375a-47de-b6e8-6f5a81aea180 tenant_id=- user_id=- method=GET path=/ status=200 duration_ms=1.28
INFO 2026-03-05 12:59:44,086 correlation 8 128139497830080 request_complete correlation_id=7a93bff4-0e04-4f0b-8e1b-34919b19bbd8 tenant_id=- user_id=- method=GET path=/ status=200 duration_ms=1.51
INFO 2026-03-05 13:00:14,123 correlation 8 128139497830080 request_complete correlation_id=c6013c59-310a-40d3-8ddb-412c42e552c4 tenant_id=- user_id=- method=GET path=/ status=200 duration_ms=1.27
INFO 2026-03-05 13:00:44,160 correlation 9 128139497830080 request_complete correlation_id=e4cdcfd6-9ecf-425a-9bf5-4495827e1920 tenant_id=- user_id=- method=GET path=/ status=200 duration_ms=1.32
INFO 2026-03-05 13:01:14,199 correlation 7 128139497830080 request_complete correlation_id=2cae5b42-18ed-402f-844f-b1d6692a6260 tenant_id=- user_id=- method=GET path=/ status=200 duration_ms=1.32
INFO 2026-03-05 13:01:44,246 correlation 8 128139497830080 request_complete correlation_id=2e259685-39dc-4fd3-9f43-2a815b0537d0 tenant_id=- user_id=- method=GET path=/ status=200 duration_ms=1.28
INFO 2026-03-05 13:02:14,283 correlation 7 128139497830080 request_complete correlation_id=1ae0f1a3-2b67-4f0b-ac4d-c955c8d0a399 tenant_id=- user_id=- method=GET path=/ status=200 duration_ms=1.31
INFO 2026-03-05 13:02:44,321 correlation 9 128139497830080 request_complete correlation_id=d955d23d-0701-4815-b76f-6e6ac5e6bc50 tenant_id=- user_id=- method=GET path=/ status=200 duration_ms=1.44
INFO 2026-03-05 13:03:14,364 correlation 9 128139497830080 request_complete correlation_id=8eaf8b2a-6ab3-4e3b-a230-c8478d53b395 tenant_id=- user_id=- method=GET path=/ status=200 duration_ms=1.25
INFO 2026-03-05 13:03:44,401 correlation 9 128139497830080 request_complete correlation_id=2c8487ba-683c-4f9f-882d-f2adc23fd939 tenant_id=- user_id=- method=GET path=/ status=200 duration_ms=1.27
INFO 2026-03-05 13:04:14,437 correlation 7 128139497830080 request_complete correlation_id=f79b7227-4c41-40a1-80a5-e4f76caa7dc4 tenant_id=- user_id=- method=GET path=/ status=200 duration_ms=1.28
INFO 2026-03-05 13:04:44,474 correlation 9 128139497830080 request_complete correlation_id=33b99db2-5793-436e-92a6-afd1f7a9a511 tenant_id=- user_id=- method=GET path=/ status=200 duration_ms=1.32
INFO 2026-03-05 13:05:14,511 correlation 7 128139497830080 request_complete correlation_id=124376a7-352a-4d67-a7f4-e8f5ebfa514a tenant_id=- user_id=- method=GET path=/ status=200 duration_ms=1.28
INFO 2026-03-05 13:05:44,549 correlation 8 128139497830080 request_complete correlation_id=c67f6f62-1aff-4645-bc36-8ea4c49279c5 tenant_id=- user_id=- method=GET path=/ status=200 duration_ms=1.24
INFO 2026-03-05 13:06:14,582 correlation 8 128139497830080 request_complete correlation_id=3256201e-31fb-4039-854c-f4e64f83899a tenant_id=- user_id=- method=GET path=/ status=200 duration_ms=1.3
INFO 2026-03-05 13:06:44,621 correlation 8 128139497830080 request_complete correlation_id=5fef9a28-c2ca-4f82-a8cc-b59020c77456 tenant_id=- user_id=- method=GET path=/ status=200 duration_ms=1.26
INFO 2026-03-05 13:07:14,658 correlation 8 128139497830080 request_complete correlation_id=d9868576-cd03-4daf-85e6-ae99ef886571 tenant_id=- user_id=- method=GET path=/ status=200 duration_ms=1.29
INFO 2026-03-05 13:07:44,695 correlation 8 128139497830080 request_complete correlation_id=73a616e1-52ca-4c60-87ab-656e9985d045 tenant_id=- user_id=- method=GET path=/ status=200 duration_ms=1.31
INFO 2026-03-05 13:08:14,742 correlation 8 128139497830080 request_complete correlation_id=be221d66-f83f-4138-8d12-c3c0800e2557 tenant_id=- user_id=- method=GET path=/ status=200 duration_ms=1.29
INFO 2026-03-05 13:08:44,784 correlation 9 128139497830080 request_complete correlation_id=9cda361b-04a2-4dc2-b3cc-838041d62c1e tenant_id=- user_id=- method=GET path=/ status=200 duration_ms=1.26
INFO 2026-03-05 13:09:14,822 correlation 8 128139497830080 request_complete correlation_id=c2de896b-31d9-4ac4-a367-85faced9e58a tenant_id=- user_id=- method=GET path=/ status=200 duration_ms=1.46
INFO 2026-03-05 13:09:44,861 correlation 8 128139497830080 request_complete correlation_id=d8090f92-89e6-4581-b416-c38fd180a94c tenant_id=- user_id=- method=GET path=/ status=200 duration_ms=1.28
INFO 2026-03-05 13:10:14,897 correlation 8 128139497830080 request_complete correlation_id=dd73a16f-a9aa-4d4b-81cc-27925f53130b tenant_id=- user_id=- method=GET path=/ status=200 duration_ms=1.35
INFO 2026-03-05 13:10:44,933 correlation 9 128139497830080 request_complete correlation_id=8c84f121-58e7-4b42-8faf-8041febd8741 tenant_id=- user_id=- method=GET path=/ status=200 duration_ms=1.3
INFO 2026-03-05 13:11:14,974 correlation 8 128139497830080 request_complete correlation_id=44191a36-39ce-45ae-8761-1377286d5a31 tenant_id=- user_id=- method=GET path=/ status=200 duration_ms=1.23
INFO 2026-03-05 13:11:45,015 correlation 8 128139497830080 request_complete correlation_id=4d218661-6d2a-4e6d-9b1a-67c12565c5e8 tenant_id=- user_id=- method=GET path=/ status=200 duration_ms=1.67
INFO 2026-03-05 13:12:15,059 correlation 9 128139497830080 request_complete correlation_id=f46f7b78-43e7-454e-99c7-d1c2cefc2f40 tenant_id=- user_id=- method=GET path=/ status=200 duration_ms=1.24
INFO 2026-03-05 13:12:45,096 correlation 7 128139497830080 request_complete correlation_id=aed5c7a4-9b31-4264-a5d3-69317a991be5 tenant_id=- user_id=- method=GET path=/ status=200 duration_ms=1.25
INFO 2026-03-05 13:13:15,135 correlation 8 128139497830080 request_complete correlation_id=5f2c8e00-795a-4d72-90aa-83720727fcdc tenant_id=- user_id=- method=GET path=/ status=200 duration_ms=1.27
INFO 2026-03-05 13:13:45,172 correlation 8 128139497830080 request_complete correlation_id=3d16cd31-4757-484f-badf-9e8da05df136 tenant_id=- user_id=- method=GET path=/ status=200 duration_ms=1.3
INFO 2026-03-05 13:14:15,205 correlation 7 128139497830080 request_complete correlation_id=3ab466b4-23ed-4566-96c6-ce1ebbe92024 tenant_id=- user_id=- method=GET path=/ status=200 duration_ms=1.37
INFO 2026-03-05 13:14:45,244 correlation 7 128139497830080 request_complete correlation_id=b12af352-dcf2-4bfd-9deb-16ef5eab63df tenant_id=- user_id=- method=GET path=/ status=200 duration_ms=1.28
INFO 2026-03-05 13:15:15,281 correlation 8 128139497830080 request_complete correlation_id=c8d027d8-619c-4fd4-8596-e4c97a590eb2 tenant_id=- user_id=- method=GET path=/ status=200 duration_ms=1.32
INFO 2026-03-05 13:15:45,321 correlation 7 128139497830080 request_complete correlation_id=4861afa8-98d7-4628-8503-4939fe7bc855 tenant_id=- user_id=- method=GET path=/ status=200 duration_ms=1.23
INFO 2026-03-05 13:16:15,358 correlation 8 128139497830080 request_complete correlation_id=721779e0-d9c9-4253-bace-792d9d10ed8b tenant_id=- user_id=- method=GET path=/ status=200 duration_ms=1.35
INFO 2026-03-05 13:16:45,402 correlation 7 128139497830080 request_complete correlation_id=98fd6229-7fb1-4f27-ac3b-88d99580a35e tenant_id=- user_id=- method=GET path=/ status=200 duration_ms=1.51
INFO 2026-03-05 13:17:15,439 correlation 7 128139497830080 request_complete correlation_id=4584669b-9820-4124-8409-f6d70d450024 tenant_id=- user_id=- method=GET path=/ status=200 duration_ms=1.26
INFO 2026-03-05 13:17:45,480 correlation 9 128139497830080 request_complete correlation_id=07d7ba05-794e-487a-a38f-a07e26a51a36 tenant_id=- user_id=- method=GET path=/ status=200 duration_ms=1.23
INFO 2026-03-05 13:18:15,517 correlation 8 128139497830080 request_complete correlation_id=0b1b4f3a-7f60-4811-8749-b91b20dc6019 tenant_id=- user_id=- method=GET path=/ status=200 duration_ms=1.27
INFO 2026-03-05 13:18:45,556 correlation 7 128139497830080 request_complete correlation_id=5657a2b7-d9f1-4485-b908-47900ff0d8f7 tenant_id=- user_id=- method=GET path=/ status=200 duration_ms=1.33
INFO 2026-03-05 13:19:15,592 correlation 8 128139497830080 request_complete correlation_id=c2233a74-ec2a-478f-b93e-dd8b2cdeadcf tenant_id=- user_id=- method=GET path=/ status=200 duration_ms=1.29
INFO 2026-03-05 13:19:45,632 correlation 9 128139497830080 request_complete correlation_id=44fe14d9-c470-4b69-bcd3-6b9413ef60b8 tenant_id=- user_id=- method=GET path=/ status=200 duration_ms=1.26
INFO 2026-03-05 13:20:15,669 correlation 9 128139497830080 request_complete correlation_id=11faa4df-7c32-4e01-9d46-20b6b63cb392 tenant_id=- user_id=- method=GET path=/ status=200 duration_ms=1.24
INFO 2026-03-05 13:20:45,709 correlation 7 128139497830080 request_complete correlation_id=39a3f164-a32d-449e-ab16-82b450aab1a6 tenant_id=- user_id=- method=GET path=/ status=200 duration_ms=1.29
INFO 2026-03-05 13:21:15,752 correlation 8 128139497830080 request_complete correlation_id=20680870-e94e-4710-bebf-d826fffd5bfe tenant_id=- user_id=- method=GET path=/ status=200 duration_ms=1.27
INFO 2026-03-05 13:21:45,789 correlation 7 128139497830080 request_complete correlation_id=489a648c-6edd-4df1-a9f1-4dcf739c9323 tenant_id=- user_id=- method=GET path=/ status=200 duration_ms=1.49
INFO 2026-03-05 13:22:15,830 correlation 7 128139497830080 request_complete correlation_id=8e851890-e376-47f3-8797-7330d89eafb3 tenant_id=- user_id=- method=GET path=/ status=200 duration_ms=1.24
INFO 2026-03-05 13:22:45,868 correlation 8 128139497830080 request_complete correlation_id=5a20f844-d5ed-432b-8569-869a3ef4f89e tenant_id=- user_id=- method=GET path=/ status=200 duration_ms=1.23
INFO 2026-03-05 13:23:15,908 correlation 7 128139497830080 request_complete correlation_id=d4fcc5e3-26c1-4246-b625-a773b6fa4642 tenant_id=- user_id=- method=GET path=/ status=200 duration_ms=1.23
INFO 2026-03-05 13:23:45,950 correlation 7 128139497830080 request_complete correlation_id=6d8db638-2323-4d4d-8afe-34c5a5553089 tenant_id=- user_id=- method=GET path=/ status=200 duration_ms=1.22
INFO 2026-03-05 13:24:15,988 correlation 7 128139497830080 request_complete correlation_id=3aeb4af8-c094-4946-b5c7-0a026905b79a tenant_id=- user_id=- method=GET path=/ status=200 duration_ms=1.24
INFO 2026-03-05 13:24:46,030 correlation 8 128139497830080 request_complete correlation_id=bc2f71a2-3123-4f24-a5ce-d653a315b3dc tenant_id=- user_id=- method=GET path=/ status=200 duration_ms=1.42
INFO 2026-03-05 13:25:16,067 correlation 8 128139497830080 request_complete correlation_id=1f79a9b2-c6c7-465f-a1f7-2208709f2616 tenant_id=- user_id=- method=GET path=/ status=200 duration_ms=1.27
INFO 2026-03-05 13:25:46,109 correlation 7 128139497830080 request_complete correlation_id=e18a395a-1d8b-4678-a726-924ae507ae30 tenant_id=- user_id=- method=GET path=/ status=200 duration_ms=1.48
INFO 2026-03-05 13:26:16,146 correlation 9 128139497830080 request_complete correlation_id=ae0088e7-aecc-4de3-a64a-6ce1fb8e66ad tenant_id=- user_id=- method=GET path=/ status=200 duration_ms=1.28
INFO 2026-03-05 13:26:46,187 correlation 8 128139497830080 request_complete correlation_id=9e4b7b30-3d60-446b-b292-744c191c741c tenant_id=- user_id=- method=GET path=/ status=200 duration_ms=1.23
INFO 2026-03-05 13:27:16,222 correlation 8 128139497830080 request_complete correlation_id=b86d9a4b-338c-427c-9003-421b0f299522 tenant_id=- user_id=- method=GET path=/ status=200 duration_ms=1.26
INFO 2026-03-05 13:27:46,264 correlation 7 128139497830080 request_complete correlation_id=d5b46391-4f99-45ea-8a25-0f4453212ce0 tenant_id=- user_id=- method=GET path=/ status=200 duration_ms=1.28
INFO 2026-03-05 13:28:16,308 correlation 7 128139497830080 request_complete correlation_id=6c8c1e90-c616-4289-885c-7fa727d5e1ad tenant_id=- user_id=- method=GET path=/ status=200 duration_ms=1.32
INFO 2026-03-05 13:28:46,352 correlation 9 128139497830080 request_complete correlation_id=ffc0568c-37c6-4fcd-8747-8f4e8e112caa tenant_id=- user_id=- method=GET path=/ status=200 duration_ms=1.34
INFO 2026-03-05 13:29:16,397 correlation 9 128139497830080 request_complete correlation_id=12c03af1-01da-49fe-b1c0-e7b21e60b882 tenant_id=- user_id=- method=GET path=/ status=200 duration_ms=1.29
INFO 2026-03-05 13:29:46,437 correlation 8 128139497830080 request_complete correlation_id=e2feb951-0308-4cbd-b5c3-c1c1477d7e9e tenant_id=- user_id=- method=GET path=/ status=200 duration_ms=1.51
INFO 2026-03-05 13:30:16,477 correlation 9 128139497830080 request_complete correlation_id=c183b5ac-0c84-4590-966c-8ef9a3632ee7 tenant_id=- user_id=- method=GET path=/ status=200 duration_ms=1.58
INFO 2026-03-05 13:30:46,521 correlation 7 128139497830080 request_complete correlation_id=b14cfa50-b74e-4057-b0bf-14405a383b91 tenant_id=- user_id=- method=GET path=/ status=200 duration_ms=1.25
INFO 2026-03-05 13:31:16,566 correlation 7 128139497830080 request_complete correlation_id=1ef0811c-8172-4596-b8db-30b94b2f190d tenant_id=- user_id=- method=GET path=/ status=200 duration_ms=1.44
INFO 2026-03-05 13:31:46,600 correlation 8 128139497830080 request_complete correlation_id=f9fb03c0-0960-4a09-b92a-9bfeff04c1d1 tenant_id=- user_id=- method=GET path=/ status=200 duration_ms=1.26
INFO 2026-03-05 13:32:16,644 correlation 7 128139497830080 request_complete correlation_id=2c27a0e9-f6e2-4d09-ab93-b6c32003d9b0 tenant_id=- user_id=- method=GET path=/ status=200 duration_ms=1.3
INFO 2026-03-05 13:32:46,688 correlation 7 128139497830080 request_complete correlation_id=fda1b363-61b3-4f72-bb1a-269b8ff7dedc tenant_id=- user_id=- method=GET path=/ status=200 duration_ms=1.28
INFO 2026-03-05 13:33:16,725 correlation 9 128139497830080 request_complete correlation_id=be186f68-6e27-49e2-bdde-fa170f2c2fb1 tenant_id=- user_id=- method=GET path=/ status=200 duration_ms=1.27
INFO 2026-03-05 13:33:46,761 correlation 8 128139497830080 request_complete correlation_id=5fbcbff8-1388-470d-925d-422a1c01f81f tenant_id=- user_id=- method=GET path=/ status=200 duration_ms=1.25
INFO 2026-03-05 13:34:16,807 correlation 7 128139497830080 request_complete correlation_id=a20f841b-d1e7-4e2f-8161-89075c0dec82 tenant_id=- user_id=- method=GET path=/ status=200 duration_ms=1.28
INFO 2026-03-05 13:34:46,846 correlation 7 128139497830080 request_complete correlation_id=5932c1a9-7482-4ba8-8dc1-ea50488ea304 tenant_id=- user_id=- method=GET path=/ status=200 duration_ms=1.27
INFO 2026-03-05 13:35:16,884 correlation 9 128139497830080 request_complete correlation_id=c3da55c6-b5ac-408c-afd3-e9bbde0046f3 tenant_id=- user_id=- method=GET path=/ status=200 duration_ms=1.34
INFO 2026-03-05 13:35:46,925 correlation 7 128139497830080 request_complete correlation_id=b514c5b4-7529-49f8-9e14-462a5440d8ca tenant_id=- user_id=- method=GET path=/ status=200 duration_ms=1.25
INFO 2026-03-05 13:36:16,967 correlation 7 128139497830080 request_complete correlation_id=8003bb49-4d93-45a0-bd4a-3522da608ed0 tenant_id=- user_id=- method=GET path=/ status=200 duration_ms=1.24
INFO 2026-03-05 13:36:47,003 correlation 9 128139497830080 request_complete correlation_id=f2a73198-6dd6-4fdf-886d-7c094e404aeb tenant_id=- user_id=- method=GET path=/ status=200 duration_ms=1.3
INFO 2026-03-05 13:37:17,041 correlation 9 128139497830080 request_complete correlation_id=8e8d0c7a-72ea-4d59-9242-17f02aef536d tenant_id=- user_id=- method=GET path=/ status=200 duration_ms=1.5
INFO 2026-03-05 13:37:47,082 correlation 7 128139497830080 request_complete correlation_id=3674b390-d4c3-4328-bac7-4a3d46f9e180 tenant_id=- user_id=- method=GET path=/ status=200 duration_ms=1.24
INFO 2026-03-05 13:38:17,124 correlation 9 128139497830080 request_complete correlation_id=34cfa751-f1b1-4bf9-b820-bd054118f898 tenant_id=- user_id=- method=GET path=/ status=200 duration_ms=1.25
INFO 2026-03-05 13:38:47,168 correlation 8 128139497830080 request_complete correlation_id=a4a532f9-4b08-4ec1-a2cf-08e81f4cd0d7 tenant_id=- user_id=- method=GET path=/ status=200 duration_ms=1.29
INFO 2026-03-05 13:39:17,204 correlation 7 128139497830080 request_complete correlation_id=0bc51952-a74e-4f9f-a2f8-d81deba99fcb tenant_id=- user_id=- method=GET path=/ status=200 duration_ms=1.26
INFO 2026-03-05 13:39:47,239 correlation 7 128139497830080 request_complete correlation_id=fe9285e1-e072-4178-93b5-828172cc7ec7 tenant_id=- user_id=- method=GET path=/ status=200 duration_ms=1.31
INFO 2026-03-05 13:40:17,277 correlation 8 128139497830080 request_complete correlation_id=11e79a6b-1110-4126-bfef-6c1cf90ae1d6 tenant_id=- user_id=- method=GET path=/ status=200 duration_ms=1.27
INFO 2026-03-05 13:40:47,313 correlation 7 128139497830080 request_complete correlation_id=b57b5eef-8560-4101-9dd4-e5d4c9c29811 tenant_id=- user_id=- method=GET path=/ status=200 duration_ms=1.29
INFO 2026-03-05 13:41:17,352 correlation 8 128139497830080 request_complete correlation_id=1d49d7e5-9746-4706-aac5-d759c2c20036 tenant_id=- user_id=- method=GET path=/ status=200 duration_ms=1.46
INFO 2026-03-05 13:41:47,387 correlation 7 128139497830080 request_complete correlation_id=5dd97767-2849-420f-8f63-44f2f17f2168 tenant_id=- user_id=- method=GET path=/ status=200 duration_ms=1.25
INFO 2026-03-05 13:42:17,427 correlation 9 128139497830080 request_complete correlation_id=e66a11ca-d60a-435d-8fee-e6aef64dc2b5 tenant_id=- user_id=- method=GET path=/ status=200 duration_ms=1.39
INFO 2026-03-05 13:42:47,470 correlation 7 128139497830080 request_complete correlation_id=1a41e79a-6368-4f4b-87fa-d864f26fa802 tenant_id=- user_id=- method=GET path=/ status=200 duration_ms=1.26
INFO 2026-03-05 13:43:17,507 correlation 8 128139497830080 request_complete correlation_id=bd7d5a1f-d5c4-48c1-9048-d3e6a2dfb656 tenant_id=- user_id=- method=GET path=/ status=200 duration_ms=1.35
INFO 2026-03-05 13:43:47,544 correlation 9 128139497830080 request_complete correlation_id=96364559-d468-4928-b3f0-d3d5eba71b12 tenant_id=- user_id=- method=GET path=/ status=200 duration_ms=1.34
INFO 2026-03-05 13:44:17,585 correlation 9 128139497830080 request_complete correlation_id=8f1406e1-5440-46b4-88d5-4528b05c9756 tenant_id=- user_id=- method=GET path=/ status=200 duration_ms=1.32
INFO 2026-03-05 13:44:47,623 correlation 9 128139497830080 request_complete correlation_id=a0857170-0864-43d5-8ef2-9a739767b523 tenant_id=- user_id=- method=GET path=/ status=200 duration_ms=1.61
INFO 2026-03-05 13:45:17,655 correlation 9 128139497830080 request_complete correlation_id=808e07cb-0be4-4bf4-a1eb-7a0479a03df2 tenant_id=- user_id=- method=GET path=/ status=200 duration_ms=1.34
INFO 2026-03-05 13:45:47,693 correlation 7 128139497830080 request_complete correlation_id=bc907c23-bf0e-418d-ba13-7cf665387d2c tenant_id=- user_id=- method=GET path=/ status=200 duration_ms=1.44
INFO 2026-03-05 13:46:17,738 correlation 8 128139497830080 request_complete correlation_id=bb852a0c-d4ce-483a-ad00-8e335b6e2c17 tenant_id=- user_id=- method=GET path=/ status=200 duration_ms=1.27
INFO 2026-03-05 13:46:47,774 correlation 9 128139497830080 request_complete correlation_id=cbd6fe0a-4cda-4b1e-b8d6-b783f51a5c92 tenant_id=- user_id=- method=GET path=/ status=200 duration_ms=1.25
INFO 2026-03-05 13:47:17,815 correlation 9 128139497830080 request_complete correlation_id=9b100d61-725b-43d4-a4e9-0a6c1eef3d63 tenant_id=- user_id=- method=GET path=/ status=200 duration_ms=1.23
INFO 2026-03-05 13:47:47,856 correlation 9 128139497830080 request_complete correlation_id=87a953c6-121d-4428-8518-d57bb5a1c8d6 tenant_id=- user_id=- method=GET path=/ status=200 duration_ms=1.49
INFO 2026-03-05 13:48:17,899 correlation 9 128139497830080 request_complete correlation_id=2214b3d9-e007-4339-848a-a718bac12fa7 tenant_id=- user_id=- method=GET path=/ status=200 duration_ms=1.27
INFO 2026-03-05 13:48:47,937 correlation 9 128139497830080 request_complete correlation_id=31fcae62-ee54-4b2e-9190-1d838436f850 tenant_id=- user_id=- method=GET path=/ status=200 duration_ms=1.3
INFO 2026-03-05 13:49:17,973 correlation 8 128139497830080 request_complete correlation_id=c170276c-7a5f-49d1-8bd3-860fbe99d77a tenant_id=- user_id=- method=GET path=/ status=200 duration_ms=1.24
INFO 2026-03-05 13:49:48,011 correlation 7 128139497830080 request_complete correlation_id=41147def-a96f-42a9-bf0a-cd881e624178 tenant_id=- user_id=- method=GET path=/ status=200 duration_ms=1.27
INFO 2026-03-05 13:50:18,054 correlation 8 128139497830080 request_complete correlation_id=9eaa086a-5915-4a8b-b66b-f0a77b71d524 tenant_id=- user_id=- method=GET path=/ status=200 duration_ms=1.4
INFO 2026-03-05 13:50:48,092 correlation 7 128139497830080 request_complete correlation_id=661a52ff-efb6-48a3-9940-819012feb8f3 tenant_id=- user_id=- method=GET path=/ status=200 duration_ms=1.24
INFO 2026-03-05 13:51:18,138 correlation 9 128139497830080 request_complete correlation_id=a0695da5-d107-44ee-bdb3-2a0c9b0b058e tenant_id=- user_id=- method=GET path=/ status=200 duration_ms=1.22
INFO 2026-03-05 13:51:48,175 correlation 7 128139497830080 request_complete correlation_id=8d8af960-2d99-4a0d-bda5-038a6121db98 tenant_id=- user_id=- method=GET path=/ status=200 duration_ms=1.3
INFO 2026-03-05 13:52:18,219 correlation 8 128139497830080 request_complete correlation_id=caab40c4-2cff-49e3-af1e-707dd84351e8 tenant_id=- user_id=- method=GET path=/ status=200 duration_ms=1.26
INFO 2026-03-05 13:52:48,254 correlation 9 128139497830080 request_complete correlation_id=3f101795-7c85-485a-8038-119090bff1f4 tenant_id=- user_id=- method=GET path=/ status=200 duration_ms=1.37
INFO 2026-03-05 13:53:18,295 correlation 7 128139497830080 request_complete correlation_id=3f8a22a9-18ae-4b58-b5f7-77f0eb8d1ed2 tenant_id=- user_id=- method=GET path=/ status=200 duration_ms=1.47
INFO 2026-03-05 13:53:48,333 correlation 8 128139497830080 request_complete correlation_id=c9f4a8bd-48a9-43ec-9871-77a5389224ff tenant_id=- user_id=- method=GET path=/ status=200 duration_ms=1.23
INFO 2026-03-05 13:54:18,371 correlation 9 128139497830080 request_complete correlation_id=9c30d3cc-9bf6-48f6-9bb4-b74534646633 tenant_id=- user_id=- method=GET path=/ status=200 duration_ms=1.51
INFO 2026-03-05 13:54:48,413 correlation 8 128139497830080 request_complete correlation_id=34e1fbe5-81af-4ce0-8f99-c8f97a60e828 tenant_id=- user_id=- method=GET path=/ status=200 duration_ms=1.29
INFO 2026-03-05 13:55:18,455 correlation 7 128139497830080 request_complete correlation_id=9c00e4a2-fb34-4deb-88a3-643cb5e5469a tenant_id=- user_id=- method=GET path=/ status=200 duration_ms=1.39
INFO 2026-03-05 13:55:48,498 correlation 8 128139497830080 request_complete correlation_id=1bb4cbff-8f81-4ed4-a919-87e8997644cd tenant_id=- user_id=- method=GET path=/ status=200 duration_ms=1.3
INFO 2026-03-05 13:56:18,535 correlation 9 128139497830080 request_complete correlation_id=3181657c-681f-47eb-bb13-5cdb415d8e21 tenant_id=- user_id=- method=GET path=/ status=200 duration_ms=2.14
INFO 2026-03-05 13:56:48,577 correlation 9 128139497830080 request_complete correlation_id=c9b774b8-f109-4c5f-b49c-a09b5879fd5d tenant_id=- user_id=- method=GET path=/ status=200 duration_ms=1.23
INFO 2026-03-05 13:57:18,613 correlation 9 128139497830080 request_complete correlation_id=be6c3c1c-eedc-4262-8601-02e4b38b9ae6 tenant_id=- user_id=- method=GET path=/ status=200 duration_ms=1.31
INFO 2026-03-05 13:57:48,651 correlation 7 128139497830080 request_complete correlation_id=be9c6494-2780-466e-b58f-7b7dc5e360f8 tenant_id=- user_id=- method=GET path=/ status=200 duration_ms=1.29
INFO 2026-03-05 13:58:18,692 correlation 9 128139497830080 request_complete correlation_id=34a3af32-5372-4dbf-9afe-fbdd27b1d1d2 tenant_id=- user_id=- method=GET path=/ status=200 duration_ms=1.41
INFO 2026-03-05 13:58:48,733 correlation 9 128139497830080 request_complete correlation_id=0521de3b-2685-4f25-b599-1c2af1fc9373 tenant_id=- user_id=- method=GET path=/ status=200 duration_ms=1.26
INFO 2026-03-05 13:59:18,768 correlation 9 128139497830080 request_complete correlation_id=d59ce2ea-f563-41e8-b6c2-0f9531559ee7 tenant_id=- user_id=- method=GET path=/ status=200 duration_ms=1.34
INFO 2026-03-05 13:59:48,814 correlation 9 128139497830080 request_complete correlation_id=48f54780-d075-4342-b3f6-1327c1b63401 tenant_id=- user_id=- method=GET path=/ status=200 duration_ms=1.29
INFO 2026-03-05 14:00:18,850 correlation 7 128139497830080 request_complete correlation_id=b7cbc46d-47eb-4c0c-adc8-0c5248d91091 tenant_id=- user_id=- method=GET path=/ status=200 duration_ms=1.3
INFO 2026-03-05 14:00:48,899 correlation 8 128139497830080 request_complete correlation_id=7733aeb8-e718-45d2-aeac-ce97fb3d5196 tenant_id=- user_id=- method=GET path=/ status=200 duration_ms=2.09
INFO 2026-03-05 14:01:18,944 correlation 9 128139497830080 request_complete correlation_id=377b9836-978f-4ad3-a49a-85bedf0f0078 tenant_id=- user_id=- method=GET path=/ status=200 duration_ms=1.27
INFO 2026-03-05 14:01:48,987 correlation 8 128139497830080 request_complete correlation_id=a0292caf-f0e0-4285-8730-7ede23a9b537 tenant_id=- user_id=- method=GET path=/ status=200 duration_ms=1.25
INFO 2026-03-05 14:02:19,028 correlation 9 128139497830080 request_complete correlation_id=fbe6119a-6e7a-4658-83f5-7e0fbb5954e8 tenant_id=- user_id=- method=GET path=/ status=200 duration_ms=1.27
INFO 2026-03-05 14:02:49,066 correlation 9 128139497830080 request_complete correlation_id=071a49f7-c8cb-4fa4-854a-9669e2921bb2 tenant_id=- user_id=- method=GET path=/ status=200 duration_ms=1.26
INFO 2026-03-05 14:03:19,102 correlation 9 128139497830080 request_complete correlation_id=fe5acecb-3c46-4448-ad5b-4b52cbb2186c tenant_id=- user_id=- method=GET path=/ status=200 duration_ms=1.25
INFO 2026-03-05 14:03:49,144 correlation 9 128139497830080 request_complete correlation_id=10ca6191-271d-4727-9441-b755980b9915 tenant_id=- user_id=- method=GET path=/ status=200 duration_ms=1.28
INFO 2026-03-05 14:04:19,188 correlation 9 128139497830080 request_complete correlation_id=ab007d46-2eab-401e-95bf-ef0ed98bd512 tenant_id=- user_id=- method=GET path=/ status=200 duration_ms=1.48
INFO 2026-03-05 14:04:49,225 correlation 8 128139497830080 request_complete correlation_id=ef489eed-165e-4a75-9af1-badf7c2521a1 tenant_id=- user_id=- method=GET path=/ status=200 duration_ms=1.23
INFO 2026-03-05 14:05:19,263 correlation 7 128139497830080 request_complete correlation_id=4490584a-e674-4d53-99c3-aa68556a8a08 tenant_id=- user_id=- method=GET path=/ status=200 duration_ms=1.26
INFO 2026-03-05 14:05:49,307 correlation 9 128139497830080 request_complete correlation_id=66a25f23-61ee-4644-ac16-687ed86fc717 tenant_id=- user_id=- method=GET path=/ status=200 duration_ms=1.28
INFO 2026-03-06 05:49:51,502 correlation 9 128139497830080 request_complete correlation_id=df701190-aacc-47b4-b147-402f1de936d0 tenant_id=- user_id=- method=GET path=/ status=200 duration_ms=1.29
INFO 2026-03-06 05:50:21,544 correlation 9 128139497830080 request_complete correlation_id=60fded5b-e65a-41c5-9651-812cccaf8151 tenant_id=- user_id=- method=GET path=/ status=200 duration_ms=1.51
INFO 2026-03-06 05:50:51,589 correlation 9 128139497830080 request_complete correlation_id=c7473915-8250-4786-985b-90b4588dee80 tenant_id=- user_id=- method=GET path=/ status=200 duration_ms=1.51
INFO 2026-03-06 05:51:21,629 correlation 8 128139497830080 request_complete correlation_id=4938b272-01f1-4b0d-ae8b-8683821f3c2d tenant_id=- user_id=- method=GET path=/ status=200 duration_ms=1.34
INFO 2026-03-06 05:51:51,670 correlation 7 128139497830080 request_complete correlation_id=59c8c285-9844-4d7c-a5ba-a3e14dd26462 tenant_id=- user_id=- method=GET path=/ status=200 duration_ms=1.41
INFO 2026-03-06 05:52:21,703 correlation 9 128139497830080 request_complete correlation_id=e859ec80-e259-4bcd-a6d4-1f7022cd055e tenant_id=- user_id=- method=GET path=/ status=200 duration_ms=1.3
INFO 2026-03-06 05:52:51,739 correlation 8 128139497830080 request_complete correlation_id=ed87692d-252a-440a-8edc-2dfec45b86f0 tenant_id=- user_id=- method=GET path=/ status=200 duration_ms=1.49
INFO 2026-03-06 05:53:21,780 correlation 9 128139497830080 request_complete correlation_id=f13d280b-8e07-4913-87df-e14dae043c8e tenant_id=- user_id=- method=GET path=/ status=200 duration_ms=1.22
INFO 2026-03-06 05:53:51,817 correlation 8 128139497830080 request_complete correlation_id=81ea3942-b5a5-4253-8a63-ab66198d04f5 tenant_id=- user_id=- method=GET path=/ status=200 duration_ms=1.23
INFO 2026-03-06 05:54:21,853 correlation 9 128139497830080 request_complete correlation_id=fb279c4f-afad-49a9-acc5-31b9d04dc511 tenant_id=- user_id=- method=GET path=/ status=200 duration_ms=1.26
INFO 2026-03-06 05:54:51,888 correlation 8 128139497830080 request_complete correlation_id=9c244aab-db1f-4223-b1b5-a3427fa00fbc tenant_id=- user_id=- method=GET path=/ status=200 duration_ms=1.3
INFO 2026-03-06 05:55:21,924 correlation 7 128139497830080 request_complete correlation_id=44b71a7c-9124-4e75-a32f-c5c6a4e6a86b tenant_id=- user_id=- method=GET path=/ status=200 duration_ms=1.29
INFO 2026-03-06 05:55:51,966 correlation 7 128139497830080 request_complete correlation_id=83e09f6e-72a2-4392-8406-7a2887bb7ec8 tenant_id=- user_id=- method=GET path=/ status=200 duration_ms=1.31
INFO 2026-03-06 05:56:22,003 correlation 8 128139497830080 request_complete correlation_id=a42ec9af-c063-4737-8733-9ff2e5925457 tenant_id=- user_id=- method=GET path=/ status=200 duration_ms=1.3
INFO 2026-03-06 05:56:52,038 correlation 9 128139497830080 request_complete correlation_id=4920bd9e-fa27-47d9-98f9-aa03e6204384 tenant_id=- user_id=- method=GET path=/ status=200 duration_ms=1.28
INFO 2026-03-06 05:57:22,082 correlation 9 128139497830080 request_complete correlation_id=ce1e6ef5-2c95-4b2a-b392-e3f863e44f13 tenant_id=- user_id=- method=GET path=/ status=200 duration_ms=1.45
INFO 2026-03-06 05:57:52,121 correlation 8 128139497830080 request_complete correlation_id=e2dbf837-4818-4218-b8d7-8905adf11877 tenant_id=- user_id=- method=GET path=/ status=200 duration_ms=1.5
INFO 2026-03-06 05:58:22,158 correlation 8 128139497830080 request_complete correlation_id=2f5c755b-497f-48c6-ad11-ad9298a5dbc4 tenant_id=- user_id=- method=GET path=/ status=200 duration_ms=1.27
INFO 2026-03-06 05:58:52,202 correlation 9 128139497830080 request_complete correlation_id=1693be2d-a166-4c8e-9ffb-96396e63c646 tenant_id=- user_id=- method=GET path=/ status=200 duration_ms=1.29
INFO 2026-03-06 05:59:22,240 correlation 9 128139497830080 request_complete correlation_id=45effce3-7822-4dc9-81e1-8ebabd89ae4b tenant_id=- user_id=- method=GET path=/ status=200 duration_ms=1.26
INFO 2026-03-06 05:59:52,277 correlation 9 128139497830080 request_complete correlation_id=dca96538-4c50-49d4-a631-974dcfbcdf96 tenant_id=- user_id=- method=GET path=/ status=200 duration_ms=1.24
INFO 2026-03-06 06:00:22,314 correlation 7 128139497830080 request_complete correlation_id=ace2b8c8-11bc-44ef-9d2c-ad7a2154962a tenant_id=- user_id=- method=GET path=/ status=200 duration_ms=1.22
INFO 2026-03-06 06:00:52,356 correlation 7 128139497830080 request_complete correlation_id=3a178f27-e39d-4cd2-935e-3b9bdd73a474 tenant_id=- user_id=- method=GET path=/ status=200 duration_ms=1.51
INFO 2026-03-06 06:01:22,399 correlation 7 128139497830080 request_complete correlation_id=09aae915-1258-4f94-ab76-104eb6fecb53 tenant_id=- user_id=- method=GET path=/ status=200 duration_ms=1.2
INFO 2026-03-06 06:01:52,439 correlation 9 128139497830080 request_complete correlation_id=e678d6d1-9edf-4de2-b8dd-6582fd920d77 tenant_id=- user_id=- method=GET path=/ status=200 duration_ms=1.52
INFO 2026-03-06 06:02:22,477 correlation 8 128139497830080 request_complete correlation_id=6999d8e2-7a06-4077-a8f3-1827e3af0dd6 tenant_id=- user_id=- method=GET path=/ status=200 duration_ms=1.3
INFO 2026-03-06 06:02:52,514 correlation 7 128139497830080 request_complete correlation_id=9af96238-efe2-436f-af01-9a6dfa348a75 tenant_id=- user_id=- method=GET path=/ status=200 duration_ms=1.38
INFO 2026-03-06 06:03:22,553 correlation 9 128139497830080 request_complete correlation_id=a36b476e-0702-43eb-b71f-0bacc7463261 tenant_id=- user_id=- method=GET path=/ status=200 duration_ms=1.27
INFO 2026-03-06 06:03:52,590 correlation 9 128139497830080 request_complete correlation_id=03998086-1f9a-466c-8720-b2effefdac9a tenant_id=- user_id=- method=GET path=/ status=200 duration_ms=1.34
INFO 2026-03-06 06:04:22,628 correlation 7 128139497830080 request_complete correlation_id=f32d7934-190b-4ae9-8199-66363e166994 tenant_id=- user_id=- method=GET path=/ status=200 duration_ms=1.26
INFO 2026-03-06 06:04:52,668 correlation 7 128139497830080 request_complete correlation_id=1ce437de-105c-4e90-8b86-eb23079a1d62 tenant_id=- user_id=- method=GET path=/ status=200 duration_ms=1.35
INFO 2026-03-06 06:05:22,710 correlation 8 128139497830080 request_complete correlation_id=28f1140e-ceb8-4825-9ffa-d96d35146c92 tenant_id=- user_id=- method=GET path=/ status=200 duration_ms=1.32
INFO 2026-03-06 06:05:52,753 correlation 9 128139497830080 request_complete correlation_id=9dd06ac9-6176-4c2c-be05-1937b8cc15ee tenant_id=- user_id=- method=GET path=/ status=200 duration_ms=1.26
INFO 2026-03-06 06:06:22,792 correlation 7 128139497830080 request_complete correlation_id=f8c57225-afab-4c94-8de9-439e5f865e6f tenant_id=- user_id=- method=GET path=/ status=200 duration_ms=1.52
INFO 2026-03-06 06:06:52,827 correlation 8 128139497830080 request_complete correlation_id=13714069-bd45-48b9-aa93-c54f5f491180 tenant_id=- user_id=- method=GET path=/ status=200 duration_ms=1.27
INFO 2026-03-06 06:07:22,860 correlation 9 128139497830080 request_complete correlation_id=3a8c7cce-2d9d-4cc6-a313-b0a6bc2da967 tenant_id=- user_id=- method=GET path=/ status=200 duration_ms=1.28
INFO 2026-03-06 06:07:52,898 correlation 8 128139497830080 request_complete correlation_id=d02f655f-858d-4176-8792-fb4545fb9626 tenant_id=- user_id=- method=GET path=/ status=200 duration_ms=1.41
INFO 2026-03-06 06:08:22,935 correlation 8 128139497830080 request_complete correlation_id=53f61759-4a1e-480b-bd6b-a6aec49bf21e tenant_id=- user_id=- method=GET path=/ status=200 duration_ms=1.52
INFO 2026-03-06 06:08:52,973 correlation 8 128139497830080 request_complete correlation_id=0941a2af-b76c-4680-95e5-deb45776286f tenant_id=- user_id=- method=GET path=/ status=200 duration_ms=1.28
INFO 2026-03-06 06:09:23,008 correlation 7 128139497830080 request_complete correlation_id=fefe25cf-94f0-4fa8-814e-1ffd3bc6ab03 tenant_id=- user_id=- method=GET path=/ status=200 duration_ms=1.31
INFO 2026-03-06 06:09:53,045 correlation 8 128139497830080 request_complete correlation_id=6b30c642-5b03-4a8a-b5b9-088d37056b7d tenant_id=- user_id=- method=GET path=/ status=200 duration_ms=1.31
INFO 2026-03-06 06:10:23,088 correlation 7 128139497830080 request_complete correlation_id=a40f7eb3-3f3d-4963-99a9-05c28ec4a3ab tenant_id=- user_id=- method=GET path=/ status=200 duration_ms=1.26
INFO 2026-03-06 06:10:53,124 correlation 7 128139497830080 request_complete correlation_id=f7964106-202f-4bbf-8844-4dfbf7e11dbe tenant_id=- user_id=- method=GET path=/ status=200 duration_ms=1.32
INFO 2026-03-06 06:11:23,159 correlation 9 128139497830080 request_complete correlation_id=51f3ffc1-d66e-4587-b313-394fe39eb44b tenant_id=- user_id=- method=GET path=/ status=200 duration_ms=1.27
INFO 2026-03-06 06:11:53,209 correlation 9 128139497830080 request_complete correlation_id=1eaec97c-b351-4a08-8343-91b9e2ff0b79 tenant_id=- user_id=- method=GET path=/ status=200 duration_ms=1.35
INFO 2026-03-06 06:12:23,253 correlation 8 128139497830080 request_complete correlation_id=f3626571-4d33-4034-a0d6-dae262985be7 tenant_id=- user_id=- method=GET path=/ status=200 duration_ms=1.42
INFO 2026-03-06 06:12:53,290 correlation 7 128139497830080 request_complete correlation_id=2ac64adb-21b9-409c-81ad-6a4764b779f4 tenant_id=- user_id=- method=GET path=/ status=200 duration_ms=1.46
INFO 2026-03-06 06:13:23,326 correlation 8 128139497830080 request_complete correlation_id=acb94ad5-db15-41d0-af96-c9f664a0796e tenant_id=- user_id=- method=GET path=/ status=200 duration_ms=1.29
INFO 2026-03-06 06:13:53,368 correlation 9 128139497830080 request_complete correlation_id=1c7997e5-53e6-456f-b8d2-cb09b97e1889 tenant_id=- user_id=- method=GET path=/ status=200 duration_ms=1.29
INFO 2026-03-06 06:14:23,406 correlation 8 128139497830080 request_complete correlation_id=544a3941-f693-4c06-8838-0389b15d2cc1 tenant_id=- user_id=- method=GET path=/ status=200 duration_ms=1.29
INFO 2026-03-06 06:14:53,449 correlation 9 128139497830080 request_complete correlation_id=0658f454-dbc0-4873-823e-e6bd4fea3ff0 tenant_id=- user_id=- method=GET path=/ status=200 duration_ms=1.22
INFO 2026-03-06 06:15:23,493 correlation 9 128139497830080 request_complete correlation_id=b551479d-e67c-4589-9c35-3ff366256902 tenant_id=- user_id=- method=GET path=/ status=200 duration_ms=1.26
INFO 2026-03-06 06:15:53,529 correlation 7 128139497830080 request_complete correlation_id=0eaacae0-e647-4bf9-8a6d-4f7650970283 tenant_id=- user_id=- method=GET path=/ status=200 duration_ms=1.29
INFO 2026-03-06 06:16:23,570 correlation 8 128139497830080 request_complete correlation_id=f6e7ea34-9b2d-4dda-933f-eb5959f82a22 tenant_id=- user_id=- method=GET path=/ status=200 duration_ms=1.28
INFO 2026-03-06 06:16:53,608 correlation 7 128139497830080 request_complete correlation_id=6406f9fb-bc4a-465a-a32a-45695aeb5b7c tenant_id=- user_id=- method=GET path=/ status=200 duration_ms=1.24
INFO 2026-03-06 06:17:23,647 correlation 8 128139497830080 request_complete correlation_id=d4ff5db0-3abb-438f-b912-b7d254209f32 tenant_id=- user_id=- method=GET path=/ status=200 duration_ms=1.32
INFO 2026-03-06 06:17:53,690 correlation 8 128139497830080 request_complete correlation_id=226ae232-386d-4bf4-8fa2-010c37391c3c tenant_id=- user_id=- method=GET path=/ status=200 duration_ms=1.23
INFO 2026-03-06 06:18:23,724 correlation 7 128139497830080 request_complete correlation_id=8339a977-17a5-4fb1-8ccd-f40c4db7920a tenant_id=- user_id=- method=GET path=/ status=200 duration_ms=1.28
INFO 2026-03-06 06:18:53,759 correlation 9 128139497830080 request_complete correlation_id=f1eed184-9c77-4f87-b92b-ea209446ae01 tenant_id=- user_id=- method=GET path=/ status=200 duration_ms=1.35
INFO 2026-03-06 06:19:23,805 correlation 7 128139497830080 request_complete correlation_id=b65cd68c-b55e-4b92-b76a-5ff87f8d6ede tenant_id=- user_id=- method=GET path=/ status=200 duration_ms=1.27
INFO 2026-03-06 06:19:53,843 correlation 9 128139497830080 request_complete correlation_id=f6aa9f7d-3e71-4585-9390-8db515d465f4 tenant_id=- user_id=- method=GET path=/ status=200 duration_ms=1.27
INFO 2026-03-06 06:20:23,881 correlation 7 128139497830080 request_complete correlation_id=bcb174e4-8859-4fd9-bda5-397900c11bec tenant_id=- user_id=- method=GET path=/ status=200 duration_ms=1.31
INFO 2026-03-06 06:20:53,919 correlation 7 128139497830080 request_complete correlation_id=84b6b8b9-4184-4955-a763-76a55188948d tenant_id=- user_id=- method=GET path=/ status=200 duration_ms=1.28
INFO 2026-03-06 06:21:23,956 correlation 7 128139497830080 request_complete correlation_id=1bb9e980-8336-4f7b-8cfb-9c1540c21253 tenant_id=- user_id=- method=GET path=/ status=200 duration_ms=1.3
INFO 2026-03-06 06:21:53,996 correlation 7 128139497830080 request_complete correlation_id=f19bb888-02db-4e1e-9561-32fc16ac5bf6 tenant_id=- user_id=- method=GET path=/ status=200 duration_ms=1.31
INFO 2026-03-06 06:22:24,033 correlation 8 128139497830080 request_complete correlation_id=603b3a85-d096-49bd-ba1b-270d32532638 tenant_id=- user_id=- method=GET path=/ status=200 duration_ms=1.27
INFO 2026-03-06 06:22:54,070 correlation 8 128139497830080 request_complete correlation_id=1d846fdb-e2b2-421b-b726-2fdc5e4884ca tenant_id=- user_id=- method=GET path=/ status=200 duration_ms=1.26
INFO 2026-03-06 06:23:24,117 correlation 7 128139497830080 request_complete correlation_id=8413ab3a-4cf4-4980-bc8e-3999921ff254 tenant_id=- user_id=- method=GET path=/ status=200 duration_ms=1.94
INFO 2026-03-06 06:23:53,634 correlation 7 128139497830080 request_complete correlation_id=6712726e-5b3c-42a8-b998-a00a6a08eeb2 tenant_id=- user_id=- method=GET path=/ status=200 duration_ms=1.71
INFO 2026-03-06 06:24:23,687 correlation 9 128139497830080 request_complete correlation_id=6bb3fbad-811f-40d9-a2c0-638896da29a7 tenant_id=- user_id=- method=GET path=/ status=200 duration_ms=1.6
INFO 2026-03-06 06:24:53,738 correlation 7 128139497830080 request_complete correlation_id=e722354e-868b-4442-a765-668eb6cd4665 tenant_id=- user_id=- method=GET path=/ status=200 duration_ms=1.65
INFO 2026-03-06 06:25:23,786 correlation 8 128139497830080 request_complete correlation_id=e671a438-79e0-4d54-81f6-a9e8aafceaf0 tenant_id=- user_id=- method=GET path=/ status=200 duration_ms=1.69
INFO 2026-03-06 06:25:53,831 correlation 7 128139497830080 request_complete correlation_id=73850ec3-ecdb-49dd-9d0a-01e4791a6dc7 tenant_id=- user_id=- method=GET path=/ status=200 duration_ms=1.65
INFO 2026-03-06 06:26:23,877 correlation 8 128139497830080 request_complete correlation_id=8175ba51-e91a-46da-a322-ed4c1afca78f tenant_id=- user_id=- method=GET path=/ status=200 duration_ms=1.72
INFO 2026-03-06 06:26:53,924 correlation 7 128139497830080 request_complete correlation_id=72c8b1b3-22e9-4c78-ae23-2eed55291837 tenant_id=- user_id=- method=GET path=/ status=200 duration_ms=1.81
INFO 2026-03-06 06:27:23,975 correlation 8 128139497830080 request_complete correlation_id=c824c398-b3b9-4280-9b1b-13123243a4c8 tenant_id=- user_id=- method=GET path=/ status=200 duration_ms=1.55
INFO 2026-03-06 06:27:54,019 correlation 7 128139497830080 request_complete correlation_id=4c554fb5-6753-4295-8978-681432c5a6d4 tenant_id=- user_id=- method=GET path=/ status=200 duration_ms=1.54
INFO 2026-03-06 06:28:24,063 correlation 8 128139497830080 request_complete correlation_id=3eefc06d-0774-4928-942b-49bd8d58acd8 tenant_id=- user_id=- method=GET path=/ status=200 duration_ms=1.68
INFO 2026-03-06 06:28:54,107 correlation 9 128139497830080 request_complete correlation_id=b404219e-a80b-441a-9b84-dd94eb1dba41 tenant_id=- user_id=- method=GET path=/ status=200 duration_ms=1.89
INFO 2026-03-06 06:29:24,150 correlation 8 128139497830080 request_complete correlation_id=dd21a539-9121-491b-a4b9-36fa360bbcfe tenant_id=- user_id=- method=GET path=/ status=200 duration_ms=1.56
INFO 2026-03-06 06:29:54,190 correlation 7 128139497830080 request_complete correlation_id=dc2f3c44-8ffe-42ee-8ad4-450befcd7d45 tenant_id=- user_id=- method=GET path=/ status=200 duration_ms=1.57
INFO 2026-03-06 06:30:24,237 correlation 9 128139497830080 request_complete correlation_id=fb24920e-d820-44d0-9c8e-f275c0e8fbf1 tenant_id=- user_id=- method=GET path=/ status=200 duration_ms=1.71
INFO 2026-03-06 06:30:54,279 correlation 7 128139497830080 request_complete correlation_id=e59b83e3-abb7-4bcc-9365-bde8e4aea01d tenant_id=- user_id=- method=GET path=/ status=200 duration_ms=1.58
INFO 2026-03-06 06:31:24,326 correlation 7 128139497830080 request_complete correlation_id=d1d80020-c16d-435b-b7bf-bb97973ce1b8 tenant_id=- user_id=- method=GET path=/ status=200 duration_ms=1.6
INFO 2026-03-06 06:31:54,373 correlation 9 128139497830080 request_complete correlation_id=8c0f2e91-457e-49ef-bbbf-01badf1ba68d tenant_id=- user_id=- method=GET path=/ status=200 duration_ms=1.71
INFO 2026-03-06 06:32:24,424 correlation 9 128139497830080 request_complete correlation_id=d660afa8-996b-4016-9bb7-10b000459b40 tenant_id=- user_id=- method=GET path=/ status=200 duration_ms=1.68
INFO 2026-03-06 06:32:54,468 correlation 8 128139497830080 request_complete correlation_id=8b362528-88d5-4db2-9ea3-77626fbf5af6 tenant_id=- user_id=- method=GET path=/ status=200 duration_ms=1.89
INFO 2026-03-06 06:33:24,511 correlation 8 128139497830080 request_complete correlation_id=9c95dbcb-cb70-43ae-8d6b-0150be91161c tenant_id=- user_id=- method=GET path=/ status=200 duration_ms=1.63
INFO 2026-03-06 06:33:54,556 correlation 7 128139497830080 request_complete correlation_id=6760c42f-eb71-42c9-9850-486be58b836d tenant_id=- user_id=- method=GET path=/ status=200 duration_ms=1.93
INFO 2026-03-06 06:34:24,615 correlation 8 128139497830080 request_complete correlation_id=4d7962fb-6a19-417e-bd20-3e2601e61037 tenant_id=- user_id=- method=GET path=/ status=200 duration_ms=1.8
INFO 2026-03-06 06:34:54,656 correlation 7 128139497830080 request_complete correlation_id=a99a6785-3023-4bc4-b7ea-2c12decf5188 tenant_id=- user_id=- method=GET path=/ status=200 duration_ms=1.63
INFO 2026-03-06 06:35:24,703 correlation 7 128139497830080 request_complete correlation_id=0a1397cb-f2b2-4831-9bb6-9e373a556adb tenant_id=- user_id=- method=GET path=/ status=200 duration_ms=1.66
INFO 2026-03-06 06:35:54,746 correlation 9 128139497830080 request_complete correlation_id=9ee4130b-bd62-49b4-82e1-05fb661a5ca4 tenant_id=- user_id=- method=GET path=/ status=200 duration_ms=1.88
INFO 2026-03-06 06:36:24,791 correlation 7 128139497830080 request_complete correlation_id=aaed12a8-a0ae-4e28-af09-52c8961d26b5 tenant_id=- user_id=- method=GET path=/ status=200 duration_ms=1.56
INFO 2026-03-06 06:36:54,839 correlation 7 128139497830080 request_complete correlation_id=7a877ea2-7e9b-46e1-9237-324ef34f3b56 tenant_id=- user_id=- method=GET path=/ status=200 duration_ms=1.85
INFO 2026-03-06 06:37:24,886 correlation 9 128139497830080 request_complete correlation_id=74a1fd0c-1943-43a1-89eb-e790909099af tenant_id=- user_id=- method=GET path=/ status=200 duration_ms=1.66
INFO 2026-03-06 06:37:54,928 correlation 8 128139497830080 request_complete correlation_id=e4011adb-0b33-4ad6-b082-aa3332f4977e tenant_id=- user_id=- method=GET path=/ status=200 duration_ms=1.61
INFO 2026-03-06 06:38:24,974 correlation 9 128139497830080 request_complete correlation_id=7aab7ce4-ca19-407c-ac2c-71cf6672969b tenant_id=- user_id=- method=GET path=/ status=200 duration_ms=1.65
INFO 2026-03-06 06:38:55,028 correlation 8 128139497830080 request_complete correlation_id=44ea2ecc-f4c0-4de3-8b66-10a5dac35c83 tenant_id=- user_id=- method=GET path=/ status=200 duration_ms=1.94
INFO 2026-03-06 06:39:25,078 correlation 8 128139497830080 request_complete correlation_id=1d08d50a-ffaf-43f7-bebf-66e6aa73088d tenant_id=- user_id=- method=GET path=/ status=200 duration_ms=1.6
INFO 2026-03-06 06:39:55,124 correlation 8 128139497830080 request_complete correlation_id=14e3609c-d602-4222-962c-ac39ae0f745f tenant_id=- user_id=- method=GET path=/ status=200 duration_ms=1.74
INFO 2026-03-06 06:40:25,182 correlation 9 128139497830080 request_complete correlation_id=0c3c573d-0c16-4b91-af36-98b5342cdc35 tenant_id=- user_id=- method=GET path=/ status=200 duration_ms=1.67
INFO 2026-03-06 06:40:55,224 correlation 9 128139497830080 request_complete correlation_id=e25402e9-ee35-4ee8-9794-aa5b9dc180fa tenant_id=- user_id=- method=GET path=/ status=200 duration_ms=1.68
INFO 2026-03-06 06:41:25,268 correlation 9 128139497830080 request_complete correlation_id=d78f3189-fd6b-43ab-8208-9d2d6aae9706 tenant_id=- user_id=- method=GET path=/ status=200 duration_ms=1.92
INFO 2026-03-06 06:41:55,312 correlation 9 128139497830080 request_complete correlation_id=a11d6984-0888-4893-96a9-2cda22dd0480 tenant_id=- user_id=- method=GET path=/ status=200 duration_ms=1.68
INFO 2026-03-06 06:42:25,360 correlation 9 128139497830080 request_complete correlation_id=9077e34a-5a44-4719-8693-b5f2cf48417c tenant_id=- user_id=- method=GET path=/ status=200 duration_ms=1.8
INFO 2026-03-06 06:42:55,405 correlation 7 128139497830080 request_complete correlation_id=582ffe35-e565-49c8-9321-b2cf645c39ac tenant_id=- user_id=- method=GET path=/ status=200 duration_ms=1.8
INFO 2026-03-06 06:43:25,449 correlation 9 128139497830080 request_complete correlation_id=e0704e3f-5872-4ce4-9c9c-c851e04eb16d tenant_id=- user_id=- method=GET path=/ status=200 duration_ms=1.66
INFO 2026-03-06 06:43:55,490 correlation 9 128139497830080 request_complete correlation_id=5f939332-7571-46e7-b079-2a36d587d3e1 tenant_id=- user_id=- method=GET path=/ status=200 duration_ms=2.05
INFO 2026-03-06 06:44:25,535 correlation 9 128139497830080 request_complete correlation_id=d06128ea-139f-49e3-9761-cb7d08123ab4 tenant_id=- user_id=- method=GET path=/ status=200 duration_ms=1.66
INFO 2026-03-06 06:44:55,578 correlation 8 128139497830080 request_complete correlation_id=09a9af9d-9e84-4960-981a-7d99a7b6d476 tenant_id=- user_id=- method=GET path=/ status=200 duration_ms=1.56
INFO 2026-03-06 06:45:25,619 correlation 8 128139497830080 request_complete correlation_id=7a6876b6-6d11-4ac5-b72a-f6cbc372e056 tenant_id=- user_id=- method=GET path=/ status=200 duration_ms=1.58
INFO 2026-03-06 07:50:43,263 correlation 7 128139497830080 request_complete correlation_id=8b65cd7c-7ff4-4dce-9497-7864e1260125 tenant_id=- user_id=- method=GET path=/ status=200 duration_ms=2.48
INFO 2026-03-06 07:51:13,305 correlation 9 128139497830080 request_complete correlation_id=0a074c4a-b167-474d-acbd-ad06ab3da076 tenant_id=- user_id=- method=GET path=/ status=200 duration_ms=1.74
INFO 2026-03-06 07:51:43,348 correlation 9 128139497830080 request_complete correlation_id=603a0391-b3d2-419f-85bf-c646eda5a32b tenant_id=- user_id=- method=GET path=/ status=200 duration_ms=1.62
INFO 2026-03-06 07:52:13,392 correlation 7 128139497830080 request_complete correlation_id=2d508590-37b7-4432-aa74-173721314b81 tenant_id=- user_id=- method=GET path=/ status=200 duration_ms=1.67
INFO 2026-03-06 07:52:43,440 correlation 9 128139497830080 request_complete correlation_id=337c5b36-e571-4208-943f-e518521293fa tenant_id=- user_id=- method=GET path=/ status=200 duration_ms=1.58
INFO 2026-03-06 07:53:13,500 correlation 7 128139497830080 request_complete correlation_id=9cf7e66b-742a-4da8-814d-f81c507d55f4 tenant_id=- user_id=- method=GET path=/ status=200 duration_ms=2.33
INFO 2026-03-06 07:53:43,546 correlation 9 128139497830080 request_complete correlation_id=7f3a36c8-0564-4c39-a0bc-c9ce3483da3b tenant_id=- user_id=- method=GET path=/ status=200 duration_ms=1.91
INFO 2026-03-06 07:54:13,596 correlation 9 128139497830080 request_complete correlation_id=35ffa321-44a4-40d0-a322-689e1ccca2d9 tenant_id=- user_id=- method=GET path=/ status=200 duration_ms=1.62
INFO 2026-03-06 07:54:43,645 correlation 7 128139497830080 request_complete correlation_id=0ea01ae4-1370-4db4-a137-54ce4b3d4097 tenant_id=- user_id=- method=GET path=/ status=200 duration_ms=1.7
INFO 2026-03-06 07:55:13,692 correlation 7 128139497830080 request_complete correlation_id=9aaf9cfb-a998-4d8c-a5c4-9d9b760db5ca tenant_id=- user_id=- method=GET path=/ status=200 duration_ms=1.56
INFO 2026-03-06 07:55:43,740 correlation 7 128139497830080 request_complete correlation_id=7e50a929-e8a8-4006-9d48-4cddca3f9bbd tenant_id=- user_id=- method=GET path=/ status=200 duration_ms=1.61
INFO 2026-03-06 07:56:13,787 correlation 7 128139497830080 request_complete correlation_id=c7f5ebf4-8b37-4e72-96ed-b5d27ee345c8 tenant_id=- user_id=- method=GET path=/ status=200 duration_ms=1.66
INFO 2026-03-06 07:56:43,828 correlation 9 128139497830080 request_complete correlation_id=a5fbe973-06be-4f69-8155-dc6f716f0d39 tenant_id=- user_id=- method=GET path=/ status=200 duration_ms=1.67
INFO 2026-03-06 07:57:13,872 correlation 9 128139497830080 request_complete correlation_id=fa2a7727-6eb9-4fc4-bcc6-198e8706b980 tenant_id=- user_id=- method=GET path=/ status=200 duration_ms=1.73
INFO 2026-03-06 07:57:43,921 correlation 7 128139497830080 request_complete correlation_id=68195834-c0f8-475a-b5fd-db5f707d8315 tenant_id=- user_id=- method=GET path=/ status=200 duration_ms=1.81
INFO 2026-03-06 07:58:13,971 correlation 8 128139497830080 request_complete correlation_id=f5d15157-90aa-4dbf-83f2-7f084fd88fb1 tenant_id=- user_id=- method=GET path=/ status=200 duration_ms=1.86
INFO 2026-03-06 07:58:44,015 correlation 8 128139497830080 request_complete correlation_id=f596bac3-2cd6-439b-860d-e298508e0ab7 tenant_id=- user_id=- method=GET path=/ status=200 duration_ms=1.88
INFO 2026-03-06 07:59:14,767 correlation 7 128139497830080 request_complete correlation_id=33caf92a-db06-4fd6-a5f0-bd58601e2c06 tenant_id=- user_id=- method=GET path=/ status=200 duration_ms=1.67
INFO 2026-03-06 07:59:44,817 correlation 9 128139497830080 request_complete correlation_id=61072777-274c-4e4a-90e0-05c4efed753b tenant_id=- user_id=- method=GET path=/ status=200 duration_ms=1.88
INFO 2026-03-06 08:00:14,862 correlation 9 128139497830080 request_complete correlation_id=451928ec-6bf5-478c-bcb0-97ba6bdd6762 tenant_id=- user_id=- method=GET path=/ status=200 duration_ms=1.65
INFO 2026-03-06 08:00:44,908 correlation 7 128139497830080 request_complete correlation_id=f8ad5571-6d74-444a-bad2-4bd6d00eb21b tenant_id=- user_id=- method=GET path=/ status=200 duration_ms=1.63
INFO 2026-03-06 08:01:14,955 correlation 8 128139497830080 request_complete correlation_id=272c9949-8063-4075-8e5f-0edb2741f529 tenant_id=- user_id=- method=GET path=/ status=200 duration_ms=1.65
INFO 2026-03-06 08:01:45,002 correlation 8 128139497830080 request_complete correlation_id=d889f78a-e26c-4012-8d95-b5f45c767074 tenant_id=- user_id=- method=GET path=/ status=200 duration_ms=1.66
INFO 2026-03-06 08:02:15,052 correlation 8 128139497830080 request_complete correlation_id=970bf740-2788-4f9f-a439-f9c20696fee8 tenant_id=- user_id=- method=GET path=/ status=200 duration_ms=2.08
INFO 2026-03-06 08:02:45,101 correlation 9 128139497830080 request_complete correlation_id=8f1a16c3-229d-4df7-996c-85e42a19b7b8 tenant_id=- user_id=- method=GET path=/ status=200 duration_ms=1.65
INFO 2026-03-06 08:03:15,145 correlation 7 128139497830080 request_complete correlation_id=51f21ce0-1df6-4afd-9961-4818fd2b84ad tenant_id=- user_id=- method=GET path=/ status=200 duration_ms=1.67
INFO 2026-03-06 08:03:45,193 correlation 7 128139497830080 request_complete correlation_id=fea49b9d-b8c5-48b6-a2b4-0530a6e7b9a3 tenant_id=- user_id=- method=GET path=/ status=200 duration_ms=1.86
INFO 2026-03-06 08:04:15,235 correlation 8 128139497830080 request_complete correlation_id=8d44c352-e9b1-42dd-8ebd-9b6472500ad1 tenant_id=- user_id=- method=GET path=/ status=200 duration_ms=1.54
INFO 2026-03-06 08:04:45,283 correlation 7 128139497830080 request_complete correlation_id=5698e7ae-7d8b-4d95-afab-56fec38062e5 tenant_id=- user_id=- method=GET path=/ status=200 duration_ms=1.78
INFO 2026-03-06 08:05:15,334 correlation 9 128139497830080 request_complete correlation_id=c4bd8d1c-5c2b-4dcd-86da-656c048f4883 tenant_id=- user_id=- method=GET path=/ status=200 duration_ms=1.6
INFO 2026-03-06 08:05:45,374 correlation 8 128139497830080 request_complete correlation_id=842f26cf-5d38-47fa-9bde-3dc0d9607e15 tenant_id=- user_id=- method=GET path=/ status=200 duration_ms=1.58
INFO 2026-03-06 08:06:15,422 correlation 8 128139497830080 request_complete correlation_id=7e4ee76f-03c0-4556-a263-0661b3a6f62e tenant_id=- user_id=- method=GET path=/ status=200 duration_ms=1.6
INFO 2026-03-06 08:06:45,467 correlation 8 128139497830080 request_complete correlation_id=12b6df6c-f081-434b-8ec0-c91869ef0a9e tenant_id=- user_id=- method=GET path=/ status=200 duration_ms=1.63
INFO 2026-03-06 08:07:15,519 correlation 9 128139497830080 request_complete correlation_id=6ecc52b2-ae67-46f6-955c-0fa66cfb0bf4 tenant_id=- user_id=- method=GET path=/ status=200 duration_ms=1.6
INFO 2026-03-06 08:07:45,565 correlation 8 128139497830080 request_complete correlation_id=52efe0c1-0cf3-491a-8614-e9e4ba6d6d04 tenant_id=- user_id=- method=GET path=/ status=200 duration_ms=1.79
INFO 2026-03-06 08:08:15,612 correlation 9 128139497830080 request_complete correlation_id=86fc2aa4-e6da-43f5-8e37-76c76f5fd67a tenant_id=- user_id=- method=GET path=/ status=200 duration_ms=1.67
INFO 2026-03-06 08:08:45,652 correlation 7 128139497830080 request_complete correlation_id=acebe80f-a60b-40a9-be02-d0437c4ac5ae tenant_id=- user_id=- method=GET path=/ status=200 duration_ms=1.64
INFO 2026-03-06 08:09:15,696 correlation 7 128139497830080 request_complete correlation_id=6863f289-ac73-470c-b4cc-d0718ce63fde tenant_id=- user_id=- method=GET path=/ status=200 duration_ms=1.56
INFO 2026-03-06 08:09:45,736 correlation 7 128139497830080 request_complete correlation_id=898e0d6d-5848-4b21-9420-a5d81b530879 tenant_id=- user_id=- method=GET path=/ status=200 duration_ms=1.57
INFO 2026-03-06 08:10:15,782 correlation 9 128139497830080 request_complete correlation_id=b5e39b17-2fbf-435f-818d-7ecd01e159d0 tenant_id=- user_id=- method=GET path=/ status=200 duration_ms=1.57
INFO 2026-03-06 08:10:45,842 correlation 9 128139497830080 request_complete correlation_id=41f9074d-4461-40a2-93be-b4b33952484a tenant_id=- user_id=- method=GET path=/ status=200 duration_ms=1.53
INFO 2026-03-06 08:11:15,884 correlation 8 128139497830080 request_complete correlation_id=23f4e7a2-4144-48ac-9a55-30075827529a tenant_id=- user_id=- method=GET path=/ status=200 duration_ms=1.72
INFO 2026-03-06 08:11:45,928 correlation 7 128139497830080 request_complete correlation_id=d3d408b8-cc8a-4928-97b8-bb4e5c0661dd tenant_id=- user_id=- method=GET path=/ status=200 duration_ms=1.8
INFO 2026-03-06 08:12:15,970 correlation 9 128139497830080 request_complete correlation_id=56303d09-803d-485b-83d4-3cab6b11cc60 tenant_id=- user_id=- method=GET path=/ status=200 duration_ms=1.64
INFO 2026-03-06 08:12:46,010 correlation 9 128139497830080 request_complete correlation_id=99af5a5d-202e-4cd4-8e0b-17799f97272b tenant_id=- user_id=- method=GET path=/ status=200 duration_ms=1.8
INFO 2026-03-06 08:13:16,059 correlation 9 128139497830080 request_complete correlation_id=90369890-4ec1-459e-885f-61a37c948774 tenant_id=- user_id=- method=GET path=/ status=200 duration_ms=1.51
INFO 2026-03-06 08:13:46,109 correlation 9 128139497830080 request_complete correlation_id=d1ce193e-aafd-4002-b60d-ddb131a86ad0 tenant_id=- user_id=- method=GET path=/ status=200 duration_ms=1.63
INFO 2026-03-06 08:14:16,155 correlation 9 128139497830080 request_complete correlation_id=6bbdd869-4f37-42d5-bb9b-d208cb289985 tenant_id=- user_id=- method=GET path=/ status=200 duration_ms=1.76
INFO 2026-03-06 08:14:46,202 correlation 9 128139497830080 request_complete correlation_id=c624863e-2e8c-44ff-bda6-4be85f35f3fe tenant_id=- user_id=- method=GET path=/ status=200 duration_ms=1.73
INFO 2026-03-06 08:15:16,246 correlation 9 128139497830080 request_complete correlation_id=44419df6-8784-47e9-be6e-15f4d16428c1 tenant_id=- user_id=- method=GET path=/ status=200 duration_ms=1.49
INFO 2026-03-06 08:15:46,294 correlation 8 128139497830080 request_complete correlation_id=f236bf8f-3191-47e4-9575-537908ff8e03 tenant_id=- user_id=- method=GET path=/ status=200 duration_ms=1.52
INFO 2026-03-06 08:16:16,338 correlation 9 128139497830080 request_complete correlation_id=ce069d04-927b-4f53-a0b3-ed2f3bf98484 tenant_id=- user_id=- method=GET path=/ status=200 duration_ms=1.45
INFO 2026-03-06 08:16:46,381 correlation 8 128139497830080 request_complete correlation_id=d3765383-9d3b-4f4a-9274-d9425aa900ae tenant_id=- user_id=- method=GET path=/ status=200 duration_ms=1.48
INFO 2026-03-06 08:17:16,424 correlation 9 128139497830080 request_complete correlation_id=3cb125fa-960d-44b3-b78e-8ad3e8357590 tenant_id=- user_id=- method=GET path=/ status=200 duration_ms=1.53
INFO 2026-03-06 08:17:46,466 correlation 8 128139497830080 request_complete correlation_id=d801a532-a28f-4b28-b85e-22aced7dfd1b tenant_id=- user_id=- method=GET path=/ status=200 duration_ms=1.71
INFO 2026-03-06 08:18:16,508 correlation 9 128139497830080 request_complete correlation_id=f0ee543f-75d3-4694-9464-1e15446680dc tenant_id=- user_id=- method=GET path=/ status=200 duration_ms=1.5
INFO 2026-03-06 08:18:46,554 correlation 9 128139497830080 request_complete correlation_id=dc135c66-f37f-412f-bc4d-854a9bc8deef tenant_id=- user_id=- method=GET path=/ status=200 duration_ms=1.75
INFO 2026-03-06 08:19:16,596 correlation 8 128139497830080 request_complete correlation_id=c3b933cc-92d7-44f5-a39d-6120fffacd3f tenant_id=- user_id=- method=GET path=/ status=200 duration_ms=1.51
INFO 2026-03-06 08:19:46,641 correlation 7 128139497830080 request_complete correlation_id=e9688d92-d774-455e-bb53-211094efd5a7 tenant_id=- user_id=- method=GET path=/ status=200 duration_ms=1.57
INFO 2026-03-06 08:20:16,688 correlation 8 128139497830080 request_complete correlation_id=5eae6680-0286-4f60-8fcf-cb59d4e93dc2 tenant_id=- user_id=- method=GET path=/ status=200 duration_ms=1.51
INFO 2026-03-06 08:20:46,734 correlation 9 128139497830080 request_complete correlation_id=3dcee645-d1ee-4ec5-aad8-3a9b283df939 tenant_id=- user_id=- method=GET path=/ status=200 duration_ms=1.56
INFO 2026-03-06 08:21:16,777 correlation 9 128139497830080 request_complete correlation_id=f026df21-5070-41ec-b15b-3968902fc133 tenant_id=- user_id=- method=GET path=/ status=200 duration_ms=1.56
INFO 2026-03-06 08:21:46,819 correlation 9 128139497830080 request_complete correlation_id=b8e529ca-b0ef-4a14-b22e-2f31feebff4d tenant_id=- user_id=- method=GET path=/ status=200 duration_ms=1.53
INFO 2026-03-06 08:22:16,859 correlation 9 128139497830080 request_complete correlation_id=093ef888-1cc8-4f4b-a70b-c20be27434fe tenant_id=- user_id=- method=GET path=/ status=200 duration_ms=1.82
INFO 2026-03-06 08:22:46,902 correlation 8 128139497830080 request_complete correlation_id=0eb40832-9dd3-4fdf-9c0c-6560172e569b tenant_id=- user_id=- method=GET path=/ status=200 duration_ms=1.52
INFO 2026-03-06 08:23:16,943 correlation 7 128139497830080 request_complete correlation_id=c4087eb5-1ef3-4658-ac36-45ef5bf8b7bd tenant_id=- user_id=- method=GET path=/ status=200 duration_ms=1.56
INFO 2026-03-06 08:23:46,991 correlation 7 128139497830080 request_complete correlation_id=363ab02c-b0bc-4c2a-a446-abc8ee8209ef tenant_id=- user_id=- method=GET path=/ status=200 duration_ms=1.51
INFO 2026-03-06 08:24:17,033 correlation 8 128139497830080 request_complete correlation_id=af2c98e8-6091-4be2-a042-aa3c975d8fe2 tenant_id=- user_id=- method=GET path=/ status=200 duration_ms=1.73
INFO 2026-03-06 08:24:47,078 correlation 9 128139497830080 request_complete correlation_id=c00d7999-94a4-45fc-baab-c9729a9b8357 tenant_id=- user_id=- method=GET path=/ status=200 duration_ms=1.46
INFO 2026-03-06 08:25:17,118 correlation 9 128139497830080 request_complete correlation_id=96ddb277-3024-4d42-8259-8b12a22351ca tenant_id=- user_id=- method=GET path=/ status=200 duration_ms=1.56
INFO 2026-03-06 08:25:47,160 correlation 8 128139497830080 request_complete correlation_id=38933fc2-c1c7-4289-b888-bc406b159e96 tenant_id=- user_id=- method=GET path=/ status=200 duration_ms=1.53
INFO 2026-03-06 08:26:17,199 correlation 9 128139497830080 request_complete correlation_id=801e6188-3e78-496f-aba0-01f4fcdac5f9 tenant_id=- user_id=- method=GET path=/ status=200 duration_ms=1.52
INFO 2026-03-06 08:26:47,242 correlation 9 128139497830080 request_complete correlation_id=f31a936c-c0a2-47ba-96bf-389ae23584eb tenant_id=- user_id=- method=GET path=/ status=200 duration_ms=1.49
INFO 2026-03-06 08:27:17,283 correlation 7 128139497830080 request_complete correlation_id=9c9efe51-8999-4b81-b6e2-18ff4ae6253d tenant_id=- user_id=- method=GET path=/ status=200 duration_ms=1.85
INFO 2026-03-06 08:27:47,324 correlation 8 128139497830080 request_complete correlation_id=cd314254-cda8-4bbe-8a12-3dc0fbd57da0 tenant_id=- user_id=- method=GET path=/ status=200 duration_ms=1.48
INFO 2026-03-06 08:28:17,363 correlation 9 128139497830080 request_complete correlation_id=6809c592-2c8e-4b30-a370-75506da6834d tenant_id=- user_id=- method=GET path=/ status=200 duration_ms=1.6
INFO 2026-03-06 08:28:47,405 correlation 9 128139497830080 request_complete correlation_id=a7be1de9-53dc-43f4-9681-6fdc208696c8 tenant_id=- user_id=- method=GET path=/ status=200 duration_ms=1.59
INFO 2026-03-06 08:29:17,450 correlation 9 128139497830080 request_complete correlation_id=b0f13ff0-b9eb-49a2-a799-dbc54d6c8e0d tenant_id=- user_id=- method=GET path=/ status=200 duration_ms=1.43
INFO 2026-03-06 08:29:47,489 correlation 7 128139497830080 request_complete correlation_id=6a4730c9-b916-45d8-bbe5-798a9f4827b2 tenant_id=- user_id=- method=GET path=/ status=200 duration_ms=1.59
INFO 2026-03-06 08:30:17,532 correlation 8 128139497830080 request_complete correlation_id=2e7b969e-c0a8-47fd-a9aa-8c859544da3a tenant_id=- user_id=- method=GET path=/ status=200 duration_ms=1.5
INFO 2026-03-06 08:30:47,572 correlation 8 128139497830080 request_complete correlation_id=4b543e2a-04cb-46f2-a013-ed7c31aef1cc tenant_id=- user_id=- method=GET path=/ status=200 duration_ms=1.51
INFO 2026-03-06 08:31:17,612 correlation 7 128139497830080 request_complete correlation_id=11d4a179-3813-49f7-8bf0-5aa17a31454e tenant_id=- user_id=- method=GET path=/ status=200 duration_ms=1.53
INFO 2026-03-06 08:31:47,659 correlation 7 128139497830080 request_complete correlation_id=06cc192f-2ab5-482d-81c1-4fd38a32986e tenant_id=- user_id=- method=GET path=/ status=200 duration_ms=1.58
INFO 2026-03-06 08:32:17,705 correlation 7 128139497830080 request_complete correlation_id=a8347a77-a85c-4108-95ad-c6aee80b4a1f tenant_id=- user_id=- method=GET path=/ status=200 duration_ms=1.43
INFO 2026-03-06 08:32:47,744 correlation 9 128139497830080 request_complete correlation_id=69e11fad-2174-4473-b1a4-a1eac1046955 tenant_id=- user_id=- method=GET path=/ status=200 duration_ms=1.45
INFO 2026-03-06 08:33:17,784 correlation 7 128139497830080 request_complete correlation_id=bdc1d9b9-dfbe-4b6d-9e97-08311739b971 tenant_id=- user_id=- method=GET path=/ status=200 duration_ms=1.42
INFO 2026-03-06 08:33:47,830 correlation 7 128139497830080 request_complete correlation_id=30e06cba-b44c-4b7d-9a50-712f1a693808 tenant_id=- user_id=- method=GET path=/ status=200 duration_ms=1.52
INFO 2026-03-06 08:34:17,872 correlation 8 128139497830080 request_complete correlation_id=1903c7ac-05d2-4017-a594-5efc17b970f5 tenant_id=- user_id=- method=GET path=/ status=200 duration_ms=1.75
INFO 2026-03-06 08:34:47,909 correlation 7 128139497830080 request_complete correlation_id=10b061be-7443-493b-95a9-a7a3b06364d7 tenant_id=- user_id=- method=GET path=/ status=200 duration_ms=1.5
INFO 2026-03-06 08:41:41,161 correlation 9 128139497830080 request_complete correlation_id=80f326c4-4ea7-42cb-aa7b-9a0db3c3f02e tenant_id=- user_id=- method=GET path=/ status=200 duration_ms=2.48
INFO 2026-03-06 08:42:11,202 correlation 9 128139497830080 request_complete correlation_id=34f3dd1c-83c4-405e-80a3-f98579625094 tenant_id=- user_id=- method=GET path=/ status=200 duration_ms=1.49
INFO 2026-03-06 08:42:41,243 correlation 9 128139497830080 request_complete correlation_id=e5093648-5f42-494e-9f12-2d009b8db3d3 tenant_id=- user_id=- method=GET path=/ status=200 duration_ms=1.63
INFO 2026-03-06 08:43:11,290 correlation 9 128139497830080 request_complete correlation_id=90a3f858-68ab-4fa0-9017-9b2d151a8285 tenant_id=- user_id=- method=GET path=/ status=200 duration_ms=1.46
INFO 2026-03-06 08:43:41,334 correlation 9 128139497830080 request_complete correlation_id=1befdb48-7bce-4b95-90b0-b790aef022e3 tenant_id=- user_id=- method=GET path=/ status=200 duration_ms=1.72
INFO 2026-03-06 08:44:11,374 correlation 9 128139497830080 request_complete correlation_id=bdd6cdf7-20d6-4806-a4e4-402c9b07f02d tenant_id=- user_id=- method=GET path=/ status=200 duration_ms=1.81
INFO 2026-03-06 08:44:41,417 correlation 8 128139497830080 request_complete correlation_id=56cb6a58-0d10-4628-a726-2612e976a11b tenant_id=- user_id=- method=GET path=/ status=200 duration_ms=1.41
INFO 2026-03-06 08:45:11,458 correlation 8 128139497830080 request_complete correlation_id=f9e368f9-3040-47a6-8c06-946f49b15818 tenant_id=- user_id=- method=GET path=/ status=200 duration_ms=1.49
INFO 2026-03-06 08:45:41,496 correlation 9 128139497830080 request_complete correlation_id=ada841d0-de08-4df2-bfcf-30c6918125ba tenant_id=- user_id=- method=GET path=/ status=200 duration_ms=1.47
INFO 2026-03-06 08:46:11,536 correlation 7 128139497830080 request_complete correlation_id=4e76ebc9-c9ab-420e-9e36-23c86c0ec4fb tenant_id=- user_id=- method=GET path=/ status=200 duration_ms=1.56
INFO 2026-03-06 08:46:41,577 correlation 9 128139497830080 request_complete correlation_id=a43f6298-7214-4e25-9ee6-108c0668cc32 tenant_id=- user_id=- method=GET path=/ status=200 duration_ms=1.36
INFO 2026-03-06 08:47:11,618 correlation 8 128139497830080 request_complete correlation_id=99e5dd61-2204-474c-a8b1-58270fbc8e46 tenant_id=- user_id=- method=GET path=/ status=200 duration_ms=1.33
INFO 2026-03-06 08:47:41,665 correlation 8 128139497830080 request_complete correlation_id=6a1613a8-6f4a-4da1-b95d-082b5ab59806 tenant_id=- user_id=- method=GET path=/ status=200 duration_ms=1.72
INFO 2026-03-06 08:48:11,709 correlation 8 128139497830080 request_complete correlation_id=a05ee4d8-1e33-4b08-884f-f4669a812328 tenant_id=- user_id=- method=GET path=/ status=200 duration_ms=1.44
INFO 2026-03-06 08:48:41,752 correlation 8 128139497830080 request_complete correlation_id=e8b0e955-d099-432e-afe0-5b620c803a9c tenant_id=- user_id=- method=GET path=/ status=200 duration_ms=1.56
INFO 2026-03-06 08:49:11,796 correlation 9 128139497830080 request_complete correlation_id=2d1b9b0c-f43c-4f8d-b832-71dc7d4e7c35 tenant_id=- user_id=- method=GET path=/ status=200 duration_ms=1.33
INFO 2026-03-06 08:49:41,840 correlation 8 128139497830080 request_complete correlation_id=9ad1714b-7d0b-4af1-ac71-50dac20a6849 tenant_id=- user_id=- method=GET path=/ status=200 duration_ms=1.41
INFO 2026-03-06 08:50:11,884 correlation 9 128139497830080 request_complete correlation_id=af70e916-c2e6-4f9e-b6d4-032a28b97b2b tenant_id=- user_id=- method=GET path=/ status=200 duration_ms=1.56
INFO 2026-03-06 08:50:41,921 correlation 7 128139497830080 request_complete correlation_id=1b14e69d-332e-436c-a58c-0b1d272ac2ea tenant_id=- user_id=- method=GET path=/ status=200 duration_ms=1.59
INFO 2026-03-06 08:51:11,958 correlation 9 128139497830080 request_complete correlation_id=2a906a53-fa50-4390-87a8-c9b6b00647d6 tenant_id=- user_id=- method=GET path=/ status=200 duration_ms=1.4
INFO 2026-03-06 08:51:42,003 correlation 9 128139497830080 request_complete correlation_id=656736fe-bffc-4958-a904-c1bb61f04113 tenant_id=- user_id=- method=GET path=/ status=200 duration_ms=1.4
INFO 2026-03-06 08:52:12,044 correlation 9 128139497830080 request_complete correlation_id=2e3c77c6-2d4a-449b-89e3-57aee01fc286 tenant_id=- user_id=- method=GET path=/ status=200 duration_ms=1.34
INFO 2026-03-06 08:52:42,088 correlation 9 128139497830080 request_complete correlation_id=e5944545-46ae-450b-a3b3-873d62dfee22 tenant_id=- user_id=- method=GET path=/ status=200 duration_ms=1.65
INFO 2026-03-06 08:53:12,130 correlation 9 128139497830080 request_complete correlation_id=fb457937-09c8-4671-bb58-5d1ebee19880 tenant_id=- user_id=- method=GET path=/ status=200 duration_ms=1.31
INFO 2026-03-06 08:53:42,172 correlation 7 128139497830080 request_complete correlation_id=a4786d3d-24f4-4b8a-ae8d-c3735dbaa266 tenant_id=- user_id=- method=GET path=/ status=200 duration_ms=1.31
INFO 2026-03-06 08:54:12,211 correlation 9 128139497830080 request_complete correlation_id=8d34a0a3-7109-4f75-8e08-6b7ce027f87a tenant_id=- user_id=- method=GET path=/ status=200 duration_ms=1.29
INFO 2026-03-06 08:54:42,251 correlation 9 128139497830080 request_complete correlation_id=81bb1b18-1147-4d34-88bf-142f5d8cb2b6 tenant_id=- user_id=- method=GET path=/ status=200 duration_ms=1.35
INFO 2026-03-06 08:55:12,292 correlation 9 128139497830080 request_complete correlation_id=3e86364b-d43e-4ff7-99e6-d6c3bc553171 tenant_id=- user_id=- method=GET path=/ status=200 duration_ms=1.33
INFO 2026-03-06 08:55:42,332 correlation 9 128139497830080 request_complete correlation_id=7d0e7617-4c53-4e75-90cd-b07fbe44f479 tenant_id=- user_id=- method=GET path=/ status=200 duration_ms=1.27
INFO 2026-03-06 08:56:12,370 correlation 9 128139497830080 request_complete correlation_id=3e5e70b2-85ae-4513-b48e-6c73b1108c8e tenant_id=- user_id=- method=GET path=/ status=200 duration_ms=1.27
INFO 2026-03-06 08:56:42,408 correlation 9 128139497830080 request_complete correlation_id=34ce925d-2376-4724-acd7-d8534525665a tenant_id=- user_id=- method=GET path=/ status=200 duration_ms=1.21
INFO 2026-03-06 08:57:12,449 correlation 9 128139497830080 request_complete correlation_id=bc8a2f1d-0655-4857-be6d-0bf64312f495 tenant_id=- user_id=- method=GET path=/ status=200 duration_ms=1.33
INFO 2026-03-06 08:57:42,491 correlation 9 128139497830080 request_complete correlation_id=acd0447b-8e89-4d6c-b686-092faa24097c tenant_id=- user_id=- method=GET path=/ status=200 duration_ms=1.45
INFO 2026-03-06 08:58:12,531 correlation 9 128139497830080 request_complete correlation_id=9464df4a-db65-4e54-a927-e9d655692ee0 tenant_id=- user_id=- method=GET path=/ status=200 duration_ms=1.27
INFO 2026-03-06 08:58:42,569 correlation 9 128139497830080 request_complete correlation_id=56f92f70-79e4-4d3d-afdf-ef2ba219f7e6 tenant_id=- user_id=- method=GET path=/ status=200 duration_ms=1.34
INFO 2026-03-06 08:59:12,606 correlation 7 128139497830080 request_complete correlation_id=79214837-7d17-4a5e-acc0-bd325d0f0c66 tenant_id=- user_id=- method=GET path=/ status=200 duration_ms=1.27
INFO 2026-03-06 08:59:42,640 correlation 8 128139497830080 request_complete correlation_id=ff4c0037-a089-4f90-ae05-ead441b65d52 tenant_id=- user_id=- method=GET path=/ status=200 duration_ms=1.28
INFO 2026-03-06 09:00:12,683 correlation 8 128139497830080 request_complete correlation_id=11358ffc-be21-4035-b527-eac04a445592 tenant_id=- user_id=- method=GET path=/ status=200 duration_ms=1.28
INFO 2026-03-06 09:00:42,719 correlation 7 128139497830080 request_complete correlation_id=3a44bca7-00e3-4eb1-b6e5-a81a0d5c3673 tenant_id=- user_id=- method=GET path=/ status=200 duration_ms=1.28
INFO 2026-03-06 09:01:12,762 correlation 7 128139497830080 request_complete correlation_id=87150fe3-febc-440c-a2b8-21e98fc9db0e tenant_id=- user_id=- method=GET path=/ status=200 duration_ms=1.45
INFO 2026-03-06 09:01:42,802 correlation 8 128139497830080 request_complete correlation_id=db053563-3706-4efd-b124-95f97eb36125 tenant_id=- user_id=- method=GET path=/ status=200 duration_ms=1.24
INFO 2026-03-06 09:02:12,845 correlation 9 128139497830080 request_complete correlation_id=3e5e92c0-029f-48ff-9090-02e5c2149abe tenant_id=- user_id=- method=GET path=/ status=200 duration_ms=1.33
INFO 2026-03-06 09:02:42,890 correlation 9 128139497830080 request_complete correlation_id=ff15bbdf-afac-442f-a36f-32bfb8437467 tenant_id=- user_id=- method=GET path=/ status=200 duration_ms=1.38
INFO 2026-03-06 09:03:12,927 correlation 9 128139497830080 request_complete correlation_id=ffffd9ec-85bf-43e7-9d06-3c5f6d091c62 tenant_id=- user_id=- method=GET path=/ status=200 duration_ms=1.21
INFO 2026-03-06 09:03:42,965 correlation 7 128139497830080 request_complete correlation_id=307ffed6-8085-4526-b557-3ff8c97d48af tenant_id=- user_id=- method=GET path=/ status=200 duration_ms=1.3
INFO 2026-03-06 09:04:13,004 correlation 9 128139497830080 request_complete correlation_id=9e245b38-37fc-4efa-9549-484a014a5d04 tenant_id=- user_id=- method=GET path=/ status=200 duration_ms=1.4
INFO 2026-03-06 09:04:43,045 correlation 8 128139497830080 request_complete correlation_id=e9459de7-d9c6-4a42-bc76-bada6b67b6cb tenant_id=- user_id=- method=GET path=/ status=200 duration_ms=1.28
INFO 2026-03-06 09:05:13,083 correlation 8 128139497830080 request_complete correlation_id=2deeda24-1df9-4ae5-966e-85487b11fa0b tenant_id=- user_id=- method=GET path=/ status=200 duration_ms=1.28
INFO 2026-03-06 09:05:43,123 correlation 8 128139497830080 request_complete correlation_id=a6c25411-9e93-4c24-8026-66cd1c9c8b53 tenant_id=- user_id=- method=GET path=/ status=200 duration_ms=1.5
INFO 2026-03-06 09:06:13,167 correlation 9 128139497830080 request_complete correlation_id=68453559-0cc3-4454-8b02-a43de07de811 tenant_id=- user_id=- method=GET path=/ status=200 duration_ms=1.28
INFO 2026-03-06 09:06:43,205 correlation 8 128139497830080 request_complete correlation_id=76a47c18-0bef-4b83-aed2-c6f77f4f16f8 tenant_id=- user_id=- method=GET path=/ status=200 duration_ms=1.31
INFO 2026-03-06 09:07:13,242 correlation 8 128139497830080 request_complete correlation_id=1754354a-ae42-4b1e-b8b4-1f116921efb3 tenant_id=- user_id=- method=GET path=/ status=200 duration_ms=1.34
INFO 2026-03-06 09:07:43,279 correlation 7 128139497830080 request_complete correlation_id=06d91a11-2bf5-4bbf-a2fb-f3a604877609 tenant_id=- user_id=- method=GET path=/ status=200 duration_ms=1.35
INFO 2026-03-06 09:08:13,319 correlation 8 128139497830080 request_complete correlation_id=e5f396e7-d118-4302-b87b-c2acf2b3542c tenant_id=- user_id=- method=GET path=/ status=200 duration_ms=1.29
INFO 2026-03-06 09:08:43,363 correlation 8 128139497830080 request_complete correlation_id=c7258692-afb1-415e-8846-864653602d39 tenant_id=- user_id=- method=GET path=/ status=200 duration_ms=1.59
INFO 2026-03-06 09:09:13,400 correlation 8 128139497830080 request_complete correlation_id=bb7c1257-3f8d-42a2-8c19-cd3469b0a2e1 tenant_id=- user_id=- method=GET path=/ status=200 duration_ms=1.25
INFO 2026-03-06 09:09:43,443 correlation 9 128139497830080 request_complete correlation_id=5412bc76-0537-4472-a364-77b54115c7c2 tenant_id=- user_id=- method=GET path=/ status=200 duration_ms=1.23
INFO 2026-03-06 09:10:13,482 correlation 8 128139497830080 request_complete correlation_id=756015c4-aaa0-49f0-a720-0742db981cdb tenant_id=- user_id=- method=GET path=/ status=200 duration_ms=1.25
INFO 2026-03-06 09:10:43,524 correlation 7 128139497830080 request_complete correlation_id=68c0cca8-a8c2-40f4-b869-c2b51c1fcede tenant_id=- user_id=- method=GET path=/ status=200 duration_ms=1.31
INFO 2026-03-06 09:11:13,566 correlation 7 128139497830080 request_complete correlation_id=3ff9a20d-9679-4a01-8772-e7ad2fe81abd tenant_id=- user_id=- method=GET path=/ status=200 duration_ms=1.25
INFO 2026-03-06 09:11:43,605 correlation 8 128139497830080 request_complete correlation_id=f04cc3a7-696c-4a03-80ca-ba700025ab70 tenant_id=- user_id=- method=GET path=/ status=200 duration_ms=1.26
INFO 2026-03-06 09:12:13,642 correlation 9 128139497830080 request_complete correlation_id=9225db1d-22ea-43d2-b7da-6aba1b496404 tenant_id=- user_id=- method=GET path=/ status=200 duration_ms=1.42
INFO 2026-03-06 09:12:43,683 correlation 8 128139497830080 request_complete correlation_id=97e83810-b674-413c-bf1f-4ec49aedd353 tenant_id=- user_id=- method=GET path=/ status=200 duration_ms=1.21
INFO 2026-03-06 09:13:13,718 correlation 9 128139497830080 request_complete correlation_id=40d85dc1-1c2a-4562-b3a2-4039d10279f1 tenant_id=- user_id=- method=GET path=/ status=200 duration_ms=1.25
INFO 2026-03-06 09:13:43,759 correlation 8 128139497830080 request_complete correlation_id=e7002def-0b8c-46b6-8093-e4d11a638567 tenant_id=- user_id=- method=GET path=/ status=200 duration_ms=1.29
INFO 2026-03-06 09:14:13,796 correlation 9 128139497830080 request_complete correlation_id=0160c793-7d68-4322-b032-ebe5b6981cbc tenant_id=- user_id=- method=GET path=/ status=200 duration_ms=1.28
INFO 2026-03-06 09:53:01,832 correlation 9 128139497830080 request_complete correlation_id=b3c16afb-48cb-4780-aaa9-65fe89517ba1 tenant_id=- user_id=- method=GET path=/ status=200 duration_ms=1.29
INFO 2026-03-06 09:53:31,875 correlation 8 128139497830080 request_complete correlation_id=3fa60b25-fdde-48e9-ae80-898d94076572 tenant_id=- user_id=- method=GET path=/ status=200 duration_ms=1.45
INFO 2026-03-06 09:54:01,917 correlation 7 128139497830080 request_complete correlation_id=a85fdb1c-38e3-4968-bc57-ab767909692e tenant_id=- user_id=- method=GET path=/ status=200 duration_ms=1.6
INFO 2026-03-06 09:54:31,955 correlation 7 128139497830080 request_complete correlation_id=cfa72d10-07f2-4205-ac29-cab0a5d0c22c tenant_id=- user_id=- method=GET path=/ status=200 duration_ms=1.3
INFO 2026-03-06 09:55:01,996 correlation 9 128139497830080 request_complete correlation_id=fbe60446-3a02-487e-9bf3-a54da8b2fff8 tenant_id=- user_id=- method=GET path=/ status=200 duration_ms=1.59
INFO 2026-03-06 09:55:32,035 correlation 7 128139497830080 request_complete correlation_id=cf8b82cc-5290-4715-baf9-1a88f2a95d3b tenant_id=- user_id=- method=GET path=/ status=200 duration_ms=1.35
INFO 2026-03-06 09:56:02,071 correlation 7 128139497830080 request_complete correlation_id=dcd25500-f1d0-4bc6-b6b2-18d449a54ef3 tenant_id=- user_id=- method=GET path=/ status=200 duration_ms=1.38
INFO 2026-03-06 09:56:32,109 correlation 8 128139497830080 request_complete correlation_id=aa102730-f010-43cf-bf96-17e27805e813 tenant_id=- user_id=- method=GET path=/ status=200 duration_ms=1.3
INFO 2026-03-06 09:57:02,150 correlation 9 128139497830080 request_complete correlation_id=af9ed473-76ff-4b01-909a-acff069766b5 tenant_id=- user_id=- method=GET path=/ status=200 duration_ms=1.32
INFO 2026-03-06 09:57:32,897 correlation 7 128139497830080 request_complete correlation_id=6004bfd2-c9e8-4f12-b3dd-7c1078426a9d tenant_id=- user_id=- method=GET path=/ status=200 duration_ms=1.43
INFO 2026-03-06 09:58:02,938 correlation 8 128139497830080 request_complete correlation_id=94e205f6-97d0-4f56-9eaf-35662e69a6c5 tenant_id=- user_id=- method=GET path=/ status=200 duration_ms=1.55
INFO 2026-03-06 09:58:32,981 correlation 8 128139497830080 request_complete correlation_id=14ba622c-5b17-45f9-9d06-727c20d1965b tenant_id=- user_id=- method=GET path=/ status=200 duration_ms=1.47
INFO 2026-03-06 09:59:03,022 correlation 9 128139497830080 request_complete correlation_id=aa0aaca5-1e00-4845-a31b-b468dfc537d5 tenant_id=- user_id=- method=GET path=/ status=200 duration_ms=1.34
INFO 2026-03-06 09:59:33,061 correlation 9 128139497830080 request_complete correlation_id=93f7cf7f-d7de-4e58-83bc-53bbf1adf00b tenant_id=- user_id=- method=GET path=/ status=200 duration_ms=1.39
INFO 2026-03-06 10:00:03,101 correlation 9 128139497830080 request_complete correlation_id=c5292adb-f507-4b13-a7ad-00d12a2ee498 tenant_id=- user_id=- method=GET path=/ status=200 duration_ms=1.24
INFO 2026-03-06 10:00:33,144 correlation 8 128139497830080 request_complete correlation_id=c26efc93-0ff9-4463-ab34-070874a26897 tenant_id=- user_id=- method=GET path=/ status=200 duration_ms=1.25
INFO 2026-03-06 10:01:03,182 correlation 7 128139497830080 request_complete correlation_id=6ae0f6f1-e34d-40fb-912f-244fd64864d8 tenant_id=- user_id=- method=GET path=/ status=200 duration_ms=1.34
INFO 2026-03-06 10:01:33,224 correlation 9 128139497830080 request_complete correlation_id=f200088d-1c99-4f43-a95e-b67b21cf2683 tenant_id=- user_id=- method=GET path=/ status=200 duration_ms=1.38
INFO 2026-03-06 10:02:03,271 correlation 9 128139497830080 request_complete correlation_id=ef97bb79-5ab9-4475-82aa-52070a021640 tenant_id=- user_id=- method=GET path=/ status=200 duration_ms=1.29
INFO 2026-03-06 10:02:33,313 correlation 9 128139497830080 request_complete correlation_id=c79ee67c-0554-4a03-a9ac-eaabb1fa5913 tenant_id=- user_id=- method=GET path=/ status=200 duration_ms=1.31
INFO 2026-03-06 10:03:03,351 correlation 8 128139497830080 request_complete correlation_id=79cf17ec-af5d-43a9-a135-0bde9124cf9e tenant_id=- user_id=- method=GET path=/ status=200 duration_ms=1.84
INFO 2026-03-06 10:03:33,388 correlation 8 128139497830080 request_complete correlation_id=c5ff3ae2-f5e6-4f5d-9f74-cf69aa2d7ac2 tenant_id=- user_id=- method=GET path=/ status=200 duration_ms=1.35
INFO 2026-03-06 10:04:03,433 correlation 9 128139497830080 request_complete correlation_id=abf0158b-e204-4336-869a-34cf45f6bdc3 tenant_id=- user_id=- method=GET path=/ status=200 duration_ms=1.24
INFO 2026-03-06 10:04:33,475 correlation 8 128139497830080 request_complete correlation_id=841e4300-f83b-4ecb-91bf-0f08ddf0c94a tenant_id=- user_id=- method=GET path=/ status=200 duration_ms=1.44
INFO 2026-03-06 10:05:03,513 correlation 9 128139497830080 request_complete correlation_id=d0ec57b7-2c80-4cf9-94a4-e5f20b791718 tenant_id=- user_id=- method=GET path=/ status=200 duration_ms=1.46
INFO 2026-03-06 10:05:33,557 correlation 9 128139497830080 request_complete correlation_id=e1730d3b-cafd-40a5-bd1a-61e002f00e1d tenant_id=- user_id=- method=GET path=/ status=200 duration_ms=1.31
INFO 2026-03-06 10:06:03,600 correlation 9 128139497830080 request_complete correlation_id=eee57c2e-74a5-419d-bba0-46255cdb0f25 tenant_id=- user_id=- method=GET path=/ status=200 duration_ms=1.27
INFO 2026-03-06 10:06:33,641 correlation 8 128139497830080 request_complete correlation_id=a2fd47fe-eae0-409e-b41a-08c7b7bf512a tenant_id=- user_id=- method=GET path=/ status=200 duration_ms=1.25
INFO 2026-03-06 10:07:03,679 correlation 7 128139497830080 request_complete correlation_id=71fd6c56-cdd2-414c-965b-4ef1dedb60f1 tenant_id=- user_id=- method=GET path=/ status=200 duration_ms=1.45
INFO 2026-03-06 10:07:33,718 correlation 8 128139497830080 request_complete correlation_id=5ba7c6c4-8657-44ad-8b77-5d0b6ab1d639 tenant_id=- user_id=- method=GET path=/ status=200 duration_ms=1.29
INFO 2026-03-06 10:08:03,757 correlation 9 128139497830080 request_complete correlation_id=f42fd97d-8e97-493f-b673-213ca185a633 tenant_id=- user_id=- method=GET path=/ status=200 duration_ms=1.27
INFO 2026-03-06 10:08:33,799 correlation 8 128139497830080 request_complete correlation_id=6e44417d-3442-4d37-ad7c-0a373497d265 tenant_id=- user_id=- method=GET path=/ status=200 duration_ms=1.25
INFO 2026-03-06 10:09:03,839 correlation 7 128139497830080 request_complete correlation_id=898520c2-73ce-4590-a7c1-2c65b7e177de tenant_id=- user_id=- method=GET path=/ status=200 duration_ms=1.31
INFO 2026-03-06 10:09:33,881 correlation 8 128139497830080 request_complete correlation_id=f873c27e-0aee-4b7d-82ce-518168aef6b6 tenant_id=- user_id=- method=GET path=/ status=200 duration_ms=1.38
INFO 2026-03-06 10:10:03,923 correlation 7 128139497830080 request_complete correlation_id=0bd9ac9a-f627-4476-bf7b-446ff122586a tenant_id=- user_id=- method=GET path=/ status=200 duration_ms=1.23
INFO 2026-03-06 10:10:33,960 correlation 8 128139497830080 request_complete correlation_id=c8272a3b-5c30-4e77-88aa-b8941c13638d tenant_id=- user_id=- method=GET path=/ status=200 duration_ms=1.48
INFO 2026-03-06 10:11:04,001 correlation 9 128139497830080 request_complete correlation_id=3f8f82c1-0403-49a6-9ad5-9ba0399305e0 tenant_id=- user_id=- method=GET path=/ status=200 duration_ms=1.73
INFO 2026-03-06 10:11:34,047 correlation 7 128139497830080 request_complete correlation_id=1dd23057-0564-4d41-b30a-976235febc3c tenant_id=- user_id=- method=GET path=/ status=200 duration_ms=1.3
INFO 2026-03-06 10:12:04,083 correlation 8 128139497830080 request_complete correlation_id=6e4e4752-9aaf-435e-b0c1-cbeece6f416a tenant_id=- user_id=- method=GET path=/ status=200 duration_ms=1.26
INFO 2026-03-06 10:12:34,117 correlation 8 128139497830080 request_complete correlation_id=3df85f89-439b-456a-b667-09ef9539420f tenant_id=- user_id=- method=GET path=/ status=200 duration_ms=1.31
INFO 2026-03-06 10:13:04,156 correlation 8 128139497830080 request_complete correlation_id=2048c69f-2d6b-4b7f-aa6b-b2acf5d04b4c tenant_id=- user_id=- method=GET path=/ status=200 duration_ms=1.34
INFO 2026-03-06 10:13:34,202 correlation 9 128139497830080 request_complete correlation_id=8b671e6b-53a8-4119-8e99-9f4c6c65c079 tenant_id=- user_id=- method=GET path=/ status=200 duration_ms=1.28
INFO 2026-03-06 10:14:04,242 correlation 9 128139497830080 request_complete correlation_id=a57eccd1-7a08-488f-89db-f4d18362ba7d tenant_id=- user_id=- method=GET path=/ status=200 duration_ms=1.23
INFO 2026-03-06 10:14:34,286 correlation 7 128139497830080 request_complete correlation_id=7ad8536d-70f2-4518-a1cb-d04df0792844 tenant_id=- user_id=- method=GET path=/ status=200 duration_ms=1.31
INFO 2026-03-06 10:15:04,328 correlation 7 128139497830080 request_complete correlation_id=84cf218f-cae3-4f26-9967-04dc1ef49050 tenant_id=- user_id=- method=GET path=/ status=200 duration_ms=1.27
INFO 2026-03-06 10:15:34,365 correlation 8 128139497830080 request_complete correlation_id=0336ee8f-5f97-4fc1-9ef2-a12ac44f597f tenant_id=- user_id=- method=GET path=/ status=200 duration_ms=1.48
INFO 2026-03-06 10:16:04,403 correlation 9 128139497830080 request_complete correlation_id=5bc0f9af-976a-4230-a658-7bc79d6d1830 tenant_id=- user_id=- method=GET path=/ status=200 duration_ms=1.24
INFO 2026-03-06 10:16:34,439 correlation 8 128139497830080 request_complete correlation_id=a7a22ae8-0dab-422d-a900-3aa0205875f5 tenant_id=- user_id=- method=GET path=/ status=200 duration_ms=1.28
INFO 2026-03-06 10:17:04,477 correlation 8 128139497830080 request_complete correlation_id=53c8a8e8-8627-4a95-9235-b3acf451f6b5 tenant_id=- user_id=- method=GET path=/ status=200 duration_ms=1.26
INFO 2026-03-06 10:17:34,524 correlation 7 128139497830080 request_complete correlation_id=ce6d85d4-f44a-4a18-97be-ec81246dfa25 tenant_id=- user_id=- method=GET path=/ status=200 duration_ms=1.21
INFO 2026-03-06 10:18:04,562 correlation 8 128139497830080 request_complete correlation_id=907c1912-0377-403e-a3c3-c2565d967d5c tenant_id=- user_id=- method=GET path=/ status=200 duration_ms=1.28
INFO 2026-03-06 10:18:34,596 correlation 7 128139497830080 request_complete correlation_id=43722d28-9080-46e0-a15e-5a04bdcf39da tenant_id=- user_id=- method=GET path=/ status=200 duration_ms=1.41
INFO 2026-03-06 10:19:04,634 correlation 9 128139497830080 request_complete correlation_id=02b80e8a-443d-4de3-96c9-d246acaa4438 tenant_id=- user_id=- method=GET path=/ status=200 duration_ms=1.32
INFO 2026-03-06 10:19:34,673 correlation 9 128139497830080 request_complete correlation_id=537312af-ebd0-41d0-9c61-f8f268847473 tenant_id=- user_id=- method=GET path=/ status=200 duration_ms=1.31
INFO 2026-03-06 10:20:04,710 correlation 9 128139497830080 request_complete correlation_id=eddaa46f-26b0-4f5a-a00c-645cfbaa684f tenant_id=- user_id=- method=GET path=/ status=200 duration_ms=1.26
INFO 2026-03-06 10:20:34,747 correlation 7 128139497830080 request_complete correlation_id=edf0be08-077c-48b7-9377-c47528920a82 tenant_id=- user_id=- method=GET path=/ status=200 duration_ms=1.23
INFO 2026-03-06 10:21:04,792 correlation 8 128139497830080 request_complete correlation_id=405cb5c5-6ecd-43d1-b888-a40314be152e tenant_id=- user_id=- method=GET path=/ status=200 duration_ms=1.25
INFO 2026-03-06 10:21:34,837 correlation 8 128139497830080 request_complete correlation_id=885aba36-9ec8-46fa-8c78-b6c51d935ba2 tenant_id=- user_id=- method=GET path=/ status=200 duration_ms=1.27
INFO 2026-03-06 10:22:04,877 correlation 7 128139497830080 request_complete correlation_id=e790a6f2-97f6-4e15-b22b-428dba82c8e3 tenant_id=- user_id=- method=GET path=/ status=200 duration_ms=1.25
INFO 2026-03-06 10:22:34,919 correlation 8 128139497830080 request_complete correlation_id=26732aa0-18c3-4c0c-938d-1dd42c7a3373 tenant_id=- user_id=- method=GET path=/ status=200 duration_ms=1.24
INFO 2026-03-06 10:23:04,957 correlation 8 128139497830080 request_complete correlation_id=8c21de85-4eab-4681-a07d-9bccc74d37ac tenant_id=- user_id=- method=GET path=/ status=200 duration_ms=1.27
INFO 2026-03-06 10:23:34,994 correlation 7 128139497830080 request_complete correlation_id=92311db6-efda-458b-bdf7-4d8b6ac5f97f tenant_id=- user_id=- method=GET path=/ status=200 duration_ms=1.26
INFO 2026-03-06 10:24:05,032 correlation 8 128139497830080 request_complete correlation_id=4c4a6141-8a81-495a-b376-8adb134aa50a tenant_id=- user_id=- method=GET path=/ status=200 duration_ms=1.36
INFO 2026-03-06 10:24:35,073 correlation 9 128139497830080 request_complete correlation_id=3560fe24-314f-4474-a73f-378c36024945 tenant_id=- user_id=- method=GET path=/ status=200 duration_ms=1.23
INFO 2026-03-06 10:25:05,113 correlation 8 128139497830080 request_complete correlation_id=a928b350-5c41-4766-b06e-6b387513482b tenant_id=- user_id=- method=GET path=/ status=200 duration_ms=1.49
INFO 2026-03-06 10:25:35,158 correlation 8 128139497830080 request_complete correlation_id=92543ab5-4392-4b55-a9ca-b7d76b953470 tenant_id=- user_id=- method=GET path=/ status=200 duration_ms=1.25
INFO 2026-03-06 10:26:05,198 correlation 8 128139497830080 request_complete correlation_id=6bf0040f-f952-43fa-b9d9-0cd690de22c6 tenant_id=- user_id=- method=GET path=/ status=200 duration_ms=1.27
INFO 2026-03-06 10:26:35,242 correlation 7 128139497830080 request_complete correlation_id=6bf259a5-f8a1-401a-9e88-85974a03396c tenant_id=- user_id=- method=GET path=/ status=200 duration_ms=1.71
INFO 2026-03-06 10:27:05,280 correlation 7 128139497830080 request_complete correlation_id=149c3dfd-6a24-4ce5-ac77-c1455c60596c tenant_id=- user_id=- method=GET path=/ status=200 duration_ms=1.28
INFO 2026-03-06 10:27:35,317 correlation 8 128139497830080 request_complete correlation_id=e7ea25d0-1fe3-423b-85f2-72f65aea23d9 tenant_id=- user_id=- method=GET path=/ status=200 duration_ms=1.26
INFO 2026-03-06 10:28:05,359 correlation 7 128139497830080 request_complete correlation_id=36e46afe-99c5-464f-866d-0b34582355a7 tenant_id=- user_id=- method=GET path=/ status=200 duration_ms=1.25
INFO 2026-03-06 10:28:35,402 correlation 8 128139497830080 request_complete correlation_id=664af66e-9250-4502-b1e5-4b1a537d29f6 tenant_id=- user_id=- method=GET path=/ status=200 duration_ms=1.46
INFO 2026-03-06 10:29:05,439 correlation 7 128139497830080 request_complete correlation_id=925c00cc-0c46-4483-99f6-4534e664e039 tenant_id=- user_id=- method=GET path=/ status=200 duration_ms=1.25
INFO 2026-03-06 10:29:35,484 correlation 7 128139497830080 request_complete correlation_id=ed9f3d33-4534-4263-8403-52cd912712ca tenant_id=- user_id=- method=GET path=/ status=200 duration_ms=1.21
INFO 2026-03-06 10:30:05,532 correlation 7 128139497830080 request_complete correlation_id=f26ae796-c150-42e5-a710-5c1003b7ef8d tenant_id=- user_id=- method=GET path=/ status=200 duration_ms=1.25
INFO 2026-03-06 10:30:35,569 correlation 8 128139497830080 request_complete correlation_id=ff6a0e6d-e205-4415-b443-d3f3085ff87d tenant_id=- user_id=- method=GET path=/ status=200 duration_ms=1.27
INFO 2026-03-06 10:31:05,606 correlation 8 128139497830080 request_complete correlation_id=7545ab3f-2673-4d0c-b5f0-d07ad688a851 tenant_id=- user_id=- method=GET path=/ status=200 duration_ms=1.3
INFO 2026-03-06 10:31:35,648 correlation 7 128139497830080 request_complete correlation_id=8eafa49d-53c7-4971-9a2b-a271cea99d44 tenant_id=- user_id=- method=GET path=/ status=200 duration_ms=1.28
INFO 2026-03-06 10:32:05,687 correlation 8 128139497830080 request_complete correlation_id=fde1b672-9217-4e39-a710-66bee8493910 tenant_id=- user_id=- method=GET path=/ status=200 duration_ms=1.26
INFO 2026-03-06 10:32:35,737 correlation 7 128139497830080 request_complete correlation_id=1b89527d-5d69-4bc9-9077-601e6d0a9c0f tenant_id=- user_id=- method=GET path=/ status=200 duration_ms=1.29
INFO 2026-03-06 10:33:05,773 correlation 9 128139497830080 request_complete correlation_id=4c2dfdbd-3f65-4d1a-a997-45571df458f5 tenant_id=- user_id=- method=GET path=/ status=200 duration_ms=1.22
INFO 2026-03-06 10:33:35,808 correlation 9 128139497830080 request_complete correlation_id=d2ff9953-d78e-456c-ba5b-b40a95104d5b tenant_id=- user_id=- method=GET path=/ status=200 duration_ms=1.48
INFO 2026-03-06 10:34:05,846 correlation 7 128139497830080 request_complete correlation_id=cef372e2-63f2-413e-a86e-12b06733b035 tenant_id=- user_id=- method=GET path=/ status=200 duration_ms=1.24
INFO 2026-03-06 10:34:35,893 correlation 9 128139497830080 request_complete correlation_id=8ba4831d-5a0f-4fa6-b026-b526c8a24d7d tenant_id=- user_id=- method=GET path=/ status=200 duration_ms=1.32
INFO 2026-03-06 10:35:05,929 correlation 9 128139497830080 request_complete correlation_id=a9a9d522-8609-4ccf-a053-96ea576a8d50 tenant_id=- user_id=- method=GET path=/ status=200 duration_ms=1.29
INFO 2026-03-06 10:35:35,980 correlation 8 128139497830080 request_complete correlation_id=30778bb5-210c-4024-98a8-4da964ee530b tenant_id=- user_id=- method=GET path=/ status=200 duration_ms=1.29
INFO 2026-03-06 10:36:06,024 correlation 8 128139497830080 request_complete correlation_id=27565358-d6f8-461d-b558-29a2240aa025 tenant_id=- user_id=- method=GET path=/ status=200 duration_ms=1.48
INFO 2026-03-06 10:36:36,063 correlation 8 128139497830080 request_complete correlation_id=b742d986-49ba-4f86-8c0b-f02744e05452 tenant_id=- user_id=- method=GET path=/ status=200 duration_ms=1.24
INFO 2026-03-06 10:37:06,101 correlation 9 128139497830080 request_complete correlation_id=6b6d1612-ba08-4571-bcdb-c19075febc5a tenant_id=- user_id=- method=GET path=/ status=200 duration_ms=1.39
INFO 2026-03-06 10:37:36,152 correlation 9 128139497830080 request_complete correlation_id=9ad43927-b763-425f-9ba7-1e44cd9c2d5e tenant_id=- user_id=- method=GET path=/ status=200 duration_ms=1.47
INFO 2026-03-06 10:38:06,189 correlation 9 128139497830080 request_complete correlation_id=9c86d47a-59bb-4376-97a2-41e7237d5766 tenant_id=- user_id=- method=GET path=/ status=200 duration_ms=1.27
INFO 2026-03-06 10:38:36,229 correlation 9 128139497830080 request_complete correlation_id=0406fe2b-5aca-404b-b752-50a050aeabc8 tenant_id=- user_id=- method=GET path=/ status=200 duration_ms=1.31
INFO 2026-03-06 10:39:06,266 correlation 7 128139497830080 request_complete correlation_id=46511a5e-642a-43de-894d-79b669607d3d tenant_id=- user_id=- method=GET path=/ status=200 duration_ms=1.46
INFO 2026-03-06 10:39:36,304 correlation 8 128139497830080 request_complete correlation_id=3f8cee4e-5919-41a6-b2a2-c093872912fb tenant_id=- user_id=- method=GET path=/ status=200 duration_ms=1.37
INFO 2026-03-06 10:40:06,342 correlation 9 128139497830080 request_complete correlation_id=c5166404-fbb7-417c-9fae-28561ab74f34 tenant_id=- user_id=- method=GET path=/ status=200 duration_ms=1.35
INFO 2026-03-06 10:40:36,385 correlation 9 128139497830080 request_complete correlation_id=2911d340-5f2a-451b-8462-3d271efc688a tenant_id=- user_id=- method=GET path=/ status=200 duration_ms=1.32
INFO 2026-03-06 10:41:06,429 correlation 8 128139497830080 request_complete correlation_id=68c939b8-a0a6-4744-9c99-e9d82633033a tenant_id=- user_id=- method=GET path=/ status=200 duration_ms=1.58
INFO 2026-03-06 10:41:36,467 correlation 8 128139497830080 request_complete correlation_id=660dffee-e3c7-42ed-97bd-329afb8be833 tenant_id=- user_id=- method=GET path=/ status=200 duration_ms=1.5
INFO 2026-03-06 10:42:06,508 correlation 9 128139497830080 request_complete correlation_id=f80a42b5-0573-45c0-bfe6-a5fc77175eed tenant_id=- user_id=- method=GET path=/ status=200 duration_ms=1.51
INFO 2026-03-06 10:42:36,549 correlation 8 128139497830080 request_complete correlation_id=70e1c5a2-2baa-45ac-a2ca-7153fa7a96cc tenant_id=- user_id=- method=GET path=/ status=200 duration_ms=1.38
INFO 2026-03-06 10:43:06,592 correlation 8 128139497830080 request_complete correlation_id=66179339-28ce-44b7-8f90-53612d96216a tenant_id=- user_id=- method=GET path=/ status=200 duration_ms=1.2
INFO 2026-03-06 10:43:36,635 correlation 8 128139497830080 request_complete correlation_id=20eefec9-4df6-4282-af4a-9ba8c3ef9b10 tenant_id=- user_id=- method=GET path=/ status=200 duration_ms=1.33
INFO 2026-03-06 10:44:06,678 correlation 7 128139497830080 request_complete correlation_id=eb753348-9b30-4470-bc18-5b51ef335dea tenant_id=- user_id=- method=GET path=/ status=200 duration_ms=1.22
INFO 2026-03-06 10:44:36,723 correlation 8 128139497830080 request_complete correlation_id=97cbb0b7-c11b-4675-83d9-907cf843db37 tenant_id=- user_id=- method=GET path=/ status=200 duration_ms=1.28
INFO 2026-03-06 10:45:06,760 correlation 8 128139497830080 request_complete correlation_id=fe81810d-2943-42d0-ac99-da40e240cfe9 tenant_id=- user_id=- method=GET path=/ status=200 duration_ms=1.33
INFO 2026-03-06 10:45:36,800 correlation 8 128139497830080 request_complete correlation_id=dd5362e3-a9a3-4d2c-9f29-a2b6610145a2 tenant_id=- user_id=- method=GET path=/ status=200 duration_ms=1.39
INFO 2026-03-06 10:46:06,835 correlation 8 128139497830080 request_complete correlation_id=9c4f978c-3d5a-4e93-add4-459da00c2036 tenant_id=- user_id=- method=GET path=/ status=200 duration_ms=1.26
INFO 2026-03-06 10:46:36,876 correlation 9 128139497830080 request_complete correlation_id=46b7f58b-efc6-423a-bdb6-632094689a62 tenant_id=- user_id=- method=GET path=/ status=200 duration_ms=1.31
INFO 2026-03-06 10:47:06,911 correlation 7 128139497830080 request_complete correlation_id=a83306b7-16b3-4621-8eb3-091a677cb5c9 tenant_id=- user_id=- method=GET path=/ status=200 duration_ms=1.34
INFO 2026-03-06 10:47:36,953 correlation 8 128139497830080 request_complete correlation_id=0c33afd7-7d75-4957-9276-25936c06acce tenant_id=- user_id=- method=GET path=/ status=200 duration_ms=1.31
INFO 2026-03-06 10:48:06,992 correlation 7 128139497830080 request_complete correlation_id=1b10637a-9915-4400-8693-22960e932448 tenant_id=- user_id=- method=GET path=/ status=200 duration_ms=1.22
INFO 2026-03-06 10:48:37,026 correlation 8 128139497830080 request_complete correlation_id=448c4eaa-95d3-4a58-9633-9775e5eec51a tenant_id=- user_id=- method=GET path=/ status=200 duration_ms=1.83
INFO 2026-03-06 10:49:07,063 correlation 9 128139497830080 request_complete correlation_id=908647ba-28a1-4933-8369-c1216ff66432 tenant_id=- user_id=- method=GET path=/ status=200 duration_ms=1.33
INFO 2026-03-06 10:49:37,109 correlation 9 128139497830080 request_complete correlation_id=07cbc276-b05a-4d17-aa3d-c9c99897c72b tenant_id=- user_id=- method=GET path=/ status=200 duration_ms=1.27
INFO 2026-03-06 10:50:07,150 correlation 7 128139497830080 request_complete correlation_id=26c359b4-53fc-4649-959e-539e7d8c519a tenant_id=- user_id=- method=GET path=/ status=200 duration_ms=1.48
INFO 2026-03-06 10:50:37,192 correlation 9 128139497830080 request_complete correlation_id=6678d4f2-f952-4bd1-8045-8ccf39453ec3 tenant_id=- user_id=- method=GET path=/ status=200 duration_ms=1.53
INFO 2026-03-06 10:51:07,233 correlation 9 128139497830080 request_complete correlation_id=866f4319-0430-4705-b5f7-5561209cbf86 tenant_id=- user_id=- method=GET path=/ status=200 duration_ms=1.34
INFO 2026-03-06 10:51:37,272 correlation 9 128139497830080 request_complete correlation_id=f4dce0ec-d1d2-40fc-a6eb-8c63c6e7acfc tenant_id=- user_id=- method=GET path=/ status=200 duration_ms=1.25
INFO 2026-03-06 10:52:07,316 correlation 8 128139497830080 request_complete correlation_id=d64345a5-5ebe-400f-999d-7891d8410262 tenant_id=- user_id=- method=GET path=/ status=200 duration_ms=1.22
INFO 2026-03-06 10:52:37,359 correlation 8 128139497830080 request_complete correlation_id=9448930d-6dd1-4b6f-843a-9710967bcc3e tenant_id=- user_id=- method=GET path=/ status=200 duration_ms=1.24
INFO 2026-03-06 10:53:07,398 correlation 8 128139497830080 request_complete correlation_id=347a5e35-94b5-4207-960c-82ae2b0d663b tenant_id=- user_id=- method=GET path=/ status=200 duration_ms=1.25
INFO 2026-03-06 10:53:37,444 correlation 8 128139497830080 request_complete correlation_id=e566938e-82d4-4a86-81af-e9b562dd473d tenant_id=- user_id=- method=GET path=/ status=200 duration_ms=1.46
INFO 2026-03-06 10:54:07,487 correlation 7 128139497830080 request_complete correlation_id=7028269c-3f78-4856-b6bf-f78343c399e4 tenant_id=- user_id=- method=GET path=/ status=200 duration_ms=1.3
INFO 2026-03-06 10:54:37,529 correlation 7 128139497830080 request_complete correlation_id=7c2829aa-b05d-4e0f-ade2-617f73404d38 tenant_id=- user_id=- method=GET path=/ status=200 duration_ms=1.29
INFO 2026-03-06 10:55:07,566 correlation 7 128139497830080 request_complete correlation_id=65dac7cb-7103-43ca-bff2-95e86566be56 tenant_id=- user_id=- method=GET path=/ status=200 duration_ms=1.21
INFO 2026-03-06 10:55:37,609 correlation 7 128139497830080 request_complete correlation_id=a840e0f5-3415-4520-8673-8248f82ae7ce tenant_id=- user_id=- method=GET path=/ status=200 duration_ms=1.28
INFO 2026-03-06 10:56:07,649 correlation 8 128139497830080 request_complete correlation_id=981b6a51-b292-4122-a586-d1fdc62c6c73 tenant_id=- user_id=- method=GET path=/ status=200 duration_ms=4.14
INFO 2026-03-06 10:56:37,699 correlation 7 128139497830080 request_complete correlation_id=a32c5400-8e6a-467b-bf38-9ff3425c629c tenant_id=- user_id=- method=GET path=/ status=200 duration_ms=1.5
INFO 2026-03-06 10:57:07,734 correlation 9 128139497830080 request_complete correlation_id=454745d6-75d9-41fd-a1d7-2a6045db11b5 tenant_id=- user_id=- method=GET path=/ status=200 duration_ms=1.42
INFO 2026-03-06 10:57:37,771 correlation 9 128139497830080 request_complete correlation_id=f760b013-ef2f-4f23-a3b9-268ad8120ba8 tenant_id=- user_id=- method=GET path=/ status=200 duration_ms=1.31
INFO 2026-03-06 10:58:07,812 correlation 8 128139497830080 request_complete correlation_id=3e2ae3c7-def1-4dec-a0af-ff641c53d4f0 tenant_id=- user_id=- method=GET path=/ status=200 duration_ms=1.27
INFO 2026-03-06 10:58:37,854 correlation 8 128139497830080 request_complete correlation_id=bb5b9fe5-5816-49ae-9a10-a9e4e3025d28 tenant_id=- user_id=- method=GET path=/ status=200 duration_ms=1.24
INFO 2026-03-06 10:59:07,895 correlation 7 128139497830080 request_complete correlation_id=8510315b-026b-47fe-a915-93759534aa6f tenant_id=- user_id=- method=GET path=/ status=200 duration_ms=1.4
INFO 2026-03-06 10:59:37,932 correlation 8 128139497830080 request_complete correlation_id=c9b65156-d1d7-49e9-8722-2a9ee0f274e7 tenant_id=- user_id=- method=GET path=/ status=200 duration_ms=1.5
INFO 2026-03-06 11:00:07,975 correlation 8 128139497830080 request_complete correlation_id=9e2205b1-ec03-44b6-8bd2-8e8ea5a78e7b tenant_id=- user_id=- method=GET path=/ status=200 duration_ms=1.29
INFO 2026-03-06 11:00:38,017 correlation 8 128139497830080 request_complete correlation_id=e855dd99-3fca-46ec-8b73-0a1d11799426 tenant_id=- user_id=- method=GET path=/ status=200 duration_ms=1.43
INFO 2026-03-06 11:01:08,055 correlation 9 128139497830080 request_complete correlation_id=c6c62ce2-b2cf-4ec0-b868-79a8cf837bd6 tenant_id=- user_id=- method=GET path=/ status=200 duration_ms=1.37
INFO 2026-03-06 11:01:38,092 correlation 8 128139497830080 request_complete correlation_id=e6a30dd1-be2f-4995-b0d9-236632845b91 tenant_id=- user_id=- method=GET path=/ status=200 duration_ms=1.24
INFO 2026-03-06 11:02:08,132 correlation 9 128139497830080 request_complete correlation_id=d0059fe1-de5a-4907-91f3-a279e48e20a6 tenant_id=- user_id=- method=GET path=/ status=200 duration_ms=1.23
INFO 2026-03-06 11:02:38,173 correlation 9 128139497830080 request_complete correlation_id=fe5370d3-e1bf-42e8-aa48-0dea8d6fb0dc tenant_id=- user_id=- method=GET path=/ status=200 duration_ms=1.27
INFO 2026-03-06 11:03:08,208 correlation 9 128139497830080 request_complete correlation_id=aa222504-3c54-4c1d-b572-2412fa44e803 tenant_id=- user_id=- method=GET path=/ status=200 duration_ms=1.4
INFO 2026-03-06 11:03:38,244 correlation 9 128139497830080 request_complete correlation_id=64a9d71c-c0c5-42bf-9dc0-36427045359b tenant_id=- user_id=- method=GET path=/ status=200 duration_ms=1.65
INFO 2026-03-06 11:04:08,278 correlation 9 128139497830080 request_complete correlation_id=ed3751a3-e3d3-4940-a213-345cc586cfc6 tenant_id=- user_id=- method=GET path=/ status=200 duration_ms=1.33
INFO 2026-03-06 11:04:38,317 correlation 7 128139497830080 request_complete correlation_id=c3e50af5-54d5-4742-b869-7ae3a28218da tenant_id=- user_id=- method=GET path=/ status=200 duration_ms=1.23
INFO 2026-03-06 11:05:08,353 correlation 9 128139497830080 request_complete correlation_id=b38a8358-52e9-4ec2-80b0-58e047576107 tenant_id=- user_id=- method=GET path=/ status=200 duration_ms=1.23
INFO 2026-03-06 11:05:38,405 correlation 7 128139497830080 request_complete correlation_id=2cced2ce-059c-456e-a187-2307e025faea tenant_id=- user_id=- method=GET path=/ status=200 duration_ms=1.28
INFO 2026-03-06 11:06:08,442 correlation 7 128139497830080 request_complete correlation_id=54aa971a-4a86-4a9f-b2fc-5faa617d3b46 tenant_id=- user_id=- method=GET path=/ status=200 duration_ms=1.49
INFO 2026-03-06 11:06:38,483 correlation 9 128139497830080 request_complete correlation_id=6a194f93-1b02-4f6b-8a40-06321793cd78 tenant_id=- user_id=- method=GET path=/ status=200 duration_ms=1.27
INFO 2026-03-06 11:07:08,516 correlation 9 128139497830080 request_complete correlation_id=8b0477f4-d6d7-4491-a27d-f576ccf511e8 tenant_id=- user_id=- method=GET path=/ status=200 duration_ms=1.46
INFO 2026-03-06 11:07:38,555 correlation 7 128139497830080 request_complete correlation_id=9ddf27e5-83b2-48e1-a5b3-583b82b4fcd7 tenant_id=- user_id=- method=GET path=/ status=200 duration_ms=1.23
INFO 2026-03-06 11:08:08,599 correlation 8 128139497830080 request_complete correlation_id=1291e37b-c1e8-4604-8cc4-3cc6beb0f0be tenant_id=- user_id=- method=GET path=/ status=200 duration_ms=1.32
INFO 2026-03-06 11:08:38,636 correlation 9 128139497830080 request_complete correlation_id=b616a9e5-e684-4ec5-8ec5-d20b55905d07 tenant_id=- user_id=- method=GET path=/ status=200 duration_ms=1.25
INFO 2026-03-06 11:09:08,676 correlation 8 128139497830080 request_complete correlation_id=a28213b3-7b28-4d8f-a0d8-c86aa8f75718 tenant_id=- user_id=- method=GET path=/ status=200 duration_ms=1.58
INFO 2026-03-06 11:09:38,714 correlation 9 128139497830080 request_complete correlation_id=2cbd3cf4-3982-436b-9460-54c242953860 tenant_id=- user_id=- method=GET path=/ status=200 duration_ms=1.33
INFO 2026-03-06 11:10:08,759 correlation 8 128139497830080 request_complete correlation_id=e5b7cf43-5612-4479-af8c-31fb2eb5fa0d tenant_id=- user_id=- method=GET path=/ status=200 duration_ms=1.31
INFO 2026-03-06 11:10:38,801 correlation 7 128139497830080 request_complete correlation_id=2db03bf6-cd72-47b1-b8bd-d68effe5a671 tenant_id=- user_id=- method=GET path=/ status=200 duration_ms=1.29
INFO 2026-03-06 11:11:08,840 correlation 7 128139497830080 request_complete correlation_id=27e22ffc-680b-413d-8214-2f26c171e5b7 tenant_id=- user_id=- method=GET path=/ status=200 duration_ms=1.32
INFO 2026-03-06 11:11:38,872 correlation 8 128139497830080 request_complete correlation_id=ae76f4cb-503f-43a3-9d33-e9720951e825 tenant_id=- user_id=- method=GET path=/ status=200 duration_ms=1.3
INFO 2026-03-06 11:12:08,906 correlation 8 128139497830080 request_complete correlation_id=2a146469-d224-4b9b-8cbb-d1a9386886e3 tenant_id=- user_id=- method=GET path=/ status=200 duration_ms=1.29
INFO 2026-03-06 11:12:38,956 correlation 9 128139497830080 request_complete correlation_id=d98a77e6-a6fa-4e70-9e70-86e16dbabdab tenant_id=- user_id=- method=GET path=/ status=200 duration_ms=1.24
INFO 2026-03-06 11:13:08,992 correlation 9 128139497830080 request_complete correlation_id=ae911e0a-2f69-4dd4-a3fc-52bd44cd37f6 tenant_id=- user_id=- method=GET path=/ status=200 duration_ms=1.29
INFO 2026-03-06 11:13:39,035 correlation 8 128139497830080 request_complete correlation_id=fa3ac3f0-9d19-40ad-b165-332938ba83db tenant_id=- user_id=- method=GET path=/ status=200 duration_ms=1.46
INFO 2026-03-06 11:14:09,073 correlation 9 128139497830080 request_complete correlation_id=42544386-a331-45cf-ac5b-a6a15cc04502 tenant_id=- user_id=- method=GET path=/ status=200 duration_ms=1.48
INFO 2026-03-06 11:14:39,110 correlation 7 128139497830080 request_complete correlation_id=299a40ed-d977-4049-a0a0-fcf1672fea91 tenant_id=- user_id=- method=GET path=/ status=200 duration_ms=1.25
INFO 2026-03-06 11:15:09,151 correlation 7 128139497830080 request_complete correlation_id=17cd32e6-1aad-4c01-a28c-3043dcc81253 tenant_id=- user_id=- method=GET path=/ status=200 duration_ms=1.3
INFO 2026-03-06 11:15:39,190 correlation 9 128139497830080 request_complete correlation_id=6255a640-d51c-4297-b74f-beb4044ddb47 tenant_id=- user_id=- method=GET path=/ status=200 duration_ms=1.36
INFO 2026-03-06 11:16:09,226 correlation 9 128139497830080 request_complete correlation_id=11b5bb36-d4ae-4d36-952d-fd6e33fd29e8 tenant_id=- user_id=- method=GET path=/ status=200 duration_ms=1.27
INFO 2026-03-06 11:16:39,266 correlation 9 128139497830080 request_complete correlation_id=950c8600-6b54-4d0d-9969-7c25f4dbdfa2 tenant_id=- user_id=- method=GET path=/ status=200 duration_ms=1.27
INFO 2026-03-06 11:17:09,305 correlation 9 128139497830080 request_complete correlation_id=0931f049-027e-4988-a233-3a0023e8f2b5 tenant_id=- user_id=- method=GET path=/ status=200 duration_ms=1.48
INFO 2026-03-06 11:17:39,341 correlation 9 128139497830080 request_complete correlation_id=9b94e51c-8d19-4783-a31c-2f0ff489a8cc tenant_id=- user_id=- method=GET path=/ status=200 duration_ms=1.3
INFO 2026-03-06 11:18:09,377 correlation 8 128139497830080 request_complete correlation_id=b25a996e-4d87-4293-bbed-4730a0f2f989 tenant_id=- user_id=- method=GET path=/ status=200 duration_ms=1.32
INFO 2026-03-06 11:18:39,413 correlation 9 128139497830080 request_complete correlation_id=abf34108-a2a2-42d9-8f3f-946934dbb658 tenant_id=- user_id=- method=GET path=/ status=200 duration_ms=1.28
INFO 2026-03-06 11:19:09,455 correlation 9 128139497830080 request_complete correlation_id=5bd37ab0-9d4f-4dca-b82e-faa020ea059e tenant_id=- user_id=- method=GET path=/ status=200 duration_ms=1.33
INFO 2026-03-06 11:19:39,496 correlation 8 128139497830080 request_complete correlation_id=c31fefea-b24e-4762-9409-99b9e1e98bbf tenant_id=- user_id=- method=GET path=/ status=200 duration_ms=1.36
INFO 2026-03-06 11:20:09,533 correlation 8 128139497830080 request_complete correlation_id=2042e73d-61d1-47a9-bfc4-240406e99827 tenant_id=- user_id=- method=GET path=/ status=200 duration_ms=1.28
INFO 2026-03-06 11:20:39,577 correlation 8 128139497830080 request_complete correlation_id=26299855-c7ae-4502-adb9-b67c490d7ef6 tenant_id=- user_id=- method=GET path=/ status=200 duration_ms=1.31
INFO 2026-03-06 11:21:09,627 correlation 8 128139497830080 request_complete correlation_id=2dd6ab95-e2b1-4fbd-be5c-d4bf9dc6da09 tenant_id=- user_id=- method=GET path=/ status=200 duration_ms=1.53
INFO 2026-03-06 11:21:39,676 correlation 7 128139497830080 request_complete correlation_id=10c28572-c965-4d88-829f-17de0dfa4d2d tenant_id=- user_id=- method=GET path=/ status=200 duration_ms=1.57
INFO 2026-03-06 11:22:09,717 correlation 8 128139497830080 request_complete correlation_id=671958e2-b1e3-48ef-8277-67eb441de809 tenant_id=- user_id=- method=GET path=/ status=200 duration_ms=1.65
INFO 2026-03-06 11:22:39,766 correlation 9 128139497830080 request_complete correlation_id=81900a62-07f8-485f-9a26-94c033a5e43e tenant_id=- user_id=- method=GET path=/ status=200 duration_ms=1.65
INFO 2026-03-06 11:23:09,807 correlation 9 128139497830080 request_complete correlation_id=26f84984-2593-4c80-b0d5-fb7caef44282 tenant_id=- user_id=- method=GET path=/ status=200 duration_ms=1.57
INFO 2026-03-06 11:23:39,861 correlation 8 128139497830080 request_complete correlation_id=3ec4ed25-31dd-4738-a482-1b4af0bec8b2 tenant_id=- user_id=- method=GET path=/ status=200 duration_ms=1.58
INFO 2026-03-06 11:24:09,903 correlation 8 128139497830080 request_complete correlation_id=e6276436-a84a-4959-90a8-d4b7676974d4 tenant_id=- user_id=- method=GET path=/ status=200 duration_ms=1.58
INFO 2026-03-06 11:24:39,951 correlation 9 128139497830080 request_complete correlation_id=9574d4ac-d434-4b61-b82a-ce97e3259b7c tenant_id=- user_id=- method=GET path=/ status=200 duration_ms=1.49
INFO 2026-03-06 11:25:09,993 correlation 9 128139497830080 request_complete correlation_id=5e9df5d4-4df6-42e8-b0b9-30dc6df898e0 tenant_id=- user_id=- method=GET path=/ status=200 duration_ms=1.59
INFO 2026-03-06 11:25:40,035 correlation 9 128139497830080 request_complete correlation_id=cea46b8a-1da5-4a7e-9a38-e80feb73f464 tenant_id=- user_id=- method=GET path=/ status=200 duration_ms=1.57
INFO 2026-03-06 11:26:10,075 correlation 7 128139497830080 request_complete correlation_id=6799f763-d710-4283-ba2f-c1f7fa96d822 tenant_id=- user_id=- method=GET path=/ status=200 duration_ms=1.59
INFO 2026-03-06 11:26:40,126 correlation 7 128139497830080 request_complete correlation_id=fbf58899-1c99-4e3b-aac1-4a73ae7ab572 tenant_id=- user_id=- method=GET path=/ status=200 duration_ms=1.59
INFO 2026-03-06 11:27:10,173 correlation 7 128139497830080 request_complete correlation_id=e2f13d27-4399-4b5e-853f-ce6b5577feef tenant_id=- user_id=- method=GET path=/ status=200 duration_ms=2.09
INFO 2026-03-06 11:27:40,213 correlation 8 128139497830080 request_complete correlation_id=ed47f3a7-a447-4a27-9d32-1efafac1a12b tenant_id=- user_id=- method=GET path=/ status=200 duration_ms=1.75
INFO 2026-03-06 11:28:10,255 correlation 8 128139497830080 request_complete correlation_id=b8bbd1ba-7f8c-4117-bd59-28c21d234a8a tenant_id=- user_id=- method=GET path=/ status=200 duration_ms=1.74
INFO 2026-03-06 11:28:40,298 correlation 7 128139497830080 request_complete correlation_id=60cab06f-3271-4856-b73a-13544a0d7cd6 tenant_id=- user_id=- method=GET path=/ status=200 duration_ms=1.62
INFO 2026-03-06 11:29:10,342 correlation 7 128139497830080 request_complete correlation_id=70b341a8-aab4-4f04-9e6a-7cfc6f9bbe31 tenant_id=- user_id=- method=GET path=/ status=200 duration_ms=1.61
INFO 2026-03-06 11:29:40,390 correlation 9 128139497830080 request_complete correlation_id=667a9ffe-519e-400c-8123-ff0927b76c50 tenant_id=- user_id=- method=GET path=/ status=200 duration_ms=1.55
INFO 2026-03-06 11:30:10,434 correlation 9 128139497830080 request_complete correlation_id=29a6d275-e6c4-4049-8a8f-7bc90443df01 tenant_id=- user_id=- method=GET path=/ status=200 duration_ms=1.63
INFO 2026-03-06 11:30:40,475 correlation 7 128139497830080 request_complete correlation_id=5ba76b82-7996-4235-a9be-cc4edc45ca5e tenant_id=- user_id=- method=GET path=/ status=200 duration_ms=1.65
INFO 2026-03-06 11:31:10,523 correlation 8 128139497830080 request_complete correlation_id=f2393dce-e8cc-41c7-9630-3aaa24489eeb tenant_id=- user_id=- method=GET path=/ status=200 duration_ms=1.67
INFO 2026-03-06 11:31:40,566 correlation 9 128139497830080 request_complete correlation_id=0a247434-5301-4900-a3a1-04b5c51daa47 tenant_id=- user_id=- method=GET path=/ status=200 duration_ms=1.6
INFO 2026-03-06 11:32:10,610 correlation 9 128139497830080 request_complete correlation_id=99c63da8-b85f-426b-9ac9-c48ed9b61acf tenant_id=- user_id=- method=GET path=/ status=200 duration_ms=1.59
INFO 2026-03-06 11:32:40,654 correlation 8 128139497830080 request_complete correlation_id=d5ecbcdd-1bd7-4398-bfe9-ccac4958a749 tenant_id=- user_id=- method=GET path=/ status=200 duration_ms=1.58
INFO 2026-03-06 11:33:10,696 correlation 7 128139497830080 request_complete correlation_id=4bae0db4-6c26-4cc7-a928-9fcd5f5b42af tenant_id=- user_id=- method=GET path=/ status=200 duration_ms=1.89
INFO 2026-03-06 11:33:40,736 correlation 7 128139497830080 request_complete correlation_id=24b02bbe-739d-48e1-8a02-a104fb1f4ded tenant_id=- user_id=- method=GET path=/ status=200 duration_ms=1.5
INFO 2026-03-06 11:34:10,782 correlation 9 128139497830080 request_complete correlation_id=69399407-ffef-4c61-90c1-ebb737e3ba64 tenant_id=- user_id=- method=GET path=/ status=200 duration_ms=1.9
INFO 2026-03-06 11:34:40,822 correlation 8 128139497830080 request_complete correlation_id=ecb80ea9-e851-4d34-a1fa-7dd00702f443 tenant_id=- user_id=- method=GET path=/ status=200 duration_ms=1.79
INFO 2026-03-06 11:35:10,873 correlation 8 128139497830080 request_complete correlation_id=86b39ea2-6199-495c-9f67-a9b80b6685ab tenant_id=- user_id=- method=GET path=/ status=200 duration_ms=1.55
INFO 2026-03-06 11:35:40,916 correlation 7 128139497830080 request_complete correlation_id=4b29911b-a551-4e13-9bd2-37386f26fb1c tenant_id=- user_id=- method=GET path=/ status=200 duration_ms=1.56
INFO 2026-03-06 11:36:10,955 correlation 8 128139497830080 request_complete correlation_id=b8dcc737-95af-4a80-a054-f61bbed228a4 tenant_id=- user_id=- method=GET path=/ status=200 duration_ms=1.54
INFO 2026-03-06 11:36:40,995 correlation 8 128139497830080 request_complete correlation_id=11798d19-5504-4a3d-9eb8-4069805cf4c1 tenant_id=- user_id=- method=GET path=/ status=200 duration_ms=1.56
INFO 2026-03-06 11:37:11,038 correlation 8 128139497830080 request_complete correlation_id=04dcb6fe-3d3d-4e03-a707-5f5ad9897523 tenant_id=- user_id=- method=GET path=/ status=200 duration_ms=1.65
INFO 2026-03-06 11:37:41,079 correlation 9 128139497830080 request_complete correlation_id=f11e5dbc-0aed-4e7f-95f4-5ecfca951e68 tenant_id=- user_id=- method=GET path=/ status=200 duration_ms=1.52
INFO 2026-03-06 11:38:11,124 correlation 9 128139497830080 request_complete correlation_id=c2fba1c6-8081-43ee-99db-e262f6121fe7 tenant_id=- user_id=- method=GET path=/ status=200 duration_ms=1.58
INFO 2026-03-06 11:38:41,165 correlation 7 128139497830080 request_complete correlation_id=cba0276f-90fd-4211-b471-1b30dfd08231 tenant_id=- user_id=- method=GET path=/ status=200 duration_ms=1.7
INFO 2026-03-06 11:39:11,212 correlation 9 128139497830080 request_complete correlation_id=760af2b8-6471-4adf-b471-c02b6435b7d1 tenant_id=- user_id=- method=GET path=/ status=200 duration_ms=1.53
INFO 2026-03-06 11:39:41,260 correlation 8 128139497830080 request_complete correlation_id=2c38babf-ccae-4138-b28e-d0fecaa97f7a tenant_id=- user_id=- method=GET path=/ status=200 duration_ms=1.82
INFO 2026-03-06 11:40:11,301 correlation 9 128139497830080 request_complete correlation_id=8bc0aa15-8715-4ae1-8003-b4609adaffe5 tenant_id=- user_id=- method=GET path=/ status=200 duration_ms=1.84
INFO 2026-03-06 11:40:41,353 correlation 9 128139497830080 request_complete correlation_id=0bffd767-a9d9-415b-bc7a-6c7d1d1cffc7 tenant_id=- user_id=- method=GET path=/ status=200 duration_ms=1.48
INFO 2026-03-06 11:41:11,396 correlation 8 128139497830080 request_complete correlation_id=a8afad62-b5b5-42ed-92dc-206e5fe685f5 tenant_id=- user_id=- method=GET path=/ status=200 duration_ms=1.55
INFO 2026-03-06 11:41:41,441 correlation 7 128139497830080 request_complete correlation_id=56ef8e82-dc3c-464c-870a-7b47ff4dab84 tenant_id=- user_id=- method=GET path=/ status=200 duration_ms=1.57
INFO 2026-03-06 11:42:11,484 correlation 9 128139497830080 request_complete correlation_id=47cf2200-74f4-49eb-b418-ac3520344ed7 tenant_id=- user_id=- method=GET path=/ status=200 duration_ms=1.47
INFO 2026-03-06 11:42:41,530 correlation 9 128139497830080 request_complete correlation_id=f5c63137-3c73-4ba1-b3ba-dfd8628b20df tenant_id=- user_id=- method=GET path=/ status=200 duration_ms=1.59
INFO 2026-03-06 11:43:11,583 correlation 8 128139497830080 request_complete correlation_id=37d957d4-a2e9-4b1b-b14f-9fa08342f396 tenant_id=- user_id=- method=GET path=/ status=200 duration_ms=1.58
INFO 2026-03-06 11:43:41,639 correlation 9 128139497830080 request_complete correlation_id=77f0684d-557d-4796-8eaa-34e48afa4fdc tenant_id=- user_id=- method=GET path=/ status=200 duration_ms=1.49
INFO 2026-03-06 11:44:11,680 correlation 8 128139497830080 request_complete correlation_id=4635bf8c-73f2-4f52-9918-09fdc1c2ce8b tenant_id=- user_id=- method=GET path=/ status=200 duration_ms=1.74
INFO 2026-03-06 11:44:41,730 correlation 9 128139497830080 request_complete correlation_id=36e34f0d-9f9a-4915-9e08-2b069c905489 tenant_id=- user_id=- method=GET path=/ status=200 duration_ms=1.82
INFO 2026-03-06 11:45:11,773 correlation 9 128139497830080 request_complete correlation_id=4ffced1b-ab2a-4868-8ac0-1ef30f5bd12a tenant_id=- user_id=- method=GET path=/ status=200 duration_ms=1.63
INFO 2026-03-06 11:45:41,818 correlation 7 128139497830080 request_complete correlation_id=6dd4a519-0e56-469e-be5a-1883f3e10a17 tenant_id=- user_id=- method=GET path=/ status=200 duration_ms=1.76
INFO 2026-03-06 11:46:11,861 correlation 7 128139497830080 request_complete correlation_id=1a0ef33c-da13-4d2f-8ac9-6fd7ea824456 tenant_id=- user_id=- method=GET path=/ status=200 duration_ms=1.6
INFO 2026-03-06 11:46:41,907 correlation 7 128139497830080 request_complete correlation_id=a506c189-6bcc-49be-8a22-e9171db3a6d8 tenant_id=- user_id=- method=GET path=/ status=200 duration_ms=1.58
INFO 2026-03-06 11:47:11,949 correlation 7 128139497830080 request_complete correlation_id=d1ecb69d-9bfc-4873-b52c-f89b2fbda997 tenant_id=- user_id=- method=GET path=/ status=200 duration_ms=1.54
INFO 2026-03-06 11:47:41,996 correlation 7 128139497830080 request_complete correlation_id=81cd33b1-ace0-49db-9ada-4d8bc673f6ef tenant_id=- user_id=- method=GET path=/ status=200 duration_ms=1.87
INFO 2026-03-06 11:48:12,041 correlation 9 128139497830080 request_complete correlation_id=f6cc9cb6-37e2-4d46-95f6-e1b168834ef7 tenant_id=- user_id=- method=GET path=/ status=200 duration_ms=1.62
INFO 2026-03-06 11:48:42,089 correlation 9 128139497830080 request_complete correlation_id=c0540bb8-25ca-4df3-a052-72918e23c097 tenant_id=- user_id=- method=GET path=/ status=200 duration_ms=1.55
INFO 2026-03-06 11:49:12,136 correlation 9 128139497830080 request_complete correlation_id=f522ebe1-2123-43a4-ae25-2b2bbd364046 tenant_id=- user_id=- method=GET path=/ status=200 duration_ms=1.81
INFO 2026-03-06 11:49:42,181 correlation 9 128139497830080 request_complete correlation_id=f9b41b17-0607-4bce-b86b-7467d9e2f8bb tenant_id=- user_id=- method=GET path=/ status=200 duration_ms=1.57
INFO 2026-03-06 11:50:12,228 correlation 7 128139497830080 request_complete correlation_id=9711c580-a2a0-4b1a-bea9-ccd81d65bfe9 tenant_id=- user_id=- method=GET path=/ status=200 duration_ms=1.57
INFO 2026-03-06 11:50:42,271 correlation 9 128139497830080 request_complete correlation_id=43795cf2-0fcc-415e-b580-022783588181 tenant_id=- user_id=- method=GET path=/ status=200 duration_ms=1.57
INFO 2026-03-06 11:51:12,310 correlation 8 128139497830080 request_complete correlation_id=ade3b95e-bc0a-48e8-8475-c60115efff41 tenant_id=- user_id=- method=GET path=/ status=200 duration_ms=1.79
INFO 2026-03-06 11:51:42,355 correlation 7 128139497830080 request_complete correlation_id=ecd5f4ab-0290-4540-b4ec-9b507770ee7e tenant_id=- user_id=- method=GET path=/ status=200 duration_ms=1.5
INFO 2026-03-06 11:52:12,403 correlation 8 128139497830080 request_complete correlation_id=6263adf1-a8d3-4b27-a159-b238071914e6 tenant_id=- user_id=- method=GET path=/ status=200 duration_ms=1.52
INFO 2026-03-06 11:52:42,453 correlation 7 128139497830080 request_complete correlation_id=fe54cbf7-5a90-4502-9d57-5ae65a2306e1 tenant_id=- user_id=- method=GET path=/ status=200 duration_ms=1.63
INFO 2026-03-06 11:53:12,499 correlation 7 128139497830080 request_complete correlation_id=c9adf5d4-7623-4edf-93e0-126bcc7e0b44 tenant_id=- user_id=- method=GET path=/ status=200 duration_ms=1.6
INFO 2026-03-06 11:53:42,540 correlation 7 128139497830080 request_complete correlation_id=23f4cda5-ef4b-477e-8a49-97720495cd87 tenant_id=- user_id=- method=GET path=/ status=200 duration_ms=1.6
INFO 2026-03-06 11:54:12,586 correlation 9 128139497830080 request_complete correlation_id=a3386aa5-5693-4589-83cc-07b9b4b24826 tenant_id=- user_id=- method=GET path=/ status=200 duration_ms=1.56
INFO 2026-03-06 11:54:42,627 correlation 8 128139497830080 request_complete correlation_id=f4f8bb41-a91b-4773-ac94-69e0af1e2766 tenant_id=- user_id=- method=GET path=/ status=200 duration_ms=1.56
INFO 2026-03-06 11:55:12,679 correlation 9 128139497830080 request_complete correlation_id=d36e5b6a-2a53-4010-94d2-aff86a0517c0 tenant_id=- user_id=- method=GET path=/ status=200 duration_ms=1.49
INFO 2026-03-06 11:55:42,727 correlation 8 128139497830080 request_complete correlation_id=f434a99a-fe50-4495-8671-520e2327d6dc tenant_id=- user_id=- method=GET path=/ status=200 duration_ms=1.56
INFO 2026-03-06 11:56:12,771 correlation 9 128139497830080 request_complete correlation_id=38c2651b-4891-4882-9d10-c2742c3964ec tenant_id=- user_id=- method=GET path=/ status=200 duration_ms=1.67
INFO 2026-03-06 11:56:42,810 correlation 9 128139497830080 request_complete correlation_id=b42fa540-4f7e-4290-abeb-d08f14524f8a tenant_id=- user_id=- method=GET path=/ status=200 duration_ms=1.5
INFO 2026-03-06 11:57:12,856 correlation 8 128139497830080 request_complete correlation_id=e8d0605b-bdbf-4b01-becb-3d6d2c863f5b tenant_id=- user_id=- method=GET path=/ status=200 duration_ms=1.59
INFO 2026-03-06 11:57:42,901 correlation 7 128139497830080 request_complete correlation_id=211e7293-ef5a-487a-a832-20b112002eb1 tenant_id=- user_id=- method=GET path=/ status=200 duration_ms=1.54
INFO 2026-03-06 11:58:12,942 correlation 7 128139497830080 request_complete correlation_id=5788b6e9-aaca-411e-8b2b-2bd33948e6ee tenant_id=- user_id=- method=GET path=/ status=200 duration_ms=1.63
INFO 2026-03-06 11:58:42,991 correlation 7 128139497830080 request_complete correlation_id=82710aea-dd44-414b-978b-40354dd180b9 tenant_id=- user_id=- method=GET path=/ status=200 duration_ms=1.67
INFO 2026-03-06 11:59:13,041 correlation 9 128139497830080 request_complete correlation_id=cf3c74e5-9c1e-4c72-90d9-4e399e2ca242 tenant_id=- user_id=- method=GET path=/ status=200 duration_ms=1.52
INFO 2026-03-06 11:59:43,087 correlation 8 128139497830080 request_complete correlation_id=4b7b3463-d57c-472d-9ba5-0b44bd0ec737 tenant_id=- user_id=- method=GET path=/ status=200 duration_ms=1.64
INFO 2026-03-06 12:00:13,136 correlation 9 128139497830080 request_complete correlation_id=1e5fcc60-4321-48f3-a3ad-62674aecbe96 tenant_id=- user_id=- method=GET path=/ status=200 duration_ms=1.5
INFO 2026-03-06 12:00:43,177 correlation 7 128139497830080 request_complete correlation_id=c88fad00-a03a-4c73-9f47-98c108814a1e tenant_id=- user_id=- method=GET path=/ status=200 duration_ms=1.5
INFO 2026-03-06 12:01:13,220 correlation 7 128139497830080 request_complete correlation_id=ef14912a-a76c-42b3-8a4f-2d7c67b2d28c tenant_id=- user_id=- method=GET path=/ status=200 duration_ms=1.59
INFO 2026-03-06 12:01:43,263 correlation 9 128139497830080 request_complete correlation_id=422f259a-8f98-419b-bb59-b9e3917528da tenant_id=- user_id=- method=GET path=/ status=200 duration_ms=1.83
INFO 2026-03-06 12:02:13,303 correlation 8 128139497830080 request_complete correlation_id=3c89e697-dee2-44d1-aa06-3c674f135b99 tenant_id=- user_id=- method=GET path=/ status=200 duration_ms=1.54
INFO 2026-03-06 12:02:43,346 correlation 7 128139497830080 request_complete correlation_id=eab8da09-6710-417c-9161-4b9205a5e433 tenant_id=- user_id=- method=GET path=/ status=200 duration_ms=1.55
INFO 2026-03-06 12:03:13,387 correlation 7 128139497830080 request_complete correlation_id=ab0233ae-0950-4b70-9569-d4db9a9c3bb3 tenant_id=- user_id=- method=GET path=/ status=200 duration_ms=1.58
INFO 2026-03-06 12:03:43,433 correlation 7 128139497830080 request_complete correlation_id=fe4bd75d-c0d3-40db-837b-6fd445f33bc3 tenant_id=- user_id=- method=GET path=/ status=200 duration_ms=1.83
INFO 2026-03-06 12:04:13,474 correlation 7 128139497830080 request_complete correlation_id=c1e33a10-8c1b-47aa-9589-419b4e452813 tenant_id=- user_id=- method=GET path=/ status=200 duration_ms=1.54
INFO 2026-03-06 12:04:43,515 correlation 7 128139497830080 request_complete correlation_id=e4ae734f-9084-4afa-a6db-eeb3303fc516 tenant_id=- user_id=- method=GET path=/ status=200 duration_ms=1.61
INFO 2026-03-06 12:05:13,558 correlation 7 128139497830080 request_complete correlation_id=5bcb5def-35e1-4c28-902e-d981b5154003 tenant_id=- user_id=- method=GET path=/ status=200 duration_ms=1.73
INFO 2026-03-06 12:05:43,602 correlation 9 128139497830080 request_complete correlation_id=3f297740-396c-4030-b5a1-2acc49eb8f45 tenant_id=- user_id=- method=GET path=/ status=200 duration_ms=1.64
INFO 2026-03-06 12:06:13,644 correlation 9 128139497830080 request_complete correlation_id=aa686e3c-cda7-4260-a7df-94c0da4ba3c4 tenant_id=- user_id=- method=GET path=/ status=200 duration_ms=1.63
INFO 2026-03-06 12:06:43,684 correlation 9 128139497830080 request_complete correlation_id=9eba1fa0-07a3-4f15-81ed-ee0c4dac7a1c tenant_id=- user_id=- method=GET path=/ status=200 duration_ms=1.75
INFO 2026-03-06 12:07:13,730 correlation 9 128139497830080 request_complete correlation_id=829046e3-3bf7-4b4c-979e-86b303e2e8c2 tenant_id=- user_id=- method=GET path=/ status=200 duration_ms=1.76
INFO 2026-03-06 12:07:43,769 correlation 9 128139497830080 request_complete correlation_id=f53a2741-8ba2-48c3-8885-c475a00f5725 tenant_id=- user_id=- method=GET path=/ status=200 duration_ms=1.53
INFO 2026-03-06 12:08:13,817 correlation 8 128139497830080 request_complete correlation_id=c355fa36-f0b2-4078-b55f-20b022a03907 tenant_id=- user_id=- method=GET path=/ status=200 duration_ms=1.62
INFO 2026-03-06 12:08:43,859 correlation 7 128139497830080 request_complete correlation_id=fcde6fa1-3139-4205-943e-2005784c3985 tenant_id=- user_id=- method=GET path=/ status=200 duration_ms=1.85
INFO 2026-03-06 12:09:13,904 correlation 8 128139497830080 request_complete correlation_id=2ba990d4-8ae5-4b7a-be6a-dbd08e057d65 tenant_id=- user_id=- method=GET path=/ status=200 duration_ms=1.53
INFO 2026-03-06 12:09:43,951 correlation 9 128139497830080 request_complete correlation_id=ba1c3c9b-2f59-4515-8aef-629a1d714dc8 tenant_id=- user_id=- method=GET path=/ status=200 duration_ms=1.57
INFO 2026-03-06 12:10:13,994 correlation 9 128139497830080 request_complete correlation_id=e84f7442-0a24-40cc-9dc8-6b377ef4375c tenant_id=- user_id=- method=GET path=/ status=200 duration_ms=1.57
INFO 2026-03-06 12:10:44,040 correlation 7 128139497830080 request_complete correlation_id=932e01d2-938c-4cb7-af56-15196a810aaa tenant_id=- user_id=- method=GET path=/ status=200 duration_ms=1.61
INFO 2026-03-06 12:11:14,081 correlation 7 128139497830080 request_complete correlation_id=050be020-b35b-4b47-b90c-72cb87343064 tenant_id=- user_id=- method=GET path=/ status=200 duration_ms=1.64
INFO 2026-03-06 12:11:44,127 correlation 7 128139497830080 request_complete correlation_id=c7dd2e76-ac0e-44b0-bb96-7e384db0db15 tenant_id=- user_id=- method=GET path=/ status=200 duration_ms=1.59
INFO 2026-03-06 12:12:14,167 correlation 9 128139497830080 request_complete correlation_id=03fdc674-791a-4868-8f85-1c49ae84c08a tenant_id=- user_id=- method=GET path=/ status=200 duration_ms=1.53
INFO 2026-03-06 12:12:44,216 correlation 9 128139497830080 request_complete correlation_id=ac45c3a8-9a62-44e8-af69-fff339aa63a2 tenant_id=- user_id=- method=GET path=/ status=200 duration_ms=1.8
INFO 2026-03-06 12:13:14,264 correlation 8 128139497830080 request_complete correlation_id=cc8ddd36-5831-468c-a877-12a9aa2d6c93 tenant_id=- user_id=- method=GET path=/ status=200 duration_ms=1.83
INFO 2026-03-06 12:13:44,304 correlation 7 128139497830080 request_complete correlation_id=c1324ebe-02d8-4cc6-93fa-8be91d910d8f tenant_id=- user_id=- method=GET path=/ status=200 duration_ms=1.49
INFO 2026-03-06 12:14:14,352 correlation 8 128139497830080 request_complete correlation_id=7e303e08-1769-4e4a-9b2c-9d46a49c2552 tenant_id=- user_id=- method=GET path=/ status=200 duration_ms=1.51
INFO 2026-03-06 12:14:44,393 correlation 8 128139497830080 request_complete correlation_id=edca7ba0-a77b-41e9-a4b6-eb88a9c2122e tenant_id=- user_id=- method=GET path=/ status=200 duration_ms=1.54
INFO 2026-03-06 12:15:14,434 correlation 8 128139497830080 request_complete correlation_id=3e5d1bd8-b17d-446d-b476-e07d275a9b60 tenant_id=- user_id=- method=GET path=/ status=200 duration_ms=1.53
INFO 2026-03-06 12:15:44,481 correlation 7 128139497830080 request_complete correlation_id=9ea49b30-fef6-4430-b286-5868d4c671b0 tenant_id=- user_id=- method=GET path=/ status=200 duration_ms=1.81
INFO 2026-03-06 12:16:14,525 correlation 8 128139497830080 request_complete correlation_id=d53829e9-d6c2-41b9-a2aa-7795afb3e775 tenant_id=- user_id=- method=GET path=/ status=200 duration_ms=1.85
INFO 2026-03-06 12:16:44,570 correlation 7 128139497830080 request_complete correlation_id=f7ed6ab0-c8b0-449a-9367-7c11c91853d9 tenant_id=- user_id=- method=GET path=/ status=200 duration_ms=1.54
INFO 2026-03-06 12:17:14,610 correlation 7 128139497830080 request_complete correlation_id=c005242f-dc93-4806-afb7-00e4cf0e64e2 tenant_id=- user_id=- method=GET path=/ status=200 duration_ms=1.53
INFO 2026-03-06 12:17:44,654 correlation 7 128139497830080 request_complete correlation_id=bf01432d-8baf-4cf9-8eba-05786b551819 tenant_id=- user_id=- method=GET path=/ status=200 duration_ms=1.48
INFO 2026-03-06 12:18:14,697 correlation 7 128139497830080 request_complete correlation_id=96f0c78e-9742-49b0-9514-818fdfe2d84b tenant_id=- user_id=- method=GET path=/ status=200 duration_ms=1.73
INFO 2026-03-06 12:18:44,744 correlation 7 128139497830080 request_complete correlation_id=5968ee2b-6f41-42ee-aef6-3ca4d629ad4f tenant_id=- user_id=- method=GET path=/ status=200 duration_ms=1.4
INFO 2026-03-06 12:19:14,788 correlation 9 128139497830080 request_complete correlation_id=61cfff2d-6bb5-4d55-8148-8a2fb38e38a7 tenant_id=- user_id=- method=GET path=/ status=200 duration_ms=1.52
INFO 2026-03-06 12:19:44,829 correlation 9 128139497830080 request_complete correlation_id=ebd4db1e-b17b-4271-869e-92ec611f3609 tenant_id=- user_id=- method=GET path=/ status=200 duration_ms=1.43
INFO 2026-03-06 12:20:14,873 correlation 7 128139497830080 request_complete correlation_id=c542371f-00ec-437b-93d3-4c160b7bad68 tenant_id=- user_id=- method=GET path=/ status=200 duration_ms=1.55
INFO 2026-03-06 12:20:44,918 correlation 8 128139497830080 request_complete correlation_id=e0d49835-1828-4b74-a3ae-a652d08846e7 tenant_id=- user_id=- method=GET path=/ status=200 duration_ms=1.42
INFO 2026-03-06 12:21:14,962 correlation 7 128139497830080 request_complete correlation_id=43f4429c-9c54-4e8e-b9cb-fefbb4eb6de7 tenant_id=- user_id=- method=GET path=/ status=200 duration_ms=1.45
INFO 2026-03-06 12:21:45,007 correlation 8 128139497830080 request_complete correlation_id=1954658c-76c9-4ba3-b86b-8e909519138f tenant_id=- user_id=- method=GET path=/ status=200 duration_ms=1.46
INFO 2026-03-06 12:22:15,046 correlation 7 128139497830080 request_complete correlation_id=a06de623-cec4-43f0-8721-6c82ef88a185 tenant_id=- user_id=- method=GET path=/ status=200 duration_ms=1.49
INFO 2026-03-06 12:22:45,085 correlation 7 128139497830080 request_complete correlation_id=4dc2633c-1625-4a59-8d60-4edc7d548f5a tenant_id=- user_id=- method=GET path=/ status=200 duration_ms=1.53
INFO 2026-03-06 12:23:15,124 correlation 8 128139497830080 request_complete correlation_id=f24144c4-ca0e-4f40-863a-c3575c140e76 tenant_id=- user_id=- method=GET path=/ status=200 duration_ms=1.42
INFO 2026-03-06 12:23:45,170 correlation 8 128139497830080 request_complete correlation_id=f0f9f3ac-be41-4860-9d27-e70e35042d34 tenant_id=- user_id=- method=GET path=/ status=200 duration_ms=1.51
INFO 2026-03-06 12:24:15,210 correlation 8 128139497830080 request_complete correlation_id=6282a2f1-9f9b-4f96-8715-8ae96d3acf1e tenant_id=- user_id=- method=GET path=/ status=200 duration_ms=1.46
INFO 2026-03-06 12:24:45,251 correlation 7 128139497830080 request_complete correlation_id=33a1764f-e343-4111-978e-f8ff13596ff9 tenant_id=- user_id=- method=GET path=/ status=200 duration_ms=1.47
INFO 2026-03-06 12:25:15,295 correlation 9 128139497830080 request_complete correlation_id=5e19d0dd-52ed-4ef6-93b0-060e15be50aa tenant_id=- user_id=- method=GET path=/ status=200 duration_ms=1.43
INFO 2026-03-06 12:25:45,341 correlation 8 128139497830080 request_complete correlation_id=ae17ce3b-c0a1-4248-99f1-cd1e311ffd7f tenant_id=- user_id=- method=GET path=/ status=200 duration_ms=1.52
INFO 2026-03-06 12:26:15,386 correlation 9 128139497830080 request_complete correlation_id=2aaff828-e4bc-4cc1-a882-133c17fadc40 tenant_id=- user_id=- method=GET path=/ status=200 duration_ms=1.65
INFO 2026-03-06 12:26:45,428 correlation 7 128139497830080 request_complete correlation_id=161ccd3b-9fb9-459d-98b3-93fe523f58c0 tenant_id=- user_id=- method=GET path=/ status=200 duration_ms=1.46
INFO 2026-03-06 12:27:15,473 correlation 7 128139497830080 request_complete correlation_id=92f8581d-750b-485f-b895-f01d106583e1 tenant_id=- user_id=- method=GET path=/ status=200 duration_ms=1.5
INFO 2026-03-06 12:27:45,511 correlation 7 128139497830080 request_complete correlation_id=bee3084e-4f4b-4907-b857-95ef42ed11ef tenant_id=- user_id=- method=GET path=/ status=200 duration_ms=1.65
INFO 2026-03-06 12:28:15,557 correlation 8 128139497830080 request_complete correlation_id=cdaa86f0-17e6-4361-9c42-23c5e630909e tenant_id=- user_id=- method=GET path=/ status=200 duration_ms=1.45
INFO 2026-03-06 12:28:45,610 correlation 9 128139497830080 request_complete correlation_id=24492b26-725d-431b-ae1d-e671dc0c46ec tenant_id=- user_id=- method=GET path=/ status=200 duration_ms=1.44
INFO 2026-03-06 12:29:15,650 correlation 7 128139497830080 request_complete correlation_id=c5f4bd93-dda3-4e47-aee0-38449c368d09 tenant_id=- user_id=- method=GET path=/ status=200 duration_ms=1.49
INFO 2026-03-06 12:29:45,689 correlation 7 128139497830080 request_complete correlation_id=4366e612-b987-46b2-adf4-268550023d28 tenant_id=- user_id=- method=GET path=/ status=200 duration_ms=1.5
INFO 2026-03-06 12:30:15,731 correlation 8 128139497830080 request_complete correlation_id=eeef279f-f517-48f3-9698-3c0882909bae tenant_id=- user_id=- method=GET path=/ status=200 duration_ms=1.4
INFO 2026-03-06 12:30:45,775 correlation 8 128139497830080 request_complete correlation_id=0f608362-229a-409a-bebc-eeaeb4a56937 tenant_id=- user_id=- method=GET path=/ status=200 duration_ms=1.56
INFO 2026-03-06 12:31:15,817 correlation 9 128139497830080 request_complete correlation_id=4d1c6800-152a-4f9a-b267-2b1f61ebbe1a tenant_id=- user_id=- method=GET path=/ status=200 duration_ms=1.46
INFO 2026-03-06 12:31:45,857 correlation 8 128139497830080 request_complete correlation_id=2606123a-5664-4b7a-a684-298ec58a11b9 tenant_id=- user_id=- method=GET path=/ status=200 duration_ms=1.44
INFO 2026-03-06 12:32:15,898 correlation 9 128139497830080 request_complete correlation_id=75e51a1e-2390-4214-a028-f5c8f8d5a278 tenant_id=- user_id=- method=GET path=/ status=200 duration_ms=1.47
INFO 2026-03-06 12:32:45,937 correlation 9 128139497830080 request_complete correlation_id=d53198b3-f7db-4d2e-a463-73b21f9dc8f4 tenant_id=- user_id=- method=GET path=/ status=200 duration_ms=1.47
INFO 2026-03-06 12:33:15,986 correlation 7 128139497830080 request_complete correlation_id=dd029d7f-f4bb-4721-8f15-7b939d5126d7 tenant_id=- user_id=- method=GET path=/ status=200 duration_ms=1.34
INFO 2026-03-06 12:33:46,026 correlation 7 128139497830080 request_complete correlation_id=90706cd6-bac3-4f59-a0d4-5866901f987c tenant_id=- user_id=- method=GET path=/ status=200 duration_ms=1.65
INFO 2026-03-06 12:34:16,064 correlation 8 128139497830080 request_complete correlation_id=376eaffe-9fe5-4206-94b5-f9a662988f33 tenant_id=- user_id=- method=GET path=/ status=200 duration_ms=1.44
INFO 2026-03-06 12:34:46,104 correlation 8 128139497830080 request_complete correlation_id=7730a099-c24d-47dc-bf4e-d979a722d256 tenant_id=- user_id=- method=GET path=/ status=200 duration_ms=1.41
INFO 2026-03-06 12:35:16,142 correlation 8 128139497830080 request_complete correlation_id=fb66bd1e-4ee6-4000-b231-d639a4db57d1 tenant_id=- user_id=- method=GET path=/ status=200 duration_ms=1.53
INFO 2026-03-06 12:35:46,180 correlation 7 128139497830080 request_complete correlation_id=0ea6a7a4-fdfd-4442-921d-73ec4b672bf1 tenant_id=- user_id=- method=GET path=/ status=200 duration_ms=1.36
INFO 2026-03-06 12:36:16,228 correlation 8 128139497830080 request_complete correlation_id=04d25323-89e5-4559-8176-90ddb071c167 tenant_id=- user_id=- method=GET path=/ status=200 duration_ms=1.38
INFO 2026-03-06 12:36:46,269 correlation 8 128139497830080 request_complete correlation_id=714bd9ee-c8a3-49bc-b5f9-e8eae2e40206 tenant_id=- user_id=- method=GET path=/ status=200 duration_ms=1.32
INFO 2026-03-06 12:37:16,311 correlation 9 128139497830080 request_complete correlation_id=a53a0c93-0a31-4d60-bab1-0287ecdcbfb8 tenant_id=- user_id=- method=GET path=/ status=200 duration_ms=1.4
INFO 2026-03-06 12:37:46,348 correlation 9 128139497830080 request_complete correlation_id=105222d0-6ca1-4f4e-a46d-49a15f75f5f0 tenant_id=- user_id=- method=GET path=/ status=200 duration_ms=1.29
INFO 2026-03-06 12:38:16,390 correlation 9 128139497830080 request_complete correlation_id=f20cb368-24b1-460f-9c08-e7d663b0ca22 tenant_id=- user_id=- method=GET path=/ status=200 duration_ms=1.53
INFO 2026-03-06 12:38:46,428 correlation 8 128139497830080 request_complete correlation_id=ae297f2c-22b6-4827-8245-20c007f22f47 tenant_id=- user_id=- method=GET path=/ status=200 duration_ms=1.43
INFO 2026-03-06 12:39:16,471 correlation 8 128139497830080 request_complete correlation_id=d7bb5576-b1b6-4159-a4a9-1fd966359700 tenant_id=- user_id=- method=GET path=/ status=200 duration_ms=1.32
INFO 2026-03-06 12:39:46,516 correlation 8 128139497830080 request_complete correlation_id=fa00aefd-0656-44fc-8614-2540120b7a6d tenant_id=- user_id=- method=GET path=/ status=200 duration_ms=1.57
INFO 2026-03-06 12:40:16,553 correlation 7 128139497830080 request_complete correlation_id=42128c88-f9c2-492d-901a-ac88ad1a6ef8 tenant_id=- user_id=- method=GET path=/ status=200 duration_ms=1.33
INFO 2026-03-06 12:40:46,591 correlation 7 128139497830080 request_complete correlation_id=a19745ea-ada0-44e6-af92-444a0e5f2914 tenant_id=- user_id=- method=GET path=/ status=200 duration_ms=1.34
INFO 2026-03-06 12:41:16,634 correlation 7 128139497830080 request_complete correlation_id=6d9c905d-fb62-4d62-8027-f9b81f44e94c tenant_id=- user_id=- method=GET path=/ status=200 duration_ms=1.3
INFO 2026-03-06 12:41:46,673 correlation 8 128139497830080 request_complete correlation_id=b910dfaa-4303-4921-a304-9624fca54590 tenant_id=- user_id=- method=GET path=/ status=200 duration_ms=1.27
INFO 2026-03-06 12:42:16,713 correlation 9 128139497830080 request_complete correlation_id=97231073-78cd-48d4-a650-10d3d65ebcf5 tenant_id=- user_id=- method=GET path=/ status=200 duration_ms=1.29
INFO 2026-03-06 12:42:46,755 correlation 9 128139497830080 request_complete correlation_id=27ff6751-b610-4520-ac12-91b2d91dc35d tenant_id=- user_id=- method=GET path=/ status=200 duration_ms=1.46
INFO 2026-03-06 12:43:16,798 correlation 9 128139497830080 request_complete correlation_id=46b65b54-1e62-4dfe-8f2d-bddd3644fcb3 tenant_id=- user_id=- method=GET path=/ status=200 duration_ms=1.25
INFO 2026-03-06 12:43:46,834 correlation 7 128139497830080 request_complete correlation_id=ebae2a93-4c1b-442c-9def-d9922a9baed1 tenant_id=- user_id=- method=GET path=/ status=200 duration_ms=1.56
INFO 2026-03-06 12:44:16,873 correlation 9 128139497830080 request_complete correlation_id=ed819ad9-2bf6-4645-9f14-a69ebca31757 tenant_id=- user_id=- method=GET path=/ status=200 duration_ms=1.29
INFO 2026-03-06 12:44:46,911 correlation 9 128139497830080 request_complete correlation_id=7b023981-2eab-48a4-84b0-19b45e21eaf5 tenant_id=- user_id=- method=GET path=/ status=200 duration_ms=1.3
INFO 2026-03-06 12:45:16,948 correlation 7 128139497830080 request_complete correlation_id=60593231-8950-49ff-85b4-2e44e0bf65c9 tenant_id=- user_id=- method=GET path=/ status=200 duration_ms=1.39
INFO 2026-03-06 12:45:46,987 correlation 8 128139497830080 request_complete correlation_id=41ece98a-7643-4edd-97f3-7101ee860da9 tenant_id=- user_id=- method=GET path=/ status=200 duration_ms=1.22
INFO 2026-03-06 12:46:17,026 correlation 8 128139497830080 request_complete correlation_id=69e93c78-be68-44de-a879-985c34f7605b tenant_id=- user_id=- method=GET path=/ status=200 duration_ms=1.27
INFO 2026-03-06 12:46:47,065 correlation 7 128139497830080 request_complete correlation_id=52b7b14b-208e-49df-9f2d-77b460b3d432 tenant_id=- user_id=- method=GET path=/ status=200 duration_ms=1.24
INFO 2026-03-06 12:47:17,105 correlation 9 128139497830080 request_complete correlation_id=eb16d0ad-e97f-4191-ab5d-d9065d8fbb88 tenant_id=- user_id=- method=GET path=/ status=200 duration_ms=1.62
INFO 2026-03-06 12:47:47,142 correlation 9 128139497830080 request_complete correlation_id=9c35da32-66d0-4233-a3b9-ea40ce3ba083 tenant_id=- user_id=- method=GET path=/ status=200 duration_ms=1.29
INFO 2026-03-06 12:48:17,181 correlation 9 128139497830080 request_complete correlation_id=2b78dd53-a79e-4c27-8304-fba09e9560f3 tenant_id=- user_id=- method=GET path=/ status=200 duration_ms=1.31
INFO 2026-03-06 12:48:47,214 correlation 7 128139497830080 request_complete correlation_id=31925bac-963d-4478-92fd-ce5a150b0158 tenant_id=- user_id=- method=GET path=/ status=200 duration_ms=1.26
INFO 2026-03-06 12:49:17,255 correlation 8 128139497830080 request_complete correlation_id=9f070881-ce7a-47f3-9557-3be76cce065a tenant_id=- user_id=- method=GET path=/ status=200 duration_ms=1.48
INFO 2026-03-06 12:49:47,297 correlation 7 128139497830080 request_complete correlation_id=87cb61db-aeae-436f-8c1e-eb567fd2def3 tenant_id=- user_id=- method=GET path=/ status=200 duration_ms=1.44
INFO 2026-03-06 12:50:17,339 correlation 9 128139497830080 request_complete correlation_id=5371a4e2-1338-49ef-8cf7-84fffcb64121 tenant_id=- user_id=- method=GET path=/ status=200 duration_ms=1.26
INFO 2026-03-06 12:50:47,382 correlation 8 128139497830080 request_complete correlation_id=136dffe1-b41e-4735-92dd-f2beb1cf025f tenant_id=- user_id=- method=GET path=/ status=200 duration_ms=1.31
INFO 2026-03-06 12:51:17,420 correlation 7 128139497830080 request_complete correlation_id=f402cebd-bd47-49b9-8fdd-52388afcfa57 tenant_id=- user_id=- method=GET path=/ status=200 duration_ms=1.28
INFO 2026-03-06 12:51:47,456 correlation 8 128139497830080 request_complete correlation_id=3bc19d39-edae-45c9-ba16-c003125cb48d tenant_id=- user_id=- method=GET path=/ status=200 duration_ms=1.28
INFO 2026-03-06 12:52:17,496 correlation 8 128139497830080 request_complete correlation_id=7623ba84-4374-40c6-b072-eeecf458acf6 tenant_id=- user_id=- method=GET path=/ status=200 duration_ms=1.33
INFO 2026-03-06 12:52:47,535 correlation 7 128139497830080 request_complete correlation_id=0b17b19f-2f99-4cca-83ae-82bd5cdefad3 tenant_id=- user_id=- method=GET path=/ status=200 duration_ms=1.33
INFO 2026-03-06 12:53:17,573 correlation 9 128139497830080 request_complete correlation_id=8d9ab895-7b5b-4334-a4de-cf495eba1f24 tenant_id=- user_id=- method=GET path=/ status=200 duration_ms=1.29
INFO 2026-03-06 12:53:47,613 correlation 8 128139497830080 request_complete correlation_id=a16945eb-1938-4560-b6b7-51772f90c5b6 tenant_id=- user_id=- method=GET path=/ status=200 duration_ms=1.33
INFO 2026-03-06 12:54:17,654 correlation 9 128139497830080 request_complete correlation_id=c10481c8-ac20-4fe5-8d52-48dc307b8054 tenant_id=- user_id=- method=GET path=/ status=200 duration_ms=1.24
INFO 2026-03-06 12:54:47,693 correlation 9 128139497830080 request_complete correlation_id=91afebcf-1294-4813-b026-484068745df3 tenant_id=- user_id=- method=GET path=/ status=200 duration_ms=1.23
INFO 2026-03-06 12:55:17,730 correlation 8 128139497830080 request_complete correlation_id=f8d1fea0-670f-423e-b4c8-af057661970b tenant_id=- user_id=- method=GET path=/ status=200 duration_ms=1.28
INFO 2026-03-06 12:55:47,774 correlation 8 128139497830080 request_complete correlation_id=2f7eac30-6505-4520-8a23-037650f0c805 tenant_id=- user_id=- method=GET path=/ status=200 duration_ms=1.25
INFO 2026-03-06 12:56:17,815 correlation 7 128139497830080 request_complete correlation_id=6dc653e3-7b9f-4967-8267-e5ba3be2f65f tenant_id=- user_id=- method=GET path=/ status=200 duration_ms=1.26
INFO 2026-03-06 12:56:47,858 correlation 8 128139497830080 request_complete correlation_id=9cde2f90-86e6-4346-a1d4-008cafe1c66c tenant_id=- user_id=- method=GET path=/ status=200 duration_ms=1.28
INFO 2026-03-06 12:57:17,896 correlation 8 128139497830080 request_complete correlation_id=3ccde9a4-af36-4cfa-b361-74799ffcb56c tenant_id=- user_id=- method=GET path=/ status=200 duration_ms=1.24
INFO 2026-03-06 12:57:47,935 correlation 9 128139497830080 request_complete correlation_id=6d9b4d5e-fc74-4f24-bb0f-da5a2be79d63 tenant_id=- user_id=- method=GET path=/ status=200 duration_ms=1.29
INFO 2026-03-06 12:58:17,976 correlation 9 128139497830080 request_complete correlation_id=f1d92023-9e0a-4f20-80ff-6ed51227cc42 tenant_id=- user_id=- method=GET path=/ status=200 duration_ms=1.25
INFO 2026-03-06 12:58:48,013 correlation 9 128139497830080 request_complete correlation_id=49020d9c-ce93-4d2b-9b86-a81a6a2e6d4a tenant_id=- user_id=- method=GET path=/ status=200 duration_ms=1.47
INFO 2026-03-06 12:59:18,049 correlation 9 128139497830080 request_complete correlation_id=b1d3aea8-0b93-4ecc-8af8-71c905563806 tenant_id=- user_id=- method=GET path=/ status=200 duration_ms=1.22
INFO 2026-03-06 12:59:48,088 correlation 9 128139497830080 request_complete correlation_id=e827a945-df9b-4949-ad1f-769e684bedf4 tenant_id=- user_id=- method=GET path=/ status=200 duration_ms=1.21
INFO 2026-03-06 13:00:18,129 correlation 8 128139497830080 request_complete correlation_id=b392e533-9555-446d-bcf6-7f047862e0cd tenant_id=- user_id=- method=GET path=/ status=200 duration_ms=1.51
INFO 2026-03-06 13:00:48,171 correlation 8 128139497830080 request_complete correlation_id=6afdf809-d93c-473d-8695-21dfa863d3c6 tenant_id=- user_id=- method=GET path=/ status=200 duration_ms=1.27
INFO 2026-03-06 13:01:18,213 correlation 9 128139497830080 request_complete correlation_id=a28c1b03-d96b-4df8-9194-b910d2b87204 tenant_id=- user_id=- method=GET path=/ status=200 duration_ms=1.22
INFO 2026-03-06 13:01:48,252 correlation 9 128139497830080 request_complete correlation_id=7554c22b-82e8-4a27-b5ab-76a67d8977f8 tenant_id=- user_id=- method=GET path=/ status=200 duration_ms=1.43
INFO 2026-03-06 13:02:18,289 correlation 9 128139497830080 request_complete correlation_id=0fd9a646-3931-4b36-8def-9cd5767bb29d tenant_id=- user_id=- method=GET path=/ status=200 duration_ms=1.34
INFO 2026-03-06 13:02:48,327 correlation 8 128139497830080 request_complete correlation_id=07a1c86e-c80b-4bab-8885-a3e81c1313fa tenant_id=- user_id=- method=GET path=/ status=200 duration_ms=1.27
INFO 2026-03-06 13:03:18,367 correlation 7 128139497830080 request_complete correlation_id=bd6d36ee-d22c-4d85-8f92-9af531464197 tenant_id=- user_id=- method=GET path=/ status=200 duration_ms=1.23
INFO 2026-03-06 13:03:48,404 correlation 7 128139497830080 request_complete correlation_id=fccc98ab-103b-4901-865e-3b81237957ac tenant_id=- user_id=- method=GET path=/ status=200 duration_ms=1.3
INFO 2026-03-06 13:04:18,442 correlation 9 128139497830080 request_complete correlation_id=532988d6-3951-46e2-80f4-9299b7d801fb tenant_id=- user_id=- method=GET path=/ status=200 duration_ms=1.22
INFO 2026-03-06 13:04:48,478 correlation 9 128139497830080 request_complete correlation_id=1038d73c-7441-4f4e-988e-d51412a8db22 tenant_id=- user_id=- method=GET path=/ status=200 duration_ms=1.32
INFO 2026-03-06 13:05:18,516 correlation 7 128139497830080 request_complete correlation_id=c677a74b-cf2b-4df2-8031-73ee677d199d tenant_id=- user_id=- method=GET path=/ status=200 duration_ms=1.29
INFO 2026-03-06 13:05:48,554 correlation 9 128139497830080 request_complete correlation_id=dca2270f-77bd-4965-ac83-1fb6771baa8a tenant_id=- user_id=- method=GET path=/ status=200 duration_ms=1.26
INFO 2026-03-06 13:06:18,590 correlation 7 128139497830080 request_complete correlation_id=2266e560-f55c-40fe-baa6-96b2180a96c1 tenant_id=- user_id=- method=GET path=/ status=200 duration_ms=1.32
INFO 2026-03-06 13:06:48,632 correlation 8 128139497830080 request_complete correlation_id=c9fe3b22-5bdc-43d0-aa89-695efc89a37c tenant_id=- user_id=- method=GET path=/ status=200 duration_ms=1.26
INFO 2026-03-06 13:07:18,668 correlation 9 128139497830080 request_complete correlation_id=42193655-7f0c-43e2-a824-2ce520c46b32 tenant_id=- user_id=- method=GET path=/ status=200 duration_ms=1.4
INFO 2026-03-06 13:07:48,706 correlation 9 128139497830080 request_complete correlation_id=933d59c9-8fe4-4ca3-a789-1abe377be9b1 tenant_id=- user_id=- method=GET path=/ status=200 duration_ms=1.25
INFO 2026-03-06 13:08:18,743 correlation 9 128139497830080 request_complete correlation_id=45c85938-05ff-4a4b-b5ff-47a7e8262d3e tenant_id=- user_id=- method=GET path=/ status=200 duration_ms=1.33
INFO 2026-03-06 13:08:48,780 correlation 9 128139497830080 request_complete correlation_id=3d9e23ad-d449-446d-953d-58f83259086b tenant_id=- user_id=- method=GET path=/ status=200 duration_ms=1.23
INFO 2026-03-06 13:09:18,818 correlation 8 128139497830080 request_complete correlation_id=5e6bbe37-e278-4953-8175-58afaa93ba84 tenant_id=- user_id=- method=GET path=/ status=200 duration_ms=1.45
INFO 2026-03-06 13:09:48,858 correlation 8 128139497830080 request_complete correlation_id=d1410b8c-2473-49c9-bf00-e1f2853493e2 tenant_id=- user_id=- method=GET path=/ status=200 duration_ms=1.28
INFO 2026-03-06 13:10:18,901 correlation 8 128139497830080 request_complete correlation_id=ae7a6041-4691-4297-ba16-c472fd44ccd7 tenant_id=- user_id=- method=GET path=/ status=200 duration_ms=1.27
INFO 2026-03-06 13:10:48,938 correlation 8 128139497830080 request_complete correlation_id=0ad025dc-e1a0-425d-9998-06198269fc7b tenant_id=- user_id=- method=GET path=/ status=200 duration_ms=1.36
INFO 2026-03-06 13:11:18,977 correlation 9 128139497830080 request_complete correlation_id=90469237-fab2-4db1-bd86-9b6eec3be982 tenant_id=- user_id=- method=GET path=/ status=200 duration_ms=1.61
INFO 2026-03-06 13:11:49,018 correlation 9 128139497830080 request_complete correlation_id=648b3112-038c-4f2d-b4ef-c00ca5a7ad05 tenant_id=- user_id=- method=GET path=/ status=200 duration_ms=1.34
INFO 2026-03-06 13:12:19,059 correlation 8 128139497830080 request_complete correlation_id=cb846ed9-8af1-4c37-a172-f967fe4e8ee2 tenant_id=- user_id=- method=GET path=/ status=200 duration_ms=1.28
INFO 2026-03-06 13:12:49,105 correlation 9 128139497830080 request_complete correlation_id=da4fec68-d15b-40d5-b09a-6aa1e68a0716 tenant_id=- user_id=- method=GET path=/ status=200 duration_ms=1.48
INFO 2026-03-06 13:13:19,148 correlation 9 128139497830080 request_complete correlation_id=fe91b243-e07a-4b76-aaf0-b0166170c272 tenant_id=- user_id=- method=GET path=/ status=200 duration_ms=1.26
INFO 2026-03-06 13:13:49,188 correlation 9 128139497830080 request_complete correlation_id=d73027a7-00d5-4f67-8420-88985b7a1290 tenant_id=- user_id=- method=GET path=/ status=200 duration_ms=1.27
INFO 2026-03-06 13:14:19,226 correlation 8 128139497830080 request_complete correlation_id=4afefeac-942e-43de-bf3a-d4a72b2d8761 tenant_id=- user_id=- method=GET path=/ status=200 duration_ms=1.72
INFO 2026-03-06 13:14:49,265 correlation 9 128139497830080 request_complete correlation_id=cf311c94-0374-4e5a-b094-10877772c910 tenant_id=- user_id=- method=GET path=/ status=200 duration_ms=1.23
INFO 2026-03-06 13:15:19,307 correlation 8 128139497830080 request_complete correlation_id=4b9b7cad-7eda-4849-9bb8-78bd4b009a2d tenant_id=- user_id=- method=GET path=/ status=200 duration_ms=1.26
INFO 2026-03-06 13:15:49,348 correlation 8 128139497830080 request_complete correlation_id=026403ea-29a0-487f-b9d1-831e858ee239 tenant_id=- user_id=- method=GET path=/ status=200 duration_ms=1.22
INFO 2026-03-06 13:16:19,389 correlation 9 128139497830080 request_complete correlation_id=e0faf306-754d-4154-8942-a05c622db6cf tenant_id=- user_id=- method=GET path=/ status=200 duration_ms=1.21
INFO 2026-03-06 13:16:49,434 correlation 9 128139497830080 request_complete correlation_id=13f30387-45c7-47e2-b611-af185c624324 tenant_id=- user_id=- method=GET path=/ status=200 duration_ms=1.28
INFO 2026-03-06 13:17:19,471 correlation 8 128139497830080 request_complete correlation_id=95b7c0ec-f806-4176-b128-acd3c9e2d1d4 tenant_id=- user_id=- method=GET path=/ status=200 duration_ms=1.31
INFO 2026-03-06 13:17:49,507 correlation 7 128139497830080 request_complete correlation_id=4dcee212-83f2-479a-a641-4f492084ace6 tenant_id=- user_id=- method=GET path=/ status=200 duration_ms=1.28
INFO 2026-03-06 13:18:19,549 correlation 9 128139497830080 request_complete correlation_id=f2e132ef-0661-4082-9c8d-e4c6c16197f2 tenant_id=- user_id=- method=GET path=/ status=200 duration_ms=1.6
INFO 2026-03-06 13:18:49,588 correlation 7 128139497830080 request_complete correlation_id=3af2a8fb-3623-438a-aa66-b5b11c8746e7 tenant_id=- user_id=- method=GET path=/ status=200 duration_ms=1.45
INFO 2026-03-06 13:19:19,628 correlation 8 128139497830080 request_complete correlation_id=e0751151-1425-4d79-900b-6f06912a74b6 tenant_id=- user_id=- method=GET path=/ status=200 duration_ms=1.48
INFO 2026-03-06 13:19:49,671 correlation 7 128139497830080 request_complete correlation_id=c6cae92e-8ec7-43a9-a9b4-0858cbbc6264 tenant_id=- user_id=- method=GET path=/ status=200 duration_ms=1.3
INFO 2026-03-06 13:20:19,716 correlation 8 128139497830080 request_complete correlation_id=1044ecbf-4383-4938-95b1-6d2691b0350c tenant_id=- user_id=- method=GET path=/ status=200 duration_ms=1.28
INFO 2026-03-06 13:20:49,752 correlation 8 128139497830080 request_complete correlation_id=d4eb10d9-9c67-4549-b52e-d19a5bc39223 tenant_id=- user_id=- method=GET path=/ status=200 duration_ms=1.25
INFO 2026-03-06 13:21:19,793 correlation 9 128139497830080 request_complete correlation_id=afeded5a-73f1-46fd-a173-6210d24b695c tenant_id=- user_id=- method=GET path=/ status=200 duration_ms=1.43
INFO 2026-03-06 13:21:49,835 correlation 9 128139497830080 request_complete correlation_id=6ed6cc87-b32e-49a6-862d-7b22dd24b5b2 tenant_id=- user_id=- method=GET path=/ status=200 duration_ms=1.26
INFO 2026-03-06 13:22:19,877 correlation 9 128139497830080 request_complete correlation_id=cfd62511-db97-4687-8d33-0c78a4ffb504 tenant_id=- user_id=- method=GET path=/ status=200 duration_ms=1.27
INFO 2026-03-06 13:22:49,916 correlation 7 128139497830080 request_complete correlation_id=724ef923-0e3e-4dc3-8b06-8d91e41ceb9a tenant_id=- user_id=- method=GET path=/ status=200 duration_ms=1.32
INFO 2026-03-06 13:23:19,959 correlation 9 128139497830080 request_complete correlation_id=1687d8d0-5ab1-4b18-aded-35242353a165 tenant_id=- user_id=- method=GET path=/ status=200 duration_ms=1.27
INFO 2026-03-06 13:23:49,996 correlation 8 128139497830080 request_complete correlation_id=66815031-37f1-466c-aac1-e334932ff963 tenant_id=- user_id=- method=GET path=/ status=200 duration_ms=1.27
INFO 2026-03-06 13:24:20,039 correlation 9 128139497830080 request_complete correlation_id=99eed84b-6ad0-4fb7-a2a1-56168c3ac25e tenant_id=- user_id=- method=GET path=/ status=200 duration_ms=1.5
INFO 2026-03-06 13:24:50,078 correlation 7 128139497830080 request_complete correlation_id=914a4d9f-0a98-446e-a27d-561646487b73 tenant_id=- user_id=- method=GET path=/ status=200 duration_ms=1.27
INFO 2026-03-06 13:25:20,116 correlation 7 128139497830080 request_complete correlation_id=67467efb-bea7-415b-94ed-a7bd67f51b9e tenant_id=- user_id=- method=GET path=/ status=200 duration_ms=1.69
INFO 2026-03-06 13:25:50,153 correlation 9 128139497830080 request_complete correlation_id=ebe40bb4-fe68-44d2-a921-4fd2fd8bacde tenant_id=- user_id=- method=GET path=/ status=200 duration_ms=1.24
INFO 2026-03-06 13:26:20,196 correlation 9 128139497830080 request_complete correlation_id=43b2722d-1d36-4c93-b54e-a1055a4b6462 tenant_id=- user_id=- method=GET path=/ status=200 duration_ms=1.37
INFO 2026-03-06 13:26:50,234 correlation 9 128139497830080 request_complete correlation_id=ec33bc85-1939-444e-b381-d916760c3fc4 tenant_id=- user_id=- method=GET path=/ status=200 duration_ms=1.33
INFO 2026-03-06 13:27:20,273 correlation 7 128139497830080 request_complete correlation_id=c097e098-8045-4593-bad8-712a819ff976 tenant_id=- user_id=- method=GET path=/ status=200 duration_ms=1.32
INFO 2026-03-06 13:27:50,316 correlation 7 128139497830080 request_complete correlation_id=21c747de-d435-4749-b6fd-7bba99a99b66 tenant_id=- user_id=- method=GET path=/ status=200 duration_ms=1.32
INFO 2026-03-06 13:28:20,355 correlation 7 128139497830080 request_complete correlation_id=1ba837f0-ea8f-4491-aa57-5a5e4e1316bc tenant_id=- user_id=- method=GET path=/ status=200 duration_ms=1.24
INFO 2026-03-06 13:28:50,393 correlation 7 128139497830080 request_complete correlation_id=32794cab-2856-48e9-b30e-a3c01e011017 tenant_id=- user_id=- method=GET path=/ status=200 duration_ms=1.26
INFO 2026-03-06 13:29:20,430 correlation 7 128139497830080 request_complete correlation_id=ccb87569-6af7-4941-9ab0-4475dac7fb99 tenant_id=- user_id=- method=GET path=/ status=200 duration_ms=1.22
INFO 2026-03-06 13:29:50,473 correlation 9 128139497830080 request_complete correlation_id=fd5b41d2-a586-4439-a5b4-66f9757dfd25 tenant_id=- user_id=- method=GET path=/ status=200 duration_ms=1.32
INFO 2026-03-06 13:30:20,511 correlation 8 128139497830080 request_complete correlation_id=8bbea225-5783-421a-9374-dfcfa836d20f tenant_id=- user_id=- method=GET path=/ status=200 duration_ms=1.26
INFO 2026-03-06 13:30:50,553 correlation 8 128139497830080 request_complete correlation_id=112bb05f-3929-4558-ad94-b60d704fad9b tenant_id=- user_id=- method=GET path=/ status=200 duration_ms=1.27
INFO 2026-03-06 13:31:20,589 correlation 9 128139497830080 request_complete correlation_id=0fe4cbf9-4ad4-4df7-ae0e-85d5cb6e4340 tenant_id=- user_id=- method=GET path=/ status=200 duration_ms=1.52
INFO 2026-03-06 13:31:50,634 correlation 9 128139497830080 request_complete correlation_id=fad36331-ec0e-4731-9e70-96a0a733c83c tenant_id=- user_id=- method=GET path=/ status=200 duration_ms=1.26
INFO 2026-03-06 13:32:20,669 correlation 9 128139497830080 request_complete correlation_id=15a9f7f7-40f5-4299-a239-41746213b93d tenant_id=- user_id=- method=GET path=/ status=200 duration_ms=1.3
INFO 2026-03-06 13:32:50,713 correlation 7 128139497830080 request_complete correlation_id=a8280a2b-565e-4bd3-8f8f-6e3616e8b1d9 tenant_id=- user_id=- method=GET path=/ status=200 duration_ms=1.32
INFO 2026-03-06 13:33:20,750 correlation 8 128139497830080 request_complete correlation_id=414326a7-ac91-47f0-b13c-376be2779115 tenant_id=- user_id=- method=GET path=/ status=200 duration_ms=1.21
INFO 2026-03-06 13:33:50,786 correlation 8 128139497830080 request_complete correlation_id=ca71f38a-bd5a-4207-ad5b-1e5a23845f22 tenant_id=- user_id=- method=GET path=/ status=200 duration_ms=1.29
INFO 2026-03-06 13:34:20,833 correlation 8 128139497830080 request_complete correlation_id=a3a7bd67-7d4a-429d-9800-1b18e639b31b tenant_id=- user_id=- method=GET path=/ status=200 duration_ms=1.24
INFO 2026-03-06 13:34:50,868 correlation 9 128139497830080 request_complete correlation_id=3bec1d2b-6fb3-4958-88e4-e537d886e323 tenant_id=- user_id=- method=GET path=/ status=200 duration_ms=1.2
INFO 2026-03-06 13:35:20,908 correlation 9 128139497830080 request_complete correlation_id=85f8d5d2-26a1-4c1f-a59f-9ec11fdb2dfd tenant_id=- user_id=- method=GET path=/ status=200 duration_ms=1.5
INFO 2026-03-06 13:35:50,953 correlation 8 128139497830080 request_complete correlation_id=36525e79-4b43-4c37-9899-fdce7dbe7d31 tenant_id=- user_id=- method=GET path=/ status=200 duration_ms=1.27
INFO 2026-03-06 13:36:20,992 correlation 7 128139497830080 request_complete correlation_id=2a9f1981-a5a5-4a89-b2a1-b2821784e922 tenant_id=- user_id=- method=GET path=/ status=200 duration_ms=1.29
INFO 2026-03-06 13:36:51,034 correlation 8 128139497830080 request_complete correlation_id=6ea156a6-2fce-45fd-9809-9fb4dffc73a2 tenant_id=- user_id=- method=GET path=/ status=200 duration_ms=1.3
INFO 2026-03-06 13:37:21,073 correlation 8 128139497830080 request_complete correlation_id=68565252-9f2a-4088-9763-1144f720edc9 tenant_id=- user_id=- method=GET path=/ status=200 duration_ms=1.25
INFO 2026-03-06 13:37:51,110 correlation 7 128139497830080 request_complete correlation_id=622f1785-fd5e-4163-ae9f-16a3d4da3f26 tenant_id=- user_id=- method=GET path=/ status=200 duration_ms=1.26
INFO 2026-03-06 13:38:21,147 correlation 9 128139497830080 request_complete correlation_id=08539f33-aa8d-456f-b994-52c6a34435c7 tenant_id=- user_id=- method=GET path=/ status=200 duration_ms=1.32
INFO 2026-03-06 13:38:51,187 correlation 9 128139497830080 request_complete correlation_id=e2ad8dc1-856c-4456-afa7-d18211c05fb3 tenant_id=- user_id=- method=GET path=/ status=200 duration_ms=1.29
INFO 2026-03-06 13:39:21,226 correlation 8 128139497830080 request_complete correlation_id=c8b36f59-d556-4c44-b9ec-b4afb44840b5 tenant_id=- user_id=- method=GET path=/ status=200 duration_ms=2.53
INFO 2026-03-06 13:39:51,271 correlation 7 128139497830080 request_complete correlation_id=18c8fb4e-98b8-427d-ae5e-9a3ab9d0fddd tenant_id=- user_id=- method=GET path=/ status=200 duration_ms=1.42
INFO 2026-03-06 13:40:21,310 correlation 9 128139497830080 request_complete correlation_id=d50c067b-b55f-46d5-a427-5d68d53b0faa tenant_id=- user_id=- method=GET path=/ status=200 duration_ms=1.33
INFO 2026-03-06 13:40:51,345 correlation 7 128139497830080 request_complete correlation_id=28eb83a0-7860-40fc-95f7-9c79132d55e0 tenant_id=- user_id=- method=GET path=/ status=200 duration_ms=1.26
INFO 2026-03-06 13:41:21,384 correlation 9 128139497830080 request_complete correlation_id=56d1bb29-fbfa-430d-ae86-5c21d0842eed tenant_id=- user_id=- method=GET path=/ status=200 duration_ms=1.33
INFO 2026-03-06 13:41:51,428 correlation 8 128139497830080 request_complete correlation_id=d15d3b76-e969-43bc-ad84-806679dbdce0 tenant_id=- user_id=- method=GET path=/ status=200 duration_ms=1.49
INFO 2026-03-06 13:42:21,465 correlation 9 128139497830080 request_complete correlation_id=7fb15238-fbfd-49a1-a863-0e30a60bcdc5 tenant_id=- user_id=- method=GET path=/ status=200 duration_ms=1.22
INFO 2026-03-06 13:42:51,508 correlation 9 128139497830080 request_complete correlation_id=7a23702d-3e9e-41ca-b196-194ae6b4a09c tenant_id=- user_id=- method=GET path=/ status=200 duration_ms=1.21
INFO 2026-03-06 13:43:21,550 correlation 9 128139497830080 request_complete correlation_id=5a878ecb-f43d-4eca-947e-1d9036a8f737 tenant_id=- user_id=- method=GET path=/ status=200 duration_ms=1.29
INFO 2026-03-06 13:43:51,587 correlation 8 128139497830080 request_complete correlation_id=9f91a0f8-59fe-41d3-b821-383360949368 tenant_id=- user_id=- method=GET path=/ status=200 duration_ms=1.26
INFO 2026-03-06 13:44:21,625 correlation 7 128139497830080 request_complete correlation_id=b7a68824-03a7-4198-8956-42c3b0864476 tenant_id=- user_id=- method=GET path=/ status=200 duration_ms=1.29
INFO 2026-03-06 13:44:51,671 correlation 8 128139497830080 request_complete correlation_id=71d2d673-9fd5-42e6-b124-480b728ea98d tenant_id=- user_id=- method=GET path=/ status=200 duration_ms=1.23
INFO 2026-03-06 13:45:21,712 correlation 8 128139497830080 request_complete correlation_id=73ffb631-d2cb-4245-869f-8d3e489e210b tenant_id=- user_id=- method=GET path=/ status=200 duration_ms=1.3
INFO 2026-03-06 13:45:51,757 correlation 8 128139497830080 request_complete correlation_id=24473ba8-c2a4-40f7-97bf-e0d212757e4b tenant_id=- user_id=- method=GET path=/ status=200 duration_ms=1.42
INFO 2026-03-06 13:46:21,800 correlation 7 128139497830080 request_complete correlation_id=e097cf35-7d52-4e68-b38b-c294246cbced tenant_id=- user_id=- method=GET path=/ status=200 duration_ms=1.29
INFO 2026-03-06 13:46:51,847 correlation 7 128139497830080 request_complete correlation_id=fbfa3279-99d0-4341-ba66-e46c1d10627a tenant_id=- user_id=- method=GET path=/ status=200 duration_ms=1.44
INFO 2026-03-06 13:47:21,883 correlation 8 128139497830080 request_complete correlation_id=6d134d6d-a4d6-486b-9af8-198ae8f9a179 tenant_id=- user_id=- method=GET path=/ status=200 duration_ms=1.3
INFO 2026-03-06 13:47:51,921 correlation 7 128139497830080 request_complete correlation_id=79731fd0-8974-4e22-92d7-ec3e4b148af8 tenant_id=- user_id=- method=GET path=/ status=200 duration_ms=1.29
INFO 2026-03-09 04:56:30,948 correlation 7 127151554688704 request_complete correlation_id=7980f184-b17e-455b-a58d-f56254b1b8c7 tenant_id=- user_id=- method=GET path=/ status=200 duration_ms=171.77
INFO 2026-03-09 04:56:57,760 correlation 9 127151554688704 request_complete correlation_id=49364341-cc00-4065-85ae-48a7e3c9469d tenant_id=- user_id=- method=GET path=/ status=200 duration_ms=402.77
INFO 2026-03-09 04:57:27,814 correlation 7 127151554688704 request_complete correlation_id=ec6386ff-96d7-41e9-90ff-6c3205dd6849 tenant_id=- user_id=- method=GET path=/ status=200 duration_ms=2.17
INFO 2026-03-09 04:57:57,850 correlation 7 127151554688704 request_complete correlation_id=3b2a15d3-6730-41b4-b664-88646dd33a35 tenant_id=- user_id=- method=GET path=/ status=200 duration_ms=1.35
INFO 2026-03-09 04:58:28,096 correlation 8 127151554688704 request_complete correlation_id=cfb2a5e4-0a4b-479a-a722-f4c0743205bb tenant_id=- user_id=- method=GET path=/ status=200 duration_ms=196.98
INFO 2026-03-09 04:58:58,139 correlation 7 127151554688704 request_complete correlation_id=71834d6c-097c-4c6c-990f-78a44eef17cb tenant_id=- user_id=- method=GET path=/ status=200 duration_ms=1.63
INFO 2026-03-09 04:59:28,177 correlation 8 127151554688704 request_complete correlation_id=5c596f94-5da2-4385-91ae-559eb2237716 tenant_id=- user_id=- method=GET path=/ status=200 duration_ms=2.14
INFO 2026-03-09 04:59:58,220 correlation 9 127151554688704 request_complete correlation_id=cb7a1a71-8cf1-472e-bd3b-0f00c320ae1f tenant_id=- user_id=- method=GET path=/ status=200 duration_ms=2.73
INFO 2026-03-09 05:00:28,263 correlation 7 127151554688704 request_complete correlation_id=8df82a4b-0aea-4129-9990-05b6aae4e3e4 tenant_id=- user_id=- method=GET path=/ status=200 duration_ms=1.34
INFO 2026-03-09 05:00:58,298 correlation 7 127151554688704 request_complete correlation_id=228e1ad5-4e11-482e-9269-596a076950b1 tenant_id=- user_id=- method=GET path=/ status=200 duration_ms=1.42
INFO 2026-03-09 05:01:28,340 correlation 8 127151554688704 request_complete correlation_id=590681cb-fdf5-486d-847c-4399522762ad tenant_id=- user_id=- method=GET path=/ status=200 duration_ms=1.51
INFO 2026-03-09 05:01:58,379 correlation 8 127151554688704 request_complete correlation_id=039daafb-546a-46e4-a0cf-f3b91f6a1f72 tenant_id=- user_id=- method=GET path=/ status=200 duration_ms=1.74
INFO 2026-03-09 05:02:28,422 correlation 8 127151554688704 request_complete correlation_id=4956abf0-7f23-4f34-b582-3f09a58e869e tenant_id=- user_id=- method=GET path=/ status=200 duration_ms=1.34
INFO 2026-03-09 05:02:58,468 correlation 9 127151554688704 request_complete correlation_id=571716b6-b4e6-4a88-872b-644c432792fe tenant_id=- user_id=- method=GET path=/ status=200 duration_ms=1.27
INFO 2026-03-09 05:03:28,506 correlation 7 127151554688704 request_complete correlation_id=943ded58-02c3-4197-99c1-35c073ce088a tenant_id=- user_id=- method=GET path=/ status=200 duration_ms=1.27
INFO 2026-03-09 05:03:58,550 correlation 7 127151554688704 request_complete correlation_id=58d96673-2e06-4ab1-b235-01becd67b4dc tenant_id=- user_id=- method=GET path=/ status=200 duration_ms=1.25
INFO 2026-03-09 05:04:28,588 correlation 7 127151554688704 request_complete correlation_id=5ea88bdd-f547-40c4-bbf3-ee7721397abd tenant_id=- user_id=- method=GET path=/ status=200 duration_ms=1.36
INFO 2026-03-09 05:04:58,628 correlation 8 127151554688704 request_complete correlation_id=21286c1c-ff02-4c64-a502-4340b2029e0d tenant_id=- user_id=- method=GET path=/ status=200 duration_ms=1.45
INFO 2026-03-09 05:05:28,666 correlation 9 127151554688704 request_complete correlation_id=d81fa87c-96ea-4ab6-abaf-178c5f06863d tenant_id=- user_id=- method=GET path=/ status=200 duration_ms=1.3
INFO 2026-03-09 05:05:58,704 correlation 8 127151554688704 request_complete correlation_id=4d841c17-ff11-4030-ab40-f522063a46c3 tenant_id=- user_id=- method=GET path=/ status=200 duration_ms=1.36
INFO 2026-03-09 05:06:28,747 correlation 8 127151554688704 request_complete correlation_id=93469de8-6600-4b3b-b013-60aae98e861f tenant_id=- user_id=- method=GET path=/ status=200 duration_ms=1.25
INFO 2026-03-09 05:06:58,787 correlation 8 127151554688704 request_complete correlation_id=2d7213bd-19c8-4eba-8205-2d9b533239a6 tenant_id=- user_id=- method=GET path=/ status=200 duration_ms=1.35
INFO 2026-03-09 05:07:28,828 correlation 7 127151554688704 request_complete correlation_id=2e8d0351-a6b9-490b-a9e3-cff61a9ff691 tenant_id=- user_id=- method=GET path=/ status=200 duration_ms=1.4
INFO 2026-03-09 05:07:58,864 correlation 9 127151554688704 request_complete correlation_id=4d115c78-12f2-47e8-a69d-bfef984e5f25 tenant_id=- user_id=- method=GET path=/ status=200 duration_ms=1.33
INFO 2026-03-09 05:08:28,910 correlation 7 127151554688704 request_complete correlation_id=7638f93d-1af7-40c6-aec3-4d09b78c99c0 tenant_id=- user_id=- method=GET path=/ status=200 duration_ms=1.31
INFO 2026-03-09 05:08:58,947 correlation 9 127151554688704 request_complete correlation_id=4b36da81-9ad0-474f-a892-b2a010b9e542 tenant_id=- user_id=- method=GET path=/ status=200 duration_ms=1.4
INFO 2026-03-09 05:09:28,988 correlation 8 127151554688704 request_complete correlation_id=c8f95e26-e5d2-4e65-a441-13b5f35a83e6 tenant_id=- user_id=- method=GET path=/ status=200 duration_ms=1.47
INFO 2026-03-09 05:09:59,024 correlation 7 127151554688704 request_complete correlation_id=f410387f-db93-4a5d-9fec-ccca26d42f9a tenant_id=- user_id=- method=GET path=/ status=200 duration_ms=1.43
INFO 2026-03-09 05:10:29,060 correlation 9 127151554688704 request_complete correlation_id=241a8b82-493a-497e-af69-0fca8549c668 tenant_id=- user_id=- method=GET path=/ status=200 duration_ms=1.24
INFO 2026-03-09 05:10:59,102 correlation 7 127151554688704 request_complete correlation_id=0d3ac521-24b8-40d8-9d8b-79fad65ced68 tenant_id=- user_id=- method=GET path=/ status=200 duration_ms=1.23
INFO 2026-03-09 05:11:29,147 correlation 8 127151554688704 request_complete correlation_id=a99555fa-31fc-43d8-9a3a-364ffab1a376 tenant_id=- user_id=- method=GET path=/ status=200 duration_ms=1.3
INFO 2026-03-09 05:11:59,184 correlation 7 127151554688704 request_complete correlation_id=0a4290c4-086a-4e7c-8c68-f3a27edcb0cc tenant_id=- user_id=- method=GET path=/ status=200 duration_ms=1.3
INFO 2026-03-09 05:12:29,222 correlation 7 127151554688704 request_complete correlation_id=353c3b49-7738-4aa0-b90b-b9b2e94158a6 tenant_id=- user_id=- method=GET path=/ status=200 duration_ms=1.44
INFO 2026-03-09 05:12:59,265 correlation 9 127151554688704 request_complete correlation_id=96c11365-4287-4158-86f3-fdeba0bd8a13 tenant_id=- user_id=- method=GET path=/ status=200 duration_ms=1.52
INFO 2026-03-09 05:13:29,311 correlation 7 127151554688704 request_complete correlation_id=abb50a9b-2c6d-48c2-981a-e792c5a4d3b9 tenant_id=- user_id=- method=GET path=/ status=200 duration_ms=1.31
INFO 2026-03-09 05:13:59,351 correlation 7 127151554688704 request_complete correlation_id=6c097612-ca8d-4a01-b044-cb6d4d7e0fba tenant_id=- user_id=- method=GET path=/ status=200 duration_ms=1.3
INFO 2026-03-09 05:14:29,393 correlation 7 127151554688704 request_complete correlation_id=44cca88b-9410-4953-95be-2308301cff64 tenant_id=- user_id=- method=GET path=/ status=200 duration_ms=1.35
INFO 2026-03-09 05:14:59,436 correlation 7 127151554688704 request_complete correlation_id=7b61e393-a5e4-42ee-a03d-2ce65f122710 tenant_id=- user_id=- method=GET path=/ status=200 duration_ms=1.5
INFO 2026-03-09 05:15:29,474 correlation 7 127151554688704 request_complete correlation_id=d0af345e-3621-4058-a31b-a85fa3595814 tenant_id=- user_id=- method=GET path=/ status=200 duration_ms=1.29
INFO 2026-03-09 05:15:59,524 correlation 8 127151554688704 request_complete correlation_id=faa7eee2-6308-4548-9d55-1f1a4debcf0d tenant_id=- user_id=- method=GET path=/ status=200 duration_ms=1.29
INFO 2026-03-09 05:16:29,570 correlation 9 127151554688704 request_complete correlation_id=f0d78694-a53f-402c-bf67-fa5b96c95808 tenant_id=- user_id=- method=GET path=/ status=200 duration_ms=1.32
INFO 2026-03-09 05:16:59,609 correlation 7 127151554688704 request_complete correlation_id=456b3b05-0f63-4b03-b44b-c578f699c5ae tenant_id=- user_id=- method=GET path=/ status=200 duration_ms=1.31
INFO 2026-03-09 05:17:29,652 correlation 9 127151554688704 request_complete correlation_id=504b391d-a954-4293-97fb-164e5340498e tenant_id=- user_id=- method=GET path=/ status=200 duration_ms=1.29
INFO 2026-03-09 05:17:59,694 correlation 9 127151554688704 request_complete correlation_id=33027c56-a6b6-4e88-81d0-89ae27ae5765 tenant_id=- user_id=- method=GET path=/ status=200 duration_ms=1.36
INFO 2026-03-09 05:18:29,731 correlation 7 127151554688704 request_complete correlation_id=624f5c9e-80e3-424d-9774-2fa77fb81871 tenant_id=- user_id=- method=GET path=/ status=200 duration_ms=1.25
INFO 2026-03-09 05:18:59,770 correlation 9 127151554688704 request_complete correlation_id=e9a61945-2093-4c40-bf2e-1684d32ac66b tenant_id=- user_id=- method=GET path=/ status=200 duration_ms=1.79
INFO 2026-03-09 05:19:29,816 correlation 7 127151554688704 request_complete correlation_id=ecdb7926-d9ab-4a9e-8766-473b95ca1169 tenant_id=- user_id=- method=GET path=/ status=200 duration_ms=1.43
INFO 2026-03-09 05:19:59,853 correlation 7 127151554688704 request_complete correlation_id=d3b589f9-2a81-4ace-877c-3bcdf95c8fdf tenant_id=- user_id=- method=GET path=/ status=200 duration_ms=1.26
INFO 2026-03-09 05:20:29,891 correlation 9 127151554688704 request_complete correlation_id=9d5aadeb-7a0f-4d05-84db-72a0c8da1b52 tenant_id=- user_id=- method=GET path=/ status=200 duration_ms=1.33
INFO 2026-03-09 05:20:59,926 correlation 7 127151554688704 request_complete correlation_id=2d857c55-6ba2-44b9-8825-812428ae9b12 tenant_id=- user_id=- method=GET path=/ status=200 duration_ms=1.27
INFO 2026-03-09 05:21:29,962 correlation 8 127151554688704 request_complete correlation_id=86f40b1a-ee62-4aa4-8142-40612e19637f tenant_id=- user_id=- method=GET path=/ status=200 duration_ms=1.34
INFO 2026-03-09 05:21:59,999 correlation 8 127151554688704 request_complete correlation_id=798b0c62-568b-428a-80db-54bda0b7a11a tenant_id=- user_id=- method=GET path=/ status=200 duration_ms=1.38
INFO 2026-03-09 05:22:30,040 correlation 9 127151554688704 request_complete correlation_id=9c1b4a34-b1d9-42e4-ae6f-f4ed56595a8f tenant_id=- user_id=- method=GET path=/ status=200 duration_ms=1.39
INFO 2026-03-09 05:23:00,078 correlation 9 127151554688704 request_complete correlation_id=4b36d492-7e21-41de-a490-aa65ece01aae tenant_id=- user_id=- method=GET path=/ status=200 duration_ms=1.38
INFO 2026-03-09 05:23:30,125 correlation 8 127151554688704 request_complete correlation_id=158cea2f-f24d-4653-9b4f-14086ad211bc tenant_id=- user_id=- method=GET path=/ status=200 duration_ms=1.43
INFO 2026-03-09 05:24:00,161 correlation 7 127151554688704 request_complete correlation_id=f670b3d6-84c5-48cc-be19-ea31caa59b00 tenant_id=- user_id=- method=GET path=/ status=200 duration_ms=1.3
INFO 2026-03-09 05:24:30,204 correlation 9 127151554688704 request_complete correlation_id=468f8624-60b9-409c-862d-26d987a146fd tenant_id=- user_id=- method=GET path=/ status=200 duration_ms=1.36
INFO 2026-03-09 05:25:00,241 correlation 7 127151554688704 request_complete correlation_id=a049fdee-d7b3-47fd-9a80-d66d41181852 tenant_id=- user_id=- method=GET path=/ status=200 duration_ms=1.4
INFO 2026-03-09 05:25:30,278 correlation 9 127151554688704 request_complete correlation_id=f3bbdee1-5b36-46f3-9ab8-bb06e07a9159 tenant_id=- user_id=- method=GET path=/ status=200 duration_ms=1.76
INFO 2026-03-09 05:26:00,331 correlation 8 127151554688704 request_complete correlation_id=243281a9-6308-4783-bbaf-0946e4d78809 tenant_id=- user_id=- method=GET path=/ status=200 duration_ms=1.3
INFO 2026-03-09 05:26:30,376 correlation 9 127151554688704 request_complete correlation_id=42b32d8e-f2fd-4f8b-b572-911f18d9b1c8 tenant_id=- user_id=- method=GET path=/ status=200 duration_ms=1.37
INFO 2026-03-09 05:27:00,417 correlation 7 127151554688704 request_complete correlation_id=99fbc593-4748-4f30-83fd-c37bfb277cfc tenant_id=- user_id=- method=GET path=/ status=200 duration_ms=1.24
INFO 2026-03-09 05:27:30,453 correlation 7 127151554688704 request_complete correlation_id=92be4e2f-98f7-4825-9688-28c6d63b5251 tenant_id=- user_id=- method=GET path=/ status=200 duration_ms=1.5
INFO 2026-03-09 05:28:00,491 correlation 8 127151554688704 request_complete correlation_id=8adcd83f-6e6d-48f7-a9f1-633db67b1326 tenant_id=- user_id=- method=GET path=/ status=200 duration_ms=1.26
INFO 2026-03-09 05:28:30,532 correlation 7 127151554688704 request_complete correlation_id=586a7a2a-5f8d-42ad-afe6-9698dadd9007 tenant_id=- user_id=- method=GET path=/ status=200 duration_ms=1.25
INFO 2026-03-09 05:29:00,569 correlation 8 127151554688704 request_complete correlation_id=664beda5-7a0d-4a0d-99f8-bfba87eff3aa tenant_id=- user_id=- method=GET path=/ status=200 duration_ms=1.24
INFO 2026-03-09 05:29:30,608 correlation 7 127151554688704 request_complete correlation_id=8bb84f7a-2716-4f6a-a9ec-4e8141ab78d9 tenant_id=- user_id=- method=GET path=/ status=200 duration_ms=1.23
INFO 2026-03-09 05:30:00,653 correlation 9 127151554688704 request_complete correlation_id=a9907a24-915b-4cfe-bfe1-da856e61dfe1 tenant_id=- user_id=- method=GET path=/ status=200 duration_ms=1.46
INFO 2026-03-09 05:30:30,692 correlation 7 127151554688704 request_complete correlation_id=c7225c37-85fc-45a8-b4aa-48e3449190b6 tenant_id=- user_id=- method=GET path=/ status=200 duration_ms=1.39
INFO 2026-03-09 05:31:00,730 correlation 7 127151554688704 request_complete correlation_id=929cb82b-e224-4b7d-bf9e-c6e72dced1ea tenant_id=- user_id=- method=GET path=/ status=200 duration_ms=1.88
INFO 2026-03-09 05:31:30,768 correlation 7 127151554688704 request_complete correlation_id=34d0015f-8d96-4a91-b368-5502444aefea tenant_id=- user_id=- method=GET path=/ status=200 duration_ms=1.29
INFO 2026-03-09 05:32:00,809 correlation 9 127151554688704 request_complete correlation_id=2afe11ba-02bb-4710-9238-705d6cf5e35d tenant_id=- user_id=- method=GET path=/ status=200 duration_ms=1.25
INFO 2026-03-09 05:32:30,847 correlation 7 127151554688704 request_complete correlation_id=c28cc454-ae06-4fc1-970b-96042e3a7fdd tenant_id=- user_id=- method=GET path=/ status=200 duration_ms=1.31
INFO 2026-03-09 05:33:00,892 correlation 8 127151554688704 request_complete correlation_id=bad0df96-37c2-46a3-8335-4a3f84842b7a tenant_id=- user_id=- method=GET path=/ status=200 duration_ms=2.26
INFO 2026-03-09 05:33:30,933 correlation 7 127151554688704 request_complete correlation_id=306ae64e-4fe8-403c-94e9-ef2b5823f298 tenant_id=- user_id=- method=GET path=/ status=200 duration_ms=1.69
INFO 2026-03-09 05:34:00,976 correlation 7 127151554688704 request_complete correlation_id=4b2acf05-071d-4725-a065-cbc80982f989 tenant_id=- user_id=- method=GET path=/ status=200 duration_ms=1.29
INFO 2026-03-09 05:34:31,013 correlation 8 127151554688704 request_complete correlation_id=cc7b807e-99e1-4ebe-b0e4-3f15ebf92c5e tenant_id=- user_id=- method=GET path=/ status=200 duration_ms=1.26
INFO 2026-03-09 05:35:01,049 correlation 7 127151554688704 request_complete correlation_id=60602e8c-38f0-4c15-92af-bbeed8dd618e tenant_id=- user_id=- method=GET path=/ status=200 duration_ms=1.28
INFO 2026-03-09 05:35:31,088 correlation 7 127151554688704 request_complete correlation_id=00e3cdb5-b050-4358-9cbc-3a54d1c3128e tenant_id=- user_id=- method=GET path=/ status=200 duration_ms=1.29
INFO 2026-03-09 05:36:01,127 correlation 7 127151554688704 request_complete correlation_id=e067db17-5f73-4e24-a1f4-190c5b355d6b tenant_id=- user_id=- method=GET path=/ status=200 duration_ms=1.43
INFO 2026-03-09 05:36:31,183 correlation 9 127151554688704 request_complete correlation_id=8149994c-cac0-4de4-8dc9-4d64e4542b0f tenant_id=- user_id=- method=GET path=/ status=200 duration_ms=1.3
INFO 2026-03-09 05:37:01,222 correlation 9 127151554688704 request_complete correlation_id=0579e60a-4ab9-441c-9d8a-be1c28af3233 tenant_id=- user_id=- method=GET path=/ status=200 duration_ms=1.27
INFO 2026-03-09 05:37:31,261 correlation 9 127151554688704 request_complete correlation_id=06960531-c65d-4ea6-a36f-2143f84a2fc6 tenant_id=- user_id=- method=GET path=/ status=200 duration_ms=1.41
INFO 2026-03-09 05:38:01,300 correlation 8 127151554688704 request_complete correlation_id=3427cd03-7864-481e-b90a-f0f105959183 tenant_id=- user_id=- method=GET path=/ status=200 duration_ms=1.21
INFO 2026-03-09 05:38:31,337 correlation 8 127151554688704 request_complete correlation_id=6be77f7b-f698-4e75-957d-cbd108bea2a1 tenant_id=- user_id=- method=GET path=/ status=200 duration_ms=1.28
INFO 2026-03-09 05:39:01,380 correlation 8 127151554688704 request_complete correlation_id=b39a5764-41e8-4441-9891-b62ce92775fb tenant_id=- user_id=- method=GET path=/ status=200 duration_ms=1.4
INFO 2026-03-09 05:39:31,420 correlation 9 127151554688704 request_complete correlation_id=2c317a40-be5a-4454-973f-1ea690c4bdf9 tenant_id=- user_id=- method=GET path=/ status=200 duration_ms=1.53
INFO 2026-03-09 05:40:01,462 correlation 9 127151554688704 request_complete correlation_id=dccc513a-4bc0-48a6-ba80-888b75db76d3 tenant_id=- user_id=- method=GET path=/ status=200 duration_ms=1.62
INFO 2026-03-09 05:40:31,495 correlation 7 127151554688704 request_complete correlation_id=06450d9d-40fc-42cb-974e-b886df9c0b2e tenant_id=- user_id=- method=GET path=/ status=200 duration_ms=1.3
INFO 2026-03-09 05:41:01,528 correlation 9 127151554688704 request_complete correlation_id=c6b5f078-bd8a-4dfe-b9dc-ddcbedfe9a4b tenant_id=- user_id=- method=GET path=/ status=200 duration_ms=1.47
INFO 2026-03-09 05:41:31,561 correlation 8 127151554688704 request_complete correlation_id=7d1daf0f-9072-4dee-9e29-f23ecc425811 tenant_id=- user_id=- method=GET path=/ status=200 duration_ms=1.29
INFO 2026-03-09 05:42:01,602 correlation 8 127151554688704 request_complete correlation_id=82c75c56-f18a-4b14-b03f-34a5efd42bc3 tenant_id=- user_id=- method=GET path=/ status=200 duration_ms=1.49
INFO 2026-03-09 05:42:31,640 correlation 7 127151554688704 request_complete correlation_id=60889352-b4f7-4eba-892e-7b42a6e51b20 tenant_id=- user_id=- method=GET path=/ status=200 duration_ms=1.29
INFO 2026-03-09 05:43:01,675 correlation 7 127151554688704 request_complete correlation_id=b523529a-ab01-4839-8755-40155efe6158 tenant_id=- user_id=- method=GET path=/ status=200 duration_ms=1.29
INFO 2026-03-09 05:43:31,748 correlation 9 127151554688704 request_complete correlation_id=1f87f41c-c9bf-47df-a907-c49a1bf0ebfd tenant_id=- user_id=- method=GET path=/ status=200 duration_ms=1.46
INFO 2026-03-09 05:44:01,787 correlation 8 127151554688704 request_complete correlation_id=353ba4d3-7311-4ec7-8cb8-e8452a35619d tenant_id=- user_id=- method=GET path=/ status=200 duration_ms=1.35
INFO 2026-03-09 05:44:31,824 correlation 7 127151554688704 request_complete correlation_id=12317926-90d9-4027-8d7f-4bd347107053 tenant_id=- user_id=- method=GET path=/ status=200 duration_ms=1.28
INFO 2026-03-09 05:45:01,867 correlation 7 127151554688704 request_complete correlation_id=7dec5a44-dd69-402b-99c0-0c784ee10bfe tenant_id=- user_id=- method=GET path=/ status=200 duration_ms=1.32
INFO 2026-03-09 05:45:31,908 correlation 9 127151554688704 request_complete correlation_id=4ed9bf38-f7c3-4f5b-8c11-4025ef6dad39 tenant_id=- user_id=- method=GET path=/ status=200 duration_ms=1.26
INFO 2026-03-09 05:46:01,960 correlation 8 127151554688704 request_complete correlation_id=9a57d16d-eddd-4cfe-b855-93b99ba42c3d tenant_id=- user_id=- method=GET path=/ status=200 duration_ms=1.38
INFO 2026-03-09 05:46:31,997 correlation 7 127151554688704 request_complete correlation_id=ad5b4809-8f4a-48c1-b5ee-8ed21e059186 tenant_id=- user_id=- method=GET path=/ status=200 duration_ms=1.29
INFO 2026-03-09 05:47:02,033 correlation 9 127151554688704 request_complete correlation_id=e4f177ee-b107-4864-a3b7-62e5f91c446c tenant_id=- user_id=- method=GET path=/ status=200 duration_ms=1.27
INFO 2026-03-09 05:47:32,074 correlation 8 127151554688704 request_complete correlation_id=833bd07b-c1d1-485a-bdf1-ffe4b0122499 tenant_id=- user_id=- method=GET path=/ status=200 duration_ms=1.32
INFO 2026-03-09 05:48:02,113 correlation 8 127151554688704 request_complete correlation_id=548d8163-18df-433e-b5f7-476af2051617 tenant_id=- user_id=- method=GET path=/ status=200 duration_ms=1.28
INFO 2026-03-09 05:48:32,157 correlation 7 127151554688704 request_complete correlation_id=5089d5ad-7394-4f53-936b-abc036342e8e tenant_id=- user_id=- method=GET path=/ status=200 duration_ms=1.31
INFO 2026-03-09 05:49:02,198 correlation 7 127151554688704 request_complete correlation_id=9a24fa38-bce2-4a03-b9f4-7afc7b6ee53d tenant_id=- user_id=- method=GET path=/ status=200 duration_ms=1.33
INFO 2026-03-09 05:49:32,236 correlation 8 127151554688704 request_complete correlation_id=f4a31512-03b9-4257-84d6-c0984284b171 tenant_id=- user_id=- method=GET path=/ status=200 duration_ms=1.49
INFO 2026-03-09 05:50:02,273 correlation 8 127151554688704 request_complete correlation_id=ae7e4cd9-a3ab-4fb2-acee-e76c8a3e88d9 tenant_id=- user_id=- method=GET path=/ status=200 duration_ms=1.34
INFO 2026-03-09 05:50:32,315 correlation 7 127151554688704 request_complete correlation_id=03175217-44b1-4f9b-8f38-4b39f7c20e03 tenant_id=- user_id=- method=GET path=/ status=200 duration_ms=2.02
INFO 2026-03-09 05:51:02,356 correlation 7 127151554688704 request_complete correlation_id=7229d79e-455a-417d-9841-cead2886559c tenant_id=- user_id=- method=GET path=/ status=200 duration_ms=1.93
INFO 2026-03-09 05:51:32,400 correlation 8 127151554688704 request_complete correlation_id=deaf8d08-67fe-4baa-8cdd-395ca9cb4009 tenant_id=- user_id=- method=GET path=/ status=200 duration_ms=1.52
INFO 2026-03-09 05:52:02,439 correlation 8 127151554688704 request_complete correlation_id=fb791212-a608-4946-a5ce-2e58a413c2c0 tenant_id=- user_id=- method=GET path=/ status=200 duration_ms=1.31
INFO 2026-03-09 05:52:32,483 correlation 7 127151554688704 request_complete correlation_id=b817f15d-fa28-4dbf-a5ed-1cee23f25be6 tenant_id=- user_id=- method=GET path=/ status=200 duration_ms=1.3
INFO 2026-03-09 05:53:02,519 correlation 9 127151554688704 request_complete correlation_id=79c80f4b-8ae8-4e6c-b6e9-0f963aac7f67 tenant_id=- user_id=- method=GET path=/ status=200 duration_ms=1.28
INFO 2026-03-09 05:53:32,555 correlation 8 127151554688704 request_complete correlation_id=5e3f852b-aacb-431d-898a-df0cf79a6ab0 tenant_id=- user_id=- method=GET path=/ status=200 duration_ms=1.24
INFO 2026-03-09 05:54:02,598 correlation 9 127151554688704 request_complete correlation_id=186e7f65-6dd6-4686-bc7c-5dfb4bc89983 tenant_id=- user_id=- method=GET path=/ status=200 duration_ms=1.4
INFO 2026-03-09 05:54:32,636 correlation 7 127151554688704 request_complete correlation_id=3be8eae2-af5c-4fa2-8c7f-ec7967aeb4df tenant_id=- user_id=- method=GET path=/ status=200 duration_ms=1.28
INFO 2026-03-09 05:55:02,677 correlation 9 127151554688704 request_complete correlation_id=d6322ff6-6350-4ae4-97f3-b01884830195 tenant_id=- user_id=- method=GET path=/ status=200 duration_ms=1.42
INFO 2026-03-09 05:55:32,724 correlation 9 127151554688704 request_complete correlation_id=4eb59a95-0b5f-4565-94e1-763b5caaba59 tenant_id=- user_id=- method=GET path=/ status=200 duration_ms=1.31
INFO 2026-03-09 05:56:02,762 correlation 8 127151554688704 request_complete correlation_id=3a268b7a-ee13-41e2-9b4b-b964bc9968b4 tenant_id=- user_id=- method=GET path=/ status=200 duration_ms=1.33
INFO 2026-03-09 05:56:32,808 correlation 7 127151554688704 request_complete correlation_id=7d9be5b0-9125-4a3d-9bc2-da75f00a3754 tenant_id=- user_id=- method=GET path=/ status=200 duration_ms=1.89
INFO 2026-03-09 05:57:02,849 correlation 8 127151554688704 request_complete correlation_id=30ac8667-94a3-4b6d-8d56-72d5c84320db tenant_id=- user_id=- method=GET path=/ status=200 duration_ms=1.44
INFO 2026-03-09 05:57:32,886 correlation 7 127151554688704 request_complete correlation_id=873d0c58-951f-4d31-a4d6-b00dea39a436 tenant_id=- user_id=- method=GET path=/ status=200 duration_ms=1.26
INFO 2026-03-09 05:58:02,925 correlation 9 127151554688704 request_complete correlation_id=30dbc410-a4ed-4703-9c65-c276c662c560 tenant_id=- user_id=- method=GET path=/ status=200 duration_ms=1.33
INFO 2026-03-09 05:58:32,962 correlation 9 127151554688704 request_complete correlation_id=b4326211-f0af-45d2-a873-0f3525577e1d tenant_id=- user_id=- method=GET path=/ status=200 duration_ms=1.24
INFO 2026-03-09 05:59:03,000 correlation 9 127151554688704 request_complete correlation_id=bb6e0b33-3f23-4e23-8ae6-b1784f3e58c2 tenant_id=- user_id=- method=GET path=/ status=200 duration_ms=1.47
INFO 2026-03-09 05:59:33,037 correlation 9 127151554688704 request_complete correlation_id=38b8a2ae-8c9e-4098-b1d2-f540dbeeea7d tenant_id=- user_id=- method=GET path=/ status=200 duration_ms=1.29
INFO 2026-03-09 06:00:03,075 correlation 9 127151554688704 request_complete correlation_id=d6ac20ec-0f86-4cf4-82e9-d3f37a286d60 tenant_id=- user_id=- method=GET path=/ status=200 duration_ms=1.53
INFO 2026-03-09 06:00:33,117 correlation 9 127151554688704 request_complete correlation_id=a40e272a-35dc-4c77-a03b-da5676eeaec6 tenant_id=- user_id=- method=GET path=/ status=200 duration_ms=1.27
INFO 2026-03-09 06:01:03,164 correlation 9 127151554688704 request_complete correlation_id=e4eedf76-5c4d-41c4-96b1-8c09d28b47f6 tenant_id=- user_id=- method=GET path=/ status=200 duration_ms=1.44
INFO 2026-03-09 06:01:33,211 correlation 9 127151554688704 request_complete correlation_id=3425aaf3-8e67-452b-a9a3-6d29302a11bd tenant_id=- user_id=- method=GET path=/ status=200 duration_ms=1.7
INFO 2026-03-09 06:02:03,257 correlation 9 127151554688704 request_complete correlation_id=5a4aeca5-71aa-4982-8313-c0c21b6c4f8c tenant_id=- user_id=- method=GET path=/ status=200 duration_ms=1.25
INFO 2026-03-09 06:02:33,298 correlation 7 127151554688704 request_complete correlation_id=4b3444a1-e1f8-482b-8c4b-7795e63d2620 tenant_id=- user_id=- method=GET path=/ status=200 duration_ms=1.24
INFO 2026-03-09 06:03:03,334 correlation 8 127151554688704 request_complete correlation_id=adc9caca-4cd8-4ef4-a458-07bb4517941d tenant_id=- user_id=- method=GET path=/ status=200 duration_ms=1.34
INFO 2026-03-09 06:03:33,376 correlation 7 127151554688704 request_complete correlation_id=7850d532-4c6a-4553-bdfc-62bb5134c30d tenant_id=- user_id=- method=GET path=/ status=200 duration_ms=1.3
INFO 2026-03-09 06:04:03,412 correlation 9 127151554688704 request_complete correlation_id=a39dac1e-e2a4-46f5-82ff-55eff0e40e3d tenant_id=- user_id=- method=GET path=/ status=200 duration_ms=1.26
INFO 2026-03-09 06:04:33,455 correlation 8 127151554688704 request_complete correlation_id=afb46a6b-6028-41a5-8893-75c41caddd02 tenant_id=- user_id=- method=GET path=/ status=200 duration_ms=1.32
INFO 2026-03-09 06:05:03,492 correlation 8 127151554688704 request_complete correlation_id=c94d251a-a402-404c-8afc-e61a3400c81f tenant_id=- user_id=- method=GET path=/ status=200 duration_ms=1.3
INFO 2026-03-09 06:05:33,534 correlation 8 127151554688704 request_complete correlation_id=79267070-8f11-414a-af24-65b9e7f9ddea tenant_id=- user_id=- method=GET path=/ status=200 duration_ms=1.52
INFO 2026-03-09 06:06:03,578 correlation 8 127151554688704 request_complete correlation_id=28d30b35-1d2d-4b9e-886e-ec4e17a53264 tenant_id=- user_id=- method=GET path=/ status=200 duration_ms=1.53
INFO 2026-03-09 06:06:33,614 correlation 7 127151554688704 request_complete correlation_id=efb173be-5d99-4e9a-88e8-41838c1bec81 tenant_id=- user_id=- method=GET path=/ status=200 duration_ms=2.03
INFO 2026-03-09 06:07:03,657 correlation 9 127151554688704 request_complete correlation_id=51cb0221-091c-4374-8ae6-265914fa2f89 tenant_id=- user_id=- method=GET path=/ status=200 duration_ms=1.49
INFO 2026-03-09 06:07:33,695 correlation 8 127151554688704 request_complete correlation_id=f12e7555-f518-4d87-9364-2b7c7515d3e5 tenant_id=- user_id=- method=GET path=/ status=200 duration_ms=1.44
INFO 2026-03-09 06:08:03,736 correlation 8 127151554688704 request_complete correlation_id=a081bbfd-fc81-48c4-b08c-8ebd3f8aa67c tenant_id=- user_id=- method=GET path=/ status=200 duration_ms=1.3
INFO 2026-03-09 06:08:33,776 correlation 7 127151554688704 request_complete correlation_id=d000c14c-998e-44e8-9470-eb4dae50b939 tenant_id=- user_id=- method=GET path=/ status=200 duration_ms=1.49
INFO 2026-03-09 06:09:03,814 correlation 7 127151554688704 request_complete correlation_id=05ddf9f1-1f85-4791-bf9d-02de8adc4f53 tenant_id=- user_id=- method=GET path=/ status=200 duration_ms=1.78
INFO 2026-03-09 06:09:33,852 correlation 7 127151554688704 request_complete correlation_id=d1d31242-44ed-48e7-bc78-8f95acdf294f tenant_id=- user_id=- method=GET path=/ status=200 duration_ms=1.34
INFO 2026-03-09 06:10:03,894 correlation 8 127151554688704 request_complete correlation_id=8a47454c-ff93-4b2b-baa2-8fc759c42e23 tenant_id=- user_id=- method=GET path=/ status=200 duration_ms=1.3
INFO 2026-03-09 06:10:33,937 correlation 8 127151554688704 request_complete correlation_id=5bdd9771-82b0-406f-b980-304ea9e98b88 tenant_id=- user_id=- method=GET path=/ status=200 duration_ms=1.64
INFO 2026-03-09 06:11:03,974 correlation 8 127151554688704 request_complete correlation_id=4426580c-577f-4618-90d3-ab660730cd36 tenant_id=- user_id=- method=GET path=/ status=200 duration_ms=1.42
INFO 2026-03-09 06:11:34,016 correlation 9 127151554688704 request_complete correlation_id=052f4b09-773b-4119-9d32-c47f988ed02e tenant_id=- user_id=- method=GET path=/ status=200 duration_ms=1.46
INFO 2026-03-09 06:12:04,055 correlation 8 127151554688704 request_complete correlation_id=8c24b207-92ad-4263-a3d9-b7384145ec6b tenant_id=- user_id=- method=GET path=/ status=200 duration_ms=1.62
INFO 2026-03-09 06:12:34,098 correlation 8 127151554688704 request_complete correlation_id=8855afe3-7ba4-4d4b-b09f-7fc3a4b3290d tenant_id=- user_id=- method=GET path=/ status=200 duration_ms=1.66
INFO 2026-03-09 06:13:04,145 correlation 8 127151554688704 request_complete correlation_id=cb1a0788-767e-4197-9536-566a59c9e2c2 tenant_id=- user_id=- method=GET path=/ status=200 duration_ms=3.11
INFO 2026-03-09 06:13:34,185 correlation 9 127151554688704 request_complete correlation_id=06f66fad-ad1d-4930-b1c8-2c5e24e6c820 tenant_id=- user_id=- method=GET path=/ status=200 duration_ms=1.53
INFO 2026-03-09 06:14:04,227 correlation 8 127151554688704 request_complete correlation_id=b88355a5-b1d0-4027-a544-04b6919a8b92 tenant_id=- user_id=- method=GET path=/ status=200 duration_ms=1.4
INFO 2026-03-09 06:14:34,283 correlation 8 127151554688704 request_complete correlation_id=18aead67-72c1-4905-b380-4d87142afa12 tenant_id=- user_id=- method=GET path=/ status=200 duration_ms=2.12
INFO 2026-03-09 06:15:04,320 correlation 8 127151554688704 request_complete correlation_id=523cb53d-7df7-4e86-a63b-b1731d23feec tenant_id=- user_id=- method=GET path=/ status=200 duration_ms=1.31
INFO 2026-03-09 06:15:34,360 correlation 7 127151554688704 request_complete correlation_id=6b4b4788-db19-4bee-96fd-ef0fe3de5c11 tenant_id=- user_id=- method=GET path=/ status=200 duration_ms=1.26
INFO 2026-03-09 06:16:04,406 correlation 9 127151554688704 request_complete correlation_id=9614134d-57ca-45ca-8f37-815d03a786fb tenant_id=- user_id=- method=GET path=/ status=200 duration_ms=1.4
INFO 2026-03-09 06:16:34,445 correlation 9 127151554688704 request_complete correlation_id=777e8b84-34df-4369-9054-158dea18b659 tenant_id=- user_id=- method=GET path=/ status=200 duration_ms=1.37
INFO 2026-03-09 06:17:04,488 correlation 7 127151554688704 request_complete correlation_id=a1769967-1dc9-4b68-9f54-dac9451321e5 tenant_id=- user_id=- method=GET path=/ status=200 duration_ms=1.47
INFO 2026-03-09 06:17:34,529 correlation 8 127151554688704 request_complete correlation_id=3590be4b-8d0e-4a9c-945e-bc4c7fd38ff6 tenant_id=- user_id=- method=GET path=/ status=200 duration_ms=2.41
INFO 2026-03-09 06:18:04,567 correlation 8 127151554688704 request_complete correlation_id=79c67950-6bec-407f-b94b-f9c31a3dff58 tenant_id=- user_id=- method=GET path=/ status=200 duration_ms=1.49
INFO 2026-03-09 06:18:34,603 correlation 9 127151554688704 request_complete correlation_id=9e049dfd-6f8c-460a-9d1b-10a8f828c487 tenant_id=- user_id=- method=GET path=/ status=200 duration_ms=1.55
INFO 2026-03-09 06:19:04,639 correlation 7 127151554688704 request_complete correlation_id=436244cd-6d19-47f7-9596-20580d0dc1c2 tenant_id=- user_id=- method=GET path=/ status=200 duration_ms=1.3
INFO 2026-03-09 06:19:34,681 correlation 7 127151554688704 request_complete correlation_id=decb49d2-10f8-4016-a85d-c5a2126c90f2 tenant_id=- user_id=- method=GET path=/ status=200 duration_ms=1.25
INFO 2026-03-09 06:20:04,717 correlation 9 127151554688704 request_complete correlation_id=206ad672-dfa8-448e-9cb6-82f57ff0774c tenant_id=- user_id=- method=GET path=/ status=200 duration_ms=1.21
INFO 2026-03-09 06:20:34,761 correlation 9 127151554688704 request_complete correlation_id=4b81d66b-c0df-45b2-878e-1f31d14e14ec tenant_id=- user_id=- method=GET path=/ status=200 duration_ms=1.61
INFO 2026-03-09 06:21:04,800 correlation 7 127151554688704 request_complete correlation_id=a486abf6-8923-4a4d-8058-5d464bf69790 tenant_id=- user_id=- method=GET path=/ status=200 duration_ms=1.34
INFO 2026-03-09 06:21:34,835 correlation 9 127151554688704 request_complete correlation_id=3e0f52fc-7cbb-4d12-8b80-f85fdbd2ad78 tenant_id=- user_id=- method=GET path=/ status=200 duration_ms=1.4
INFO 2026-03-09 06:22:04,875 correlation 7 127151554688704 request_complete correlation_id=70caa9e8-5e01-4c0b-86b5-359cd7dd78b7 tenant_id=- user_id=- method=GET path=/ status=200 duration_ms=1.45
INFO 2026-03-09 06:22:34,914 correlation 8 127151554688704 request_complete correlation_id=a1e3163e-6f00-46c6-bc5b-8f0a2553594b tenant_id=- user_id=- method=GET path=/ status=200 duration_ms=1.36
INFO 2026-03-09 06:23:04,959 correlation 7 127151554688704 request_complete correlation_id=70cc794f-0d8c-451b-9923-97b273b8d319 tenant_id=- user_id=- method=GET path=/ status=200 duration_ms=1.81
INFO 2026-03-09 06:23:35,012 correlation 9 127151554688704 request_complete correlation_id=bb537362-e8f4-4ed9-846e-bb655321bcd2 tenant_id=- user_id=- method=GET path=/ status=200 duration_ms=1.62
INFO 2026-03-09 06:24:05,057 correlation 8 127151554688704 request_complete correlation_id=051a1844-a796-43de-87a4-4bba6d864b16 tenant_id=- user_id=- method=GET path=/ status=200 duration_ms=1.29
INFO 2026-03-09 06:24:35,095 correlation 9 127151554688704 request_complete correlation_id=c5b7c4d5-e1ee-49b7-a82a-dc5d9140df12 tenant_id=- user_id=- method=GET path=/ status=200 duration_ms=1.3
INFO 2026-03-09 06:25:05,137 correlation 7 127151554688704 request_complete correlation_id=2b563efa-3ce5-48b3-a24f-af9d20831189 tenant_id=- user_id=- method=GET path=/ status=200 duration_ms=1.34
INFO 2026-03-09 06:25:35,173 correlation 9 127151554688704 request_complete correlation_id=7e1f1a27-c1c5-4b34-be1d-bfacfc851987 tenant_id=- user_id=- method=GET path=/ status=200 duration_ms=1.28
INFO 2026-03-09 06:26:05,212 correlation 8 127151554688704 request_complete correlation_id=4ddd8a15-0f87-462f-ba58-0ffc19823882 tenant_id=- user_id=- method=GET path=/ status=200 duration_ms=1.43
INFO 2026-03-09 06:26:35,251 correlation 7 127151554688704 request_complete correlation_id=1ba973a3-894b-45ce-8cf7-7d4de79101f9 tenant_id=- user_id=- method=GET path=/ status=200 duration_ms=1.24
INFO 2026-03-09 06:27:05,292 correlation 7 127151554688704 request_complete correlation_id=c9232a99-ff04-419f-bc8f-cd98e2cc1023 tenant_id=- user_id=- method=GET path=/ status=200 duration_ms=1.31
INFO 2026-03-09 06:27:35,332 correlation 8 127151554688704 request_complete correlation_id=b997038a-5091-4f19-9414-f4533ff37375 tenant_id=- user_id=- method=GET path=/ status=200 duration_ms=1.74
INFO 2026-03-09 06:28:05,378 correlation 8 127151554688704 request_complete correlation_id=69537107-64f2-4a71-90ea-046d5ef88dd6 tenant_id=- user_id=- method=GET path=/ status=200 duration_ms=1.3
INFO 2026-03-09 06:28:35,422 correlation 8 127151554688704 request_complete correlation_id=002ce236-d11c-447c-aa92-b36f6c75295e tenant_id=- user_id=- method=GET path=/ status=200 duration_ms=1.56
INFO 2026-03-09 06:29:05,467 correlation 8 127151554688704 request_complete correlation_id=5a1908de-0545-4e9c-8349-b5aa4368a94d tenant_id=- user_id=- method=GET path=/ status=200 duration_ms=1.45
INFO 2026-03-09 06:29:35,510 correlation 7 127151554688704 request_complete correlation_id=fe7c7bee-b4b0-4fc3-9345-56646be2c19b tenant_id=- user_id=- method=GET path=/ status=200 duration_ms=1.92
INFO 2026-03-09 06:30:05,551 correlation 8 127151554688704 request_complete correlation_id=9dee60c0-1f7d-40c8-9d4b-9f3e01fe6fcf tenant_id=- user_id=- method=GET path=/ status=200 duration_ms=1.53
INFO 2026-03-09 06:30:35,593 correlation 9 127151554688704 request_complete correlation_id=8e42bd8f-b98f-4093-9771-534ec8f4ab6f tenant_id=- user_id=- method=GET path=/ status=200 duration_ms=1.31
INFO 2026-03-09 06:31:05,630 correlation 7 127151554688704 request_complete correlation_id=198126d9-05e5-4b20-91a1-e96607f44da4 tenant_id=- user_id=- method=GET path=/ status=200 duration_ms=1.6
INFO 2026-03-09 06:31:35,667 correlation 7 127151554688704 request_complete correlation_id=cf918807-1b9a-487a-9d55-4c1f56650751 tenant_id=- user_id=- method=GET path=/ status=200 duration_ms=1.58
INFO 2026-03-09 06:32:05,705 correlation 7 127151554688704 request_complete correlation_id=39427981-b9ac-43b4-8dc0-449451ac78d0 tenant_id=- user_id=- method=GET path=/ status=200 duration_ms=1.26
INFO 2026-03-09 06:32:35,751 correlation 7 127151554688704 request_complete correlation_id=853f3f88-377e-48bd-8e01-f1ff6b4dc4a5 tenant_id=- user_id=- method=GET path=/ status=200 duration_ms=1.25
INFO 2026-03-09 06:33:05,793 correlation 9 127151554688704 request_complete correlation_id=26d67880-a28f-4c0c-93f6-5ab6737663bc tenant_id=- user_id=- method=GET path=/ status=200 duration_ms=1.34
INFO 2026-03-09 06:33:35,842 correlation 8 127151554688704 request_complete correlation_id=bcb64eb3-c468-4a5b-9080-cc7a06b26f17 tenant_id=- user_id=- method=GET path=/ status=200 duration_ms=1.72
INFO 2026-03-09 06:34:05,881 correlation 7 127151554688704 request_complete correlation_id=85922179-109a-439e-98c5-9eee76247289 tenant_id=- user_id=- method=GET path=/ status=200 duration_ms=1.69
INFO 2026-03-09 06:34:35,921 correlation 8 127151554688704 request_complete correlation_id=4e838de0-88f9-48ed-aa1f-6a1990a8692b tenant_id=- user_id=- method=GET path=/ status=200 duration_ms=1.31
INFO 2026-03-09 06:35:05,964 correlation 7 127151554688704 request_complete correlation_id=af5c0d1b-9a1f-475e-b0a8-de9d867021ca tenant_id=- user_id=- method=GET path=/ status=200 duration_ms=1.28
INFO 2026-03-09 06:35:36,002 correlation 8 127151554688704 request_complete correlation_id=771e904d-4b48-4298-b97c-3eef014e0dd3 tenant_id=- user_id=- method=GET path=/ status=200 duration_ms=1.26
INFO 2026-03-09 06:36:06,042 correlation 9 127151554688704 request_complete correlation_id=e34af484-06fd-4e7f-a43e-ea497ad757eb tenant_id=- user_id=- method=GET path=/ status=200 duration_ms=1.56
INFO 2026-03-09 06:36:36,082 correlation 9 127151554688704 request_complete correlation_id=2e94739d-4781-455c-8949-8475b3a7566b tenant_id=- user_id=- method=GET path=/ status=200 duration_ms=1.27
INFO 2026-03-09 06:37:06,126 correlation 8 127151554688704 request_complete correlation_id=dae8d900-3532-4391-acd5-f87bdd552e8c tenant_id=- user_id=- method=GET path=/ status=200 duration_ms=1.29
INFO 2026-03-09 06:37:36,164 correlation 7 127151554688704 request_complete correlation_id=7ee66d79-aebb-4a08-b288-35f5833b7f9c tenant_id=- user_id=- method=GET path=/ status=200 duration_ms=1.31
INFO 2026-03-09 06:38:06,203 correlation 9 127151554688704 request_complete correlation_id=181eb252-52de-49c6-aa81-34f7200dfad4 tenant_id=- user_id=- method=GET path=/ status=200 duration_ms=1.27
INFO 2026-03-09 06:38:36,239 correlation 8 127151554688704 request_complete correlation_id=ceb4aa48-dd7b-4f80-baf1-086934384c7f tenant_id=- user_id=- method=GET path=/ status=200 duration_ms=1.51
INFO 2026-03-09 06:39:06,281 correlation 7 127151554688704 request_complete correlation_id=68464171-dfed-413d-bbf8-56860f6d9759 tenant_id=- user_id=- method=GET path=/ status=200 duration_ms=1.29
INFO 2026-03-09 06:39:36,320 correlation 8 127151554688704 request_complete correlation_id=8ab4f49f-25d6-4025-9d5d-84ad607bca80 tenant_id=- user_id=- method=GET path=/ status=200 duration_ms=1.23
INFO 2026-03-09 06:40:06,371 correlation 9 127151554688704 request_complete correlation_id=808f82f0-c777-4bf4-8432-fa926bb8163f tenant_id=- user_id=- method=GET path=/ status=200 duration_ms=1.29
INFO 2026-03-09 06:40:36,420 correlation 7 127151554688704 request_complete correlation_id=ec38e7b1-f92f-4eaa-84ac-431cdf6d788d tenant_id=- user_id=- method=GET path=/ status=200 duration_ms=2.23
INFO 2026-03-09 06:41:06,464 correlation 8 127151554688704 request_complete correlation_id=eabda113-dd2f-446a-a30b-3c95a724e551 tenant_id=- user_id=- method=GET path=/ status=200 duration_ms=2.07
INFO 2026-03-09 06:41:36,504 correlation 8 127151554688704 request_complete correlation_id=bb3dfb5b-f5e3-44b9-a414-065e27b466e6 tenant_id=- user_id=- method=GET path=/ status=200 duration_ms=1.34
INFO 2026-03-09 06:42:06,550 correlation 7 127151554688704 request_complete correlation_id=60f8fa63-0dd2-4621-b28d-143f87ff84be tenant_id=- user_id=- method=GET path=/ status=200 duration_ms=1.28
INFO 2026-03-09 06:42:36,588 correlation 9 127151554688704 request_complete correlation_id=fb6c48e0-5851-477c-9c99-ee8de22cdacd tenant_id=- user_id=- method=GET path=/ status=200 duration_ms=1.43
INFO 2026-03-09 06:43:06,628 correlation 8 127151554688704 request_complete correlation_id=fb7c7963-84f1-4506-8ed7-fd39a78405f4 tenant_id=- user_id=- method=GET path=/ status=200 duration_ms=1.42
INFO 2026-03-09 06:43:36,665 correlation 9 127151554688704 request_complete correlation_id=367cc1ea-445d-4c10-9fad-1fcb629c843a tenant_id=- user_id=- method=GET path=/ status=200 duration_ms=1.26
INFO 2026-03-09 06:44:06,704 correlation 9 127151554688704 request_complete correlation_id=d4e1905f-c4a2-4210-ab93-597320059369 tenant_id=- user_id=- method=GET path=/ status=200 duration_ms=1.35
INFO 2026-03-09 06:44:36,744 correlation 9 127151554688704 request_complete correlation_id=e882d732-82ba-431a-a1ff-bf9df315b928 tenant_id=- user_id=- method=GET path=/ status=200 duration_ms=1.23
INFO 2026-03-09 06:45:06,787 correlation 9 127151554688704 request_complete correlation_id=4aaa67e9-dbca-4243-8e56-04b6dc7d3822 tenant_id=- user_id=- method=GET path=/ status=200 duration_ms=1.24
INFO 2026-03-09 06:45:36,829 correlation 8 127151554688704 request_complete correlation_id=cf63020b-0cd0-40b1-af18-82e3c71d1ab2 tenant_id=- user_id=- method=GET path=/ status=200 duration_ms=1.21
INFO 2026-03-09 06:46:06,871 correlation 9 127151554688704 request_complete correlation_id=9d4549e0-8599-4e57-a5ac-58c6c2ce9fd6 tenant_id=- user_id=- method=GET path=/ status=200 duration_ms=1.49
INFO 2026-03-09 06:46:36,909 correlation 9 127151554688704 request_complete correlation_id=0bd38ffb-55c2-46b2-b966-2580bccb270f tenant_id=- user_id=- method=GET path=/ status=200 duration_ms=1.31
INFO 2026-03-09 06:47:06,948 correlation 8 127151554688704 request_complete correlation_id=aa8389cf-8382-4d7f-97f2-c842fa8c303e tenant_id=- user_id=- method=GET path=/ status=200 duration_ms=1.33
INFO 2026-03-09 06:47:36,984 correlation 7 127151554688704 request_complete correlation_id=b768d768-5d35-4da5-a477-b330e3dae30a tenant_id=- user_id=- method=GET path=/ status=200 duration_ms=1.24
INFO 2026-03-09 06:48:07,021 correlation 7 127151554688704 request_complete correlation_id=e7e0e163-cf14-4706-abaf-cf1aa2a352b9 tenant_id=- user_id=- method=GET path=/ status=200 duration_ms=1.32
INFO 2026-03-09 06:48:37,054 correlation 7 127151554688704 request_complete correlation_id=5c9f5e13-ac96-43eb-950e-da04500bd207 tenant_id=- user_id=- method=GET path=/ status=200 duration_ms=1.47
INFO 2026-03-09 06:49:07,102 correlation 9 127151554688704 request_complete correlation_id=9b8d9f98-0029-437f-8109-bdbfd552bf84 tenant_id=- user_id=- method=GET path=/ status=200 duration_ms=2.24
INFO 2026-03-09 06:49:37,159 correlation 7 127151554688704 request_complete correlation_id=4c74428c-c019-40e0-be58-275284d82837 tenant_id=- user_id=- method=GET path=/ status=200 duration_ms=2.56
INFO 2026-03-09 06:50:07,198 correlation 7 127151554688704 request_complete correlation_id=fdbb10ff-f3be-4679-a85c-07955d303f1e tenant_id=- user_id=- method=GET path=/ status=200 duration_ms=1.29
INFO 2026-03-09 06:50:37,244 correlation 7 127151554688704 request_complete correlation_id=5de0896b-30c7-4a55-a9f9-92ec99750ab6 tenant_id=- user_id=- method=GET path=/ status=200 duration_ms=1.37
INFO 2026-03-09 06:51:07,286 correlation 7 127151554688704 request_complete correlation_id=5d86fbeb-a340-441f-bb80-d6e8ffbfe586 tenant_id=- user_id=- method=GET path=/ status=200 duration_ms=1.26
INFO 2026-03-09 06:51:37,330 correlation 9 127151554688704 request_complete correlation_id=c464c610-3f15-4886-a5ee-574b111d0a18 tenant_id=- user_id=- method=GET path=/ status=200 duration_ms=1.28
INFO 2026-03-09 06:52:07,367 correlation 7 127151554688704 request_complete correlation_id=613513fb-cd79-42e7-a4b0-a748cb758bbc tenant_id=- user_id=- method=GET path=/ status=200 duration_ms=1.51
INFO 2026-03-09 06:52:37,407 correlation 8 127151554688704 request_complete correlation_id=98717002-5fc3-4ce0-bd8c-ad52e24259ec tenant_id=- user_id=- method=GET path=/ status=200 duration_ms=1.26
INFO 2026-03-09 06:53:07,446 correlation 8 127151554688704 request_complete correlation_id=ab8b0656-10af-4056-a51b-f2bb684fa3c3 tenant_id=- user_id=- method=GET path=/ status=200 duration_ms=1.35
INFO 2026-03-09 06:53:37,485 correlation 8 127151554688704 request_complete correlation_id=90d3587e-b4c6-43a5-8ed4-217c9c95e74d tenant_id=- user_id=- method=GET path=/ status=200 duration_ms=1.27
INFO 2026-03-09 06:54:07,527 correlation 7 127151554688704 request_complete correlation_id=92e151c1-9312-4c17-9a70-55acf5f17864 tenant_id=- user_id=- method=GET path=/ status=200 duration_ms=1.52
INFO 2026-03-09 06:54:37,569 correlation 8 127151554688704 request_complete correlation_id=ac45fe80-180e-4456-8ae8-9f154351a9bc tenant_id=- user_id=- method=GET path=/ status=200 duration_ms=1.82
INFO 2026-03-09 06:55:07,613 correlation 7 127151554688704 request_complete correlation_id=fa87f471-d0be-4341-bd5c-e17c1170f632 tenant_id=- user_id=- method=GET path=/ status=200 duration_ms=1.27
INFO 2026-03-09 06:55:37,654 correlation 9 127151554688704 request_complete correlation_id=32ac7b9a-932d-4a3c-85dd-b598b94fe350 tenant_id=- user_id=- method=GET path=/ status=200 duration_ms=1.54
INFO 2026-03-09 06:56:07,705 correlation 7 127151554688704 request_complete correlation_id=d0d112d7-c75e-4de7-a779-36e3ffaa919d tenant_id=- user_id=- method=GET path=/ status=200 duration_ms=1.99
INFO 2026-03-09 06:56:37,752 correlation 9 127151554688704 request_complete correlation_id=418ab1cf-f576-4317-8543-058a74ec0869 tenant_id=- user_id=- method=GET path=/ status=200 duration_ms=1.82
INFO 2026-03-09 06:57:07,797 correlation 9 127151554688704 request_complete correlation_id=869284d4-72ae-40cc-b5d8-a736c0bd5407 tenant_id=- user_id=- method=GET path=/ status=200 duration_ms=1.63
INFO 2026-03-09 06:57:37,835 correlation 7 127151554688704 request_complete correlation_id=433ebb36-de18-41ed-b5cc-07d185897f69 tenant_id=- user_id=- method=GET path=/ status=200 duration_ms=2.2
INFO 2026-03-09 06:58:07,874 correlation 7 127151554688704 request_complete correlation_id=235e12f3-467f-4d3e-9b10-e4de4d3eab51 tenant_id=- user_id=- method=GET path=/ status=200 duration_ms=1.65
INFO 2026-03-09 06:58:37,919 correlation 9 127151554688704 request_complete correlation_id=a73f5812-544d-4356-aea2-e430e94ffbd3 tenant_id=- user_id=- method=GET path=/ status=200 duration_ms=1.32
INFO 2026-03-09 06:59:07,957 correlation 8 127151554688704 request_complete correlation_id=f1c1c208-06f4-4544-b2b0-6f7bc4ff20c8 tenant_id=- user_id=- method=GET path=/ status=200 duration_ms=1.86
INFO 2026-03-09 06:59:37,997 correlation 9 127151554688704 request_complete correlation_id=6a1f6a75-d048-43d7-be76-45c69a931205 tenant_id=- user_id=- method=GET path=/ status=200 duration_ms=1.49
INFO 2026-03-09 07:00:08,036 correlation 7 127151554688704 request_complete correlation_id=28f0bd41-1c51-4f79-9526-12c1b00ccebf tenant_id=- user_id=- method=GET path=/ status=200 duration_ms=1.59
INFO 2026-03-09 07:00:38,073 correlation 8 127151554688704 request_complete correlation_id=0b435db1-8341-44f5-9817-433da97863c3 tenant_id=- user_id=- method=GET path=/ status=200 duration_ms=1.31
INFO 2026-03-09 07:01:08,119 correlation 9 127151554688704 request_complete correlation_id=7613b386-c62d-41bb-aef3-23c3ed212d95 tenant_id=- user_id=- method=GET path=/ status=200 duration_ms=1.3
INFO 2026-03-09 07:01:38,161 correlation 7 127151554688704 request_complete correlation_id=1fcff160-25df-40cd-9a6e-175c3a549897 tenant_id=- user_id=- method=GET path=/ status=200 duration_ms=1.32
INFO 2026-03-09 07:02:08,199 correlation 7 127151554688704 request_complete correlation_id=1c5a8580-7de7-4c8e-a027-0f0ee41430b7 tenant_id=- user_id=- method=GET path=/ status=200 duration_ms=1.48
INFO 2026-03-09 07:02:38,243 correlation 7 127151554688704 request_complete correlation_id=e1ba9e21-3273-4821-b61d-1d6cafb58f01 tenant_id=- user_id=- method=GET path=/ status=200 duration_ms=1.23
INFO 2026-03-09 07:03:08,283 correlation 7 127151554688704 request_complete correlation_id=943acf2f-5012-41ee-9070-6ab8fa60d29c tenant_id=- user_id=- method=GET path=/ status=200 duration_ms=1.31
INFO 2026-03-09 07:03:38,321 correlation 7 127151554688704 request_complete correlation_id=8727d2c9-3c84-4882-b49d-99a6e5d0f872 tenant_id=- user_id=- method=GET path=/ status=200 duration_ms=1.32
INFO 2026-03-09 07:04:08,361 correlation 9 127151554688704 request_complete correlation_id=dda62020-05ad-496b-af6e-2b1292bdb5f3 tenant_id=- user_id=- method=GET path=/ status=200 duration_ms=1.3
INFO 2026-03-09 07:04:38,398 correlation 8 127151554688704 request_complete correlation_id=496186dd-7a16-46d1-a025-7aeb17dd9f1e tenant_id=- user_id=- method=GET path=/ status=200 duration_ms=1.52
INFO 2026-03-09 07:05:08,442 correlation 9 127151554688704 request_complete correlation_id=0caa0285-3570-4265-b8c9-c2c008cb8a8d tenant_id=- user_id=- method=GET path=/ status=200 duration_ms=1.22
INFO 2026-03-09 07:05:38,488 correlation 8 127151554688704 request_complete correlation_id=da177106-0e5b-4839-bf59-4d49bcef2474 tenant_id=- user_id=- method=GET path=/ status=200 duration_ms=1.22
INFO 2026-03-09 07:06:08,525 correlation 7 127151554688704 request_complete correlation_id=dd321f36-999d-4435-87dc-3882bfcd18b9 tenant_id=- user_id=- method=GET path=/ status=200 duration_ms=1.3
INFO 2026-03-09 07:06:38,568 correlation 8 127151554688704 request_complete correlation_id=497e724b-b151-48c0-9154-cdb59dd2a73a tenant_id=- user_id=- method=GET path=/ status=200 duration_ms=1.3
INFO 2026-03-09 07:07:08,606 correlation 9 127151554688704 request_complete correlation_id=e65b395f-2ae6-41dd-a56c-22e5b795a4eb tenant_id=- user_id=- method=GET path=/ status=200 duration_ms=1.34
INFO 2026-03-09 07:07:38,643 correlation 7 127151554688704 request_complete correlation_id=e0cfc65d-9537-433f-b927-fa2d3db9f773 tenant_id=- user_id=- method=GET path=/ status=200 duration_ms=1.25
INFO 2026-03-09 07:08:08,688 correlation 9 127151554688704 request_complete correlation_id=3462b581-e8fb-4a18-b8f7-fe2ce4a8ed86 tenant_id=- user_id=- method=GET path=/ status=200 duration_ms=1.44
INFO 2026-03-09 07:08:38,725 correlation 7 127151554688704 request_complete correlation_id=c94a1134-e3d5-44dd-9b47-5f6566817ccf tenant_id=- user_id=- method=GET path=/ status=200 duration_ms=1.25
INFO 2026-03-09 07:09:08,763 correlation 7 127151554688704 request_complete correlation_id=e1471420-e99d-4f52-ac42-b3affde75c4a tenant_id=- user_id=- method=GET path=/ status=200 duration_ms=1.2
INFO 2026-03-09 07:09:38,803 correlation 8 127151554688704 request_complete correlation_id=79725d13-1601-4ac1-a94a-335547e53914 tenant_id=- user_id=- method=GET path=/ status=200 duration_ms=1.33
INFO 2026-03-09 07:10:08,839 correlation 8 127151554688704 request_complete correlation_id=6f853421-d0b1-4e9e-8740-220f3a91beac tenant_id=- user_id=- method=GET path=/ status=200 duration_ms=1.41
INFO 2026-03-09 07:10:38,877 correlation 9 127151554688704 request_complete correlation_id=4e35f8d4-c00b-444e-a2b2-a8cbe40307f6 tenant_id=- user_id=- method=GET path=/ status=200 duration_ms=1.3
INFO 2026-03-09 07:11:08,914 correlation 8 127151554688704 request_complete correlation_id=f9b82770-da4f-4bb0-8a25-a68d212e412d tenant_id=- user_id=- method=GET path=/ status=200 duration_ms=1.34
INFO 2026-03-09 07:11:38,955 correlation 8 127151554688704 request_complete correlation_id=32211d0d-c65b-4a3f-a3a6-e72f57cd66e7 tenant_id=- user_id=- method=GET path=/ status=200 duration_ms=1.35
INFO 2026-03-09 07:12:08,991 correlation 9 127151554688704 request_complete correlation_id=2984380e-0674-464c-81c1-a29bd13013c5 tenant_id=- user_id=- method=GET path=/ status=200 duration_ms=1.26
INFO 2026-03-09 07:12:39,031 correlation 7 127151554688704 request_complete correlation_id=458fd98e-66bc-446f-9cd3-c6a058d670b1 tenant_id=- user_id=- method=GET path=/ status=200 duration_ms=1.41
INFO 2026-03-09 07:13:09,073 correlation 7 127151554688704 request_complete correlation_id=8bcd8654-c771-4ba9-8098-bd3d8720b472 tenant_id=- user_id=- method=GET path=/ status=200 duration_ms=1.68
INFO 2026-03-09 07:13:39,116 correlation 7 127151554688704 request_complete correlation_id=c6361a91-0f3b-40ed-a40f-8f5ba1d331fd tenant_id=- user_id=- method=GET path=/ status=200 duration_ms=1.23
INFO 2026-03-09 07:14:09,153 correlation 9 127151554688704 request_complete correlation_id=c0cc938a-17de-41a6-886a-7467d56dc915 tenant_id=- user_id=- method=GET path=/ status=200 duration_ms=1.23
INFO 2026-03-09 07:14:39,197 correlation 7 127151554688704 request_complete correlation_id=354d3601-8634-4bc7-a9cb-6afd37ab56d1 tenant_id=- user_id=- method=GET path=/ status=200 duration_ms=1.25
INFO 2026-03-09 07:15:09,246 correlation 9 127151554688704 request_complete correlation_id=4cc2b7e0-75e0-4a89-9e1c-8a106486acff tenant_id=- user_id=- method=GET path=/ status=200 duration_ms=1.7
INFO 2026-03-09 07:15:39,289 correlation 9 127151554688704 request_complete correlation_id=fd500964-562a-410f-b5ea-9146c290f58f tenant_id=- user_id=- method=GET path=/ status=200 duration_ms=1.24
INFO 2026-03-09 07:16:09,330 correlation 9 127151554688704 request_complete correlation_id=4f03c77d-10c2-4cdc-af90-dedf25594479 tenant_id=- user_id=- method=GET path=/ status=200 duration_ms=1.36
INFO 2026-03-09 07:16:39,367 correlation 9 127151554688704 request_complete correlation_id=b67e70a6-785d-4595-a3ef-3313c388de9e tenant_id=- user_id=- method=GET path=/ status=200 duration_ms=1.27
INFO 2026-03-09 07:17:09,411 correlation 8 127151554688704 request_complete correlation_id=a4844950-f4d2-4fb0-8b38-6d3d749b9bcd tenant_id=- user_id=- method=GET path=/ status=200 duration_ms=1.25
INFO 2026-03-09 07:17:39,453 correlation 8 127151554688704 request_complete correlation_id=9bf10610-93c9-4b79-8d2c-3aba8c5ea57f tenant_id=- user_id=- method=GET path=/ status=200 duration_ms=1.3
INFO 2026-03-09 07:18:09,490 correlation 9 127151554688704 request_complete correlation_id=c8804643-d1b4-4b88-9b39-0322f20ca2e2 tenant_id=- user_id=- method=GET path=/ status=200 duration_ms=1.22
INFO 2026-03-09 07:18:39,528 correlation 9 127151554688704 request_complete correlation_id=0b86c02e-08cc-4493-9e4d-fb4bfd07bec8 tenant_id=- user_id=- method=GET path=/ status=200 duration_ms=1.43
INFO 2026-03-09 07:19:09,566 correlation 7 127151554688704 request_complete correlation_id=125e8951-64a7-41c1-82f9-05f75997fa4d tenant_id=- user_id=- method=GET path=/ status=200 duration_ms=1.25
INFO 2026-03-09 07:19:39,604 correlation 9 127151554688704 request_complete correlation_id=788619bc-e94f-447f-b4c3-1b22c3b36f8c tenant_id=- user_id=- method=GET path=/ status=200 duration_ms=1.33
INFO 2026-03-09 07:20:09,644 correlation 9 127151554688704 request_complete correlation_id=6b5caccc-d34b-4034-831b-bbc6266b36a2 tenant_id=- user_id=- method=GET path=/ status=200 duration_ms=1.33
INFO 2026-03-09 07:20:39,680 correlation 8 127151554688704 request_complete correlation_id=5469c58c-f211-4fa8-b2ab-836a59fc030b tenant_id=- user_id=- method=GET path=/ status=200 duration_ms=1.47
INFO 2026-03-09 07:21:09,740 correlation 7 127151554688704 request_complete correlation_id=8792eaa1-d114-4561-84d6-ff0d0c8e99d0 tenant_id=- user_id=- method=GET path=/ status=200 duration_ms=26.25
INFO 2026-03-09 07:21:39,783 correlation 7 127151554688704 request_complete correlation_id=fba3ef9e-59cd-4c41-ab6b-43a8aca41658 tenant_id=- user_id=- method=GET path=/ status=200 duration_ms=1.28
INFO 2026-03-09 07:22:09,819 correlation 8 127151554688704 request_complete correlation_id=a4966e06-97be-40e8-8458-5d4a717cc78d tenant_id=- user_id=- method=GET path=/ status=200 duration_ms=1.28
INFO 2026-03-09 07:22:39,861 correlation 8 127151554688704 request_complete correlation_id=c5167f50-dbfb-4e8d-95d0-0b6c42ffab9e tenant_id=- user_id=- method=GET path=/ status=200 duration_ms=1.31
INFO 2026-03-09 07:23:09,899 correlation 9 127151554688704 request_complete correlation_id=a93f0ef6-2d1d-49bf-bc75-eb83ed6dbbe5 tenant_id=- user_id=- method=GET path=/ status=200 duration_ms=1.32
INFO 2026-03-09 07:23:39,936 correlation 7 127151554688704 request_complete correlation_id=99c2e2bd-d53a-4317-81a3-a159cc46f59d tenant_id=- user_id=- method=GET path=/ status=200 duration_ms=1.28
INFO 2026-03-09 07:24:09,980 correlation 9 127151554688704 request_complete correlation_id=51cb1e1e-f628-48ac-bfa0-87790553d6e2 tenant_id=- user_id=- method=GET path=/ status=200 duration_ms=1.43
INFO 2026-03-09 07:24:40,019 correlation 8 127151554688704 request_complete correlation_id=562e8104-5e94-400a-83c0-42234c0be69d tenant_id=- user_id=- method=GET path=/ status=200 duration_ms=1.3
INFO 2026-03-09 07:25:10,059 correlation 7 127151554688704 request_complete correlation_id=7cc5c782-0ea9-4b38-b8ad-9f734f52e5fd tenant_id=- user_id=- method=GET path=/ status=200 duration_ms=1.31
INFO 2026-03-09 07:25:40,098 correlation 9 127151554688704 request_complete correlation_id=6ab25390-ee0b-403c-80e9-4c8db9e2b3a4 tenant_id=- user_id=- method=GET path=/ status=200 duration_ms=1.3
INFO 2026-03-09 07:26:10,141 correlation 8 127151554688704 request_complete correlation_id=8e8ffa8e-1312-4e4a-a611-f0b77cb46346 tenant_id=- user_id=- method=GET path=/ status=200 duration_ms=1.45
INFO 2026-03-09 07:26:40,180 correlation 8 127151554688704 request_complete correlation_id=aebeda02-afe0-485b-b1a9-f2cd50e827e4 tenant_id=- user_id=- method=GET path=/ status=200 duration_ms=1.27
INFO 2026-03-09 07:27:10,218 correlation 7 127151554688704 request_complete correlation_id=45bca47c-1b59-462e-aab1-62ffd6734ac0 tenant_id=- user_id=- method=GET path=/ status=200 duration_ms=1.33
INFO 2026-03-09 07:27:40,260 correlation 9 127151554688704 request_complete correlation_id=5794e017-02de-4a1c-98a6-665e7f7f5fa0 tenant_id=- user_id=- method=GET path=/ status=200 duration_ms=1.36
INFO 2026-03-09 07:28:10,302 correlation 9 127151554688704 request_complete correlation_id=10f42f1e-86e5-4f6a-9cfb-65a06c4d88a7 tenant_id=- user_id=- method=GET path=/ status=200 duration_ms=1.31
INFO 2026-03-09 07:28:40,337 correlation 7 127151554688704 request_complete correlation_id=a0b8aa26-735f-4ae1-b296-565970de4d08 tenant_id=- user_id=- method=GET path=/ status=200 duration_ms=1.26
INFO 2026-03-09 07:29:10,374 correlation 9 127151554688704 request_complete correlation_id=db576f31-226e-49f4-892e-e16b5b10d5a2 tenant_id=- user_id=- method=GET path=/ status=200 duration_ms=1.44
INFO 2026-03-09 07:29:40,437 correlation 9 127151554688704 request_complete correlation_id=e21a31c0-24a4-41e0-beb1-25366cc7f24d tenant_id=- user_id=- method=GET path=/ status=200 duration_ms=2.38
INFO 2026-03-09 07:30:10,479 correlation 7 127151554688704 request_complete correlation_id=50571e81-f8f9-478a-9526-2a5a06347e77 tenant_id=- user_id=- method=GET path=/ status=200 duration_ms=1.3
INFO 2026-03-09 07:30:40,522 correlation 7 127151554688704 request_complete correlation_id=f0c03868-53dc-4abe-849d-832144330917 tenant_id=- user_id=- method=GET path=/ status=200 duration_ms=1.32
INFO 2026-03-09 07:31:10,559 correlation 9 127151554688704 request_complete correlation_id=9a0d764f-3ee0-4fc0-b747-d81fb6a05d39 tenant_id=- user_id=- method=GET path=/ status=200 duration_ms=1.32
INFO 2026-03-09 07:31:40,601 correlation 8 127151554688704 request_complete correlation_id=58aaa2f1-1ecf-4057-be20-f1c304f5ed96 tenant_id=- user_id=- method=GET path=/ status=200 duration_ms=1.27
INFO 2026-03-09 07:32:10,638 correlation 8 127151554688704 request_complete correlation_id=37a383e7-49e9-4b62-a323-ccae4acb535e tenant_id=- user_id=- method=GET path=/ status=200 duration_ms=1.27
INFO 2026-03-09 07:32:40,680 correlation 9 127151554688704 request_complete correlation_id=211c1b36-09e7-42d1-8a1c-a20e6f7c0735 tenant_id=- user_id=- method=GET path=/ status=200 duration_ms=1.23
INFO 2026-03-09 07:33:10,721 correlation 9 127151554688704 request_complete correlation_id=a39a66dc-d26e-4018-a127-98cf28247f9d tenant_id=- user_id=- method=GET path=/ status=200 duration_ms=1.29
INFO 2026-03-09 07:33:40,764 correlation 8 127151554688704 request_complete correlation_id=6d83ad2f-99c1-4fb5-918c-5c964e3b2310 tenant_id=- user_id=- method=GET path=/ status=200 duration_ms=1.53
INFO 2026-03-09 07:34:10,801 correlation 9 127151554688704 request_complete correlation_id=9c023257-e07e-49d9-ad07-37c53906aaab tenant_id=- user_id=- method=GET path=/ status=200 duration_ms=1.33
INFO 2026-03-09 07:34:40,839 correlation 9 127151554688704 request_complete correlation_id=29f73e04-fd86-4c69-a499-c69febad97be tenant_id=- user_id=- method=GET path=/ status=200 duration_ms=1.59
INFO 2026-03-09 07:35:10,876 correlation 8 127151554688704 request_complete correlation_id=ff63e592-bff6-42aa-a8d6-d30c2f5ed3ff tenant_id=- user_id=- method=GET path=/ status=200 duration_ms=1.33
INFO 2026-03-09 07:35:40,916 correlation 9 127151554688704 request_complete correlation_id=3e7ccc76-0148-468e-86d5-d2894e35e4f1 tenant_id=- user_id=- method=GET path=/ status=200 duration_ms=1.31
INFO 2026-03-09 07:36:10,955 correlation 9 127151554688704 request_complete correlation_id=896d9ec0-a9d0-472a-bd67-c8532cd93372 tenant_id=- user_id=- method=GET path=/ status=200 duration_ms=1.3
INFO 2026-03-09 07:36:40,999 correlation 9 127151554688704 request_complete correlation_id=df207b2e-ab8d-4f2f-971e-e502c192803c tenant_id=- user_id=- method=GET path=/ status=200 duration_ms=1.54
INFO 2026-03-09 07:37:11,037 correlation 7 127151554688704 request_complete correlation_id=3eefa9b1-1fc8-49b6-9b46-20b6026a6642 tenant_id=- user_id=- method=GET path=/ status=200 duration_ms=1.43
INFO 2026-03-09 07:37:41,075 correlation 8 127151554688704 request_complete correlation_id=fa245a42-4723-4bab-b112-d289aeb8c52e tenant_id=- user_id=- method=GET path=/ status=200 duration_ms=1.26
INFO 2026-03-09 07:38:11,110 correlation 7 127151554688704 request_complete correlation_id=62445738-3e15-411f-bc4e-5048d9beeff2 tenant_id=- user_id=- method=GET path=/ status=200 duration_ms=1.32
INFO 2026-03-09 07:38:41,147 correlation 9 127151554688704 request_complete correlation_id=225ce130-3903-48e8-ab16-2fb480be2ea4 tenant_id=- user_id=- method=GET path=/ status=200 duration_ms=1.28
INFO 2026-03-09 07:39:11,183 correlation 9 127151554688704 request_complete correlation_id=faa0bca3-3594-44ac-ab6a-58373938ca5e tenant_id=- user_id=- method=GET path=/ status=200 duration_ms=1.27
INFO 2026-03-09 07:39:41,222 correlation 9 127151554688704 request_complete correlation_id=74411078-9ed4-4866-8179-5eeaed90ad60 tenant_id=- user_id=- method=GET path=/ status=200 duration_ms=1.33
INFO 2026-03-09 07:40:11,287 correlation 9 127151554688704 request_complete correlation_id=5abd34e4-989d-45f5-b5eb-da45c48a248a tenant_id=- user_id=- method=GET path=/ status=200 duration_ms=25.22
INFO 2026-03-09 07:40:41,330 correlation 9 127151554688704 request_complete correlation_id=6c9f3a00-343c-49d7-9c61-08e70e518ea5 tenant_id=- user_id=- method=GET path=/ status=200 duration_ms=1.29
INFO 2026-03-09 07:41:11,365 correlation 9 127151554688704 request_complete correlation_id=0ac7b081-830a-4100-9d9f-03b0fdce5b0d tenant_id=- user_id=- method=GET path=/ status=200 duration_ms=1.28
INFO 2026-03-09 07:41:41,407 correlation 8 127151554688704 request_complete correlation_id=e262424b-cf6c-49c5-9ea7-de778648b40c tenant_id=- user_id=- method=GET path=/ status=200 duration_ms=1.27
INFO 2026-03-09 07:42:11,445 correlation 9 127151554688704 request_complete correlation_id=f4f7ccae-38f8-4173-88ec-955335e05ef7 tenant_id=- user_id=- method=GET path=/ status=200 duration_ms=1.28
INFO 2026-03-09 07:42:41,482 correlation 8 127151554688704 request_complete correlation_id=05a00dd9-162c-4f74-90d3-85c9f3ca5669 tenant_id=- user_id=- method=GET path=/ status=200 duration_ms=1.31
INFO 2026-03-09 07:43:11,518 correlation 7 127151554688704 request_complete correlation_id=f2e95f47-6f25-4683-a744-bbe998196124 tenant_id=- user_id=- method=GET path=/ status=200 duration_ms=1.33
INFO 2026-03-09 07:43:41,559 correlation 9 127151554688704 request_complete correlation_id=264c8ed2-a24c-4db6-98f4-ee9e36573c95 tenant_id=- user_id=- method=GET path=/ status=200 duration_ms=1.31
INFO 2026-03-09 07:44:11,604 correlation 7 127151554688704 request_complete correlation_id=4697f5dc-7fed-47e0-9b28-1c9a8b8c3872 tenant_id=- user_id=- method=GET path=/ status=200 duration_ms=1.3
INFO 2026-03-09 07:44:41,642 correlation 7 127151554688704 request_complete correlation_id=c79e80ef-20c8-424d-9cea-961d1ce99baf tenant_id=- user_id=- method=GET path=/ status=200 duration_ms=1.27
INFO 2026-03-09 07:45:11,685 correlation 9 127151554688704 request_complete correlation_id=a8511195-6019-48c8-8b32-2d8f9d849db6 tenant_id=- user_id=- method=GET path=/ status=200 duration_ms=1.26
INFO 2026-03-09 07:45:41,725 correlation 7 127151554688704 request_complete correlation_id=cec2d10b-cf89-4c34-b80a-77fdd3330612 tenant_id=- user_id=- method=GET path=/ status=200 duration_ms=1.29
INFO 2026-03-09 07:46:11,768 correlation 7 127151554688704 request_complete correlation_id=674bfcca-8e5f-486f-ae18-b567c44171c1 tenant_id=- user_id=- method=GET path=/ status=200 duration_ms=1.23
INFO 2026-03-09 07:46:41,806 correlation 9 127151554688704 request_complete correlation_id=cc0001e3-ee44-401c-af9c-a54bfa97413d tenant_id=- user_id=- method=GET path=/ status=200 duration_ms=1.3
INFO 2026-03-09 07:47:11,848 correlation 9 127151554688704 request_complete correlation_id=286a05f9-e62f-4b0f-b799-d80474503a67 tenant_id=- user_id=- method=GET path=/ status=200 duration_ms=1.27
INFO 2026-03-09 07:47:41,884 correlation 7 127151554688704 request_complete correlation_id=19158512-f18d-4616-98c8-5a07e4df31ec tenant_id=- user_id=- method=GET path=/ status=200 duration_ms=1.3
INFO 2026-03-09 07:48:11,927 correlation 8 127151554688704 request_complete correlation_id=ad726850-9009-4e0d-91cd-dc3458e631b5 tenant_id=- user_id=- method=GET path=/ status=200 duration_ms=1.28
INFO 2026-03-09 07:48:41,964 correlation 9 127151554688704 request_complete correlation_id=49491274-9ac1-4c14-adb5-62777c634cec tenant_id=- user_id=- method=GET path=/ status=200 duration_ms=1.3
INFO 2026-03-09 07:49:12,000 correlation 9 127151554688704 request_complete correlation_id=997dca99-fc68-4311-88bb-1d02d6e5ccaf tenant_id=- user_id=- method=GET path=/ status=200 duration_ms=1.25
INFO 2026-03-09 07:49:42,041 correlation 9 127151554688704 request_complete correlation_id=9d98187a-89e5-4b27-83ef-8ee8faa06665 tenant_id=- user_id=- method=GET path=/ status=200 duration_ms=1.23
INFO 2026-03-09 07:50:12,079 correlation 7 127151554688704 request_complete correlation_id=2f123693-7ab0-489a-a1d2-c904170bbc91 tenant_id=- user_id=- method=GET path=/ status=200 duration_ms=1.43
INFO 2026-03-09 07:50:42,120 correlation 8 127151554688704 request_complete correlation_id=1e259444-7d3b-4c45-be05-7c0d5bb15694 tenant_id=- user_id=- method=GET path=/ status=200 duration_ms=1.29
INFO 2026-03-09 07:51:12,158 correlation 8 127151554688704 request_complete correlation_id=d104cbce-e3f9-4609-8487-c6d1b40e3251 tenant_id=- user_id=- method=GET path=/ status=200 duration_ms=1.28
INFO 2026-03-09 07:51:42,200 correlation 7 127151554688704 request_complete correlation_id=0c2377aa-8e52-4f5f-a083-104e2a48d006 tenant_id=- user_id=- method=GET path=/ status=200 duration_ms=1.29
INFO 2026-03-09 07:52:12,240 correlation 8 127151554688704 request_complete correlation_id=6b423234-209f-4f19-8b0c-fe539d658cec tenant_id=- user_id=- method=GET path=/ status=200 duration_ms=1.34
INFO 2026-03-09 07:52:42,275 correlation 9 127151554688704 request_complete correlation_id=8ddf2c59-7a24-4085-9618-7798a8ea3a94 tenant_id=- user_id=- method=GET path=/ status=200 duration_ms=1.25
INFO 2026-03-09 07:53:12,311 correlation 7 127151554688704 request_complete correlation_id=1c30954d-3ec2-4782-9416-55b30584dc91 tenant_id=- user_id=- method=GET path=/ status=200 duration_ms=1.25
INFO 2026-03-09 07:53:42,353 correlation 9 127151554688704 request_complete correlation_id=2d94109b-541e-49e7-a2ee-5f262342b195 tenant_id=- user_id=- method=GET path=/ status=200 duration_ms=1.25
INFO 2026-03-09 07:54:12,393 correlation 7 127151554688704 request_complete correlation_id=a40c5c75-6011-4633-8420-acab617b61e0 tenant_id=- user_id=- method=GET path=/ status=200 duration_ms=1.27
INFO 2026-03-09 07:54:42,433 correlation 8 127151554688704 request_complete correlation_id=88da23d7-19e8-4f0b-bf78-2fb48a302cf2 tenant_id=- user_id=- method=GET path=/ status=200 duration_ms=1.67
INFO 2026-03-09 07:55:12,470 correlation 7 127151554688704 request_complete correlation_id=bc30c784-9764-4ba1-8600-db1f07dd93ea tenant_id=- user_id=- method=GET path=/ status=200 duration_ms=1.6
INFO 2026-03-09 07:55:42,509 correlation 7 127151554688704 request_complete correlation_id=d33aabd0-b2f3-4afc-a2b5-e675a3e1e9c1 tenant_id=- user_id=- method=GET path=/ status=200 duration_ms=1.27
INFO 2026-03-09 07:56:12,557 correlation 9 127151554688704 request_complete correlation_id=f2b59796-6a05-4298-a3bf-d5111a76b55b tenant_id=- user_id=- method=GET path=/ status=200 duration_ms=1.3
INFO 2026-03-09 07:56:42,597 correlation 9 127151554688704 request_complete correlation_id=164e3249-bc7a-4588-95b3-52316c40311b tenant_id=- user_id=- method=GET path=/ status=200 duration_ms=1.26
INFO 2026-03-09 07:57:12,641 correlation 7 127151554688704 request_complete correlation_id=4a02f43e-f89b-4cc6-9ca6-9d217bba7280 tenant_id=- user_id=- method=GET path=/ status=200 duration_ms=1.36
INFO 2026-03-09 07:57:42,677 correlation 7 127151554688704 request_complete correlation_id=1ea5a275-5e6a-4ffe-b3c2-fdd8ac808f16 tenant_id=- user_id=- method=GET path=/ status=200 duration_ms=1.23
INFO 2026-03-09 07:58:12,715 correlation 7 127151554688704 request_complete correlation_id=a6da1b46-cbc1-49df-af70-f33fa5eea8c7 tenant_id=- user_id=- method=GET path=/ status=200 duration_ms=1.46
INFO 2026-03-09 07:58:42,764 correlation 8 127151554688704 request_complete correlation_id=d77de20b-4f3e-404d-b641-54e983d1db1b tenant_id=- user_id=- method=GET path=/ status=200 duration_ms=1.28
INFO 2026-03-09 07:59:12,804 correlation 8 127151554688704 request_complete correlation_id=41a036dd-acfa-4634-86a6-a9bff7b40dc9 tenant_id=- user_id=- method=GET path=/ status=200 duration_ms=1.32
INFO 2026-03-09 07:59:42,842 correlation 7 127151554688704 request_complete correlation_id=71dc02f5-62b9-4ee9-87bd-d372bf48706e tenant_id=- user_id=- method=GET path=/ status=200 duration_ms=1.42
INFO 2026-03-09 08:00:12,879 correlation 9 127151554688704 request_complete correlation_id=d2b6dea8-83fa-45b7-8f35-d9437f98b13f tenant_id=- user_id=- method=GET path=/ status=200 duration_ms=1.2
INFO 2026-03-09 08:00:42,917 correlation 8 127151554688704 request_complete correlation_id=0e175e53-2821-4561-b0e7-c2819451c179 tenant_id=- user_id=- method=GET path=/ status=200 duration_ms=1.31
INFO 2026-03-09 08:01:12,982 correlation 8 127151554688704 request_complete correlation_id=8b946402-c736-444c-a175-7aefc192c69d tenant_id=- user_id=- method=GET path=/ status=200 duration_ms=24.6
INFO 2026-03-09 08:01:43,019 correlation 7 127151554688704 request_complete correlation_id=d8d49dc7-af03-4035-a853-b2d12d249915 tenant_id=- user_id=- method=GET path=/ status=200 duration_ms=1.24
INFO 2026-03-09 08:02:13,055 correlation 7 127151554688704 request_complete correlation_id=a5ea34f2-1525-4f18-8c1a-64ad88f87453 tenant_id=- user_id=- method=GET path=/ status=200 duration_ms=1.27
INFO 2026-03-09 08:02:43,091 correlation 7 127151554688704 request_complete correlation_id=48b74645-8a63-407b-ae77-d532defb87aa tenant_id=- user_id=- method=GET path=/ status=200 duration_ms=1.28
INFO 2026-03-09 08:03:13,133 correlation 7 127151554688704 request_complete correlation_id=5a629af3-2bdd-4b68-98bc-d2aa9bf5a1ef tenant_id=- user_id=- method=GET path=/ status=200 duration_ms=1.35
INFO 2026-03-09 08:03:43,166 correlation 9 127151554688704 request_complete correlation_id=f3581f8f-87ca-48e7-a91d-b774746090ba tenant_id=- user_id=- method=GET path=/ status=200 duration_ms=1.41
INFO 2026-03-09 08:04:13,203 correlation 9 127151554688704 request_complete correlation_id=a4e8b73a-f638-4f31-a511-f96a9bd84785 tenant_id=- user_id=- method=GET path=/ status=200 duration_ms=1.24
INFO 2026-03-09 08:04:43,240 correlation 7 127151554688704 request_complete correlation_id=8b8e647c-4db9-4d97-a338-27f937262823 tenant_id=- user_id=- method=GET path=/ status=200 duration_ms=1.28
INFO 2026-03-09 08:05:13,278 correlation 8 127151554688704 request_complete correlation_id=932be25c-c81a-457c-998f-5475d5d79696 tenant_id=- user_id=- method=GET path=/ status=200 duration_ms=1.27
INFO 2026-03-09 08:05:43,322 correlation 9 127151554688704 request_complete correlation_id=d2542fb4-840f-4aa5-b3da-6d5a31731ae6 tenant_id=- user_id=- method=GET path=/ status=200 duration_ms=1.25
INFO 2026-03-09 08:06:13,361 correlation 7 127151554688704 request_complete correlation_id=c0ea3fec-9e98-4b68-b8ef-3f22177b0b6e tenant_id=- user_id=- method=GET path=/ status=200 duration_ms=1.3
INFO 2026-03-09 08:06:43,409 correlation 7 127151554688704 request_complete correlation_id=f923cad3-e79d-451d-948e-0d375d068ea6 tenant_id=- user_id=- method=GET path=/ status=200 duration_ms=1.27
INFO 2026-03-09 08:07:13,452 correlation 7 127151554688704 request_complete correlation_id=b2db2505-c35c-4e28-bb00-7d5319fd5287 tenant_id=- user_id=- method=GET path=/ status=200 duration_ms=1.49
INFO 2026-03-09 08:07:43,495 correlation 9 127151554688704 request_complete correlation_id=60548d6e-6f6d-4e9a-b244-582f0cf0abd7 tenant_id=- user_id=- method=GET path=/ status=200 duration_ms=1.24
INFO 2026-03-09 08:08:13,537 correlation 7 127151554688704 request_complete correlation_id=ba421161-e897-4ee4-bebb-e85a34799b7a tenant_id=- user_id=- method=GET path=/ status=200 duration_ms=1.26
INFO 2026-03-09 08:08:43,575 correlation 7 127151554688704 request_complete correlation_id=48946f66-d657-4306-9100-f51640c90884 tenant_id=- user_id=- method=GET path=/ status=200 duration_ms=1.32
INFO 2026-03-09 08:09:13,610 correlation 7 127151554688704 request_complete correlation_id=c47e8cde-84df-4b09-bfc0-d67606c3ecaf tenant_id=- user_id=- method=GET path=/ status=200 duration_ms=1.23
INFO 2026-03-09 08:09:43,656 correlation 8 127151554688704 request_complete correlation_id=1227540a-5358-4d7b-a53e-94c95f4365c7 tenant_id=- user_id=- method=GET path=/ status=200 duration_ms=1.29
INFO 2026-03-09 08:10:13,690 correlation 7 127151554688704 request_complete correlation_id=3eed3a69-1d63-4075-aba5-ff788a6ec484 tenant_id=- user_id=- method=GET path=/ status=200 duration_ms=1.43
INFO 2026-03-09 08:10:43,733 correlation 9 127151554688704 request_complete correlation_id=e539db9c-62a0-4fce-bd42-08ff5dca8c7b tenant_id=- user_id=- method=GET path=/ status=200 duration_ms=1.59
INFO 2026-03-09 08:11:13,771 correlation 8 127151554688704 request_complete correlation_id=c8f6ee3d-68a6-4c75-80fc-3a540b2ddc31 tenant_id=- user_id=- method=GET path=/ status=200 duration_ms=1.29
INFO 2026-03-09 08:11:43,814 correlation 9 127151554688704 request_complete correlation_id=8d69ae0c-0b9c-4823-aebd-3b1abb1bdd8f tenant_id=- user_id=- method=GET path=/ status=200 duration_ms=1.3
INFO 2026-03-09 08:12:13,854 correlation 7 127151554688704 request_complete correlation_id=f1a24c14-7b87-4b40-95a0-95c3b3dae984 tenant_id=- user_id=- method=GET path=/ status=200 duration_ms=1.29
INFO 2026-03-09 08:12:43,894 correlation 8 127151554688704 request_complete correlation_id=ecbdbfc2-113f-4c98-b803-c5c313a440f2 tenant_id=- user_id=- method=GET path=/ status=200 duration_ms=1.28
INFO 2026-03-09 08:13:13,940 correlation 7 127151554688704 request_complete correlation_id=5cdf04cb-7a00-467b-9679-e235db61f7c5 tenant_id=- user_id=- method=GET path=/ status=200 duration_ms=1.28
INFO 2026-03-09 08:13:43,978 correlation 8 127151554688704 request_complete correlation_id=ae7b8182-a79e-48a4-9ab4-24f37a2b960f tenant_id=- user_id=- method=GET path=/ status=200 duration_ms=1.24
INFO 2026-03-09 08:14:14,014 correlation 8 127151554688704 request_complete correlation_id=e4187954-3640-45af-b45d-86cd7b5be828 tenant_id=- user_id=- method=GET path=/ status=200 duration_ms=1.31
INFO 2026-03-09 08:14:44,057 correlation 7 127151554688704 request_complete correlation_id=f24a98d6-fcf7-4fe1-b11b-17ebe020df6e tenant_id=- user_id=- method=GET path=/ status=200 duration_ms=1.25
INFO 2026-03-09 08:15:14,087 correlation 8 127151554688704 request_complete correlation_id=2703f9f1-015e-4286-9a9a-4c7636480c0c tenant_id=- user_id=- method=GET path=/ status=200 duration_ms=1.31
INFO 2026-03-09 08:15:44,133 correlation 8 127151554688704 request_complete correlation_id=67cef7a7-f1fc-4976-9482-ee2f68aa4aaf tenant_id=- user_id=- method=GET path=/ status=200 duration_ms=1.3
INFO 2026-03-09 08:16:14,170 correlation 7 127151554688704 request_complete correlation_id=4708b9a8-1104-4817-b63b-9fe16dcc62cb tenant_id=- user_id=- method=GET path=/ status=200 duration_ms=1.24
INFO 2026-03-09 08:16:44,212 correlation 9 127151554688704 request_complete correlation_id=03aa1060-80f1-4444-9359-7094450a7cef tenant_id=- user_id=- method=GET path=/ status=200 duration_ms=1.3
INFO 2026-03-09 08:17:14,250 correlation 7 127151554688704 request_complete correlation_id=e657864d-e58f-499d-a6bf-8ab7932e798b tenant_id=- user_id=- method=GET path=/ status=200 duration_ms=1.26
INFO 2026-03-09 08:17:44,291 correlation 9 127151554688704 request_complete correlation_id=06de5090-b7bd-4ca6-a8db-abcc434c3a81 tenant_id=- user_id=- method=GET path=/ status=200 duration_ms=1.3
INFO 2026-03-09 08:18:14,335 correlation 9 127151554688704 request_complete correlation_id=1d836951-f822-4325-825f-174dcce1f41d tenant_id=- user_id=- method=GET path=/ status=200 duration_ms=1.52
INFO 2026-03-09 08:18:44,372 correlation 8 127151554688704 request_complete correlation_id=744723fc-d3b2-490c-8f53-eeb21d74ab6d tenant_id=- user_id=- method=GET path=/ status=200 duration_ms=1.22
INFO 2026-03-09 08:19:14,411 correlation 8 127151554688704 request_complete correlation_id=7be9d393-917a-43be-8c24-df8581ddb8cd tenant_id=- user_id=- method=GET path=/ status=200 duration_ms=1.31
INFO 2026-03-09 08:19:44,449 correlation 9 127151554688704 request_complete correlation_id=fdf1f8df-2e62-42dd-b7dd-eb9d592d2f06 tenant_id=- user_id=- method=GET path=/ status=200 duration_ms=1.25
INFO 2026-03-09 08:20:14,491 correlation 7 127151554688704 request_complete correlation_id=f67af075-31ba-4947-ad11-f76e265ff341 tenant_id=- user_id=- method=GET path=/ status=200 duration_ms=1.23
INFO 2026-03-09 08:20:44,527 correlation 9 127151554688704 request_complete correlation_id=c1feac2d-f4b5-4967-ac79-9f270fbf5d52 tenant_id=- user_id=- method=GET path=/ status=200 duration_ms=1.37
INFO 2026-03-09 09:01:41,210 correlation 9 127151554688704 request_complete correlation_id=23ed7cbe-75e2-41e6-814e-2251586a99a8 tenant_id=- user_id=- method=GET path=/ status=200 duration_ms=1.7
INFO 2026-03-09 09:02:11,250 correlation 7 127151554688704 request_complete correlation_id=d4c8facf-eaa1-46ab-b419-ea4a98c501bb tenant_id=- user_id=- method=GET path=/ status=200 duration_ms=1.29
INFO 2026-03-09 09:02:41,289 correlation 9 127151554688704 request_complete correlation_id=9030283d-4b86-41f3-a8d0-9341c3b98076 tenant_id=- user_id=- method=GET path=/ status=200 duration_ms=1.27
INFO 2026-03-09 09:03:11,328 correlation 9 127151554688704 request_complete correlation_id=fc523fd6-9e5e-4002-be7d-545aa9686028 tenant_id=- user_id=- method=GET path=/ status=200 duration_ms=1.23
INFO 2026-03-09 09:03:41,365 correlation 7 127151554688704 request_complete correlation_id=1b6f6565-f7fd-4adf-894b-a1e12a5752a0 tenant_id=- user_id=- method=GET path=/ status=200 duration_ms=1.35
INFO 2026-03-09 09:04:11,402 correlation 8 127151554688704 request_complete correlation_id=7bc2b2cf-58f6-40f2-9c5c-81142a017b12 tenant_id=- user_id=- method=GET path=/ status=200 duration_ms=1.32
INFO 2026-03-09 09:04:41,441 correlation 9 127151554688704 request_complete correlation_id=5e1e9de8-d68a-4783-9680-c183e6a3f2ee tenant_id=- user_id=- method=GET path=/ status=200 duration_ms=1.23
INFO 2026-03-09 09:05:11,484 correlation 7 127151554688704 request_complete correlation_id=d245ccbc-d69d-420f-8a7a-f1273c5ccf35 tenant_id=- user_id=- method=GET path=/ status=200 duration_ms=1.45
INFO 2026-03-09 09:05:41,521 correlation 8 127151554688704 request_complete correlation_id=8d62785a-3664-46f0-89f1-72d2691b5d49 tenant_id=- user_id=- method=GET path=/ status=200 duration_ms=1.26
INFO 2026-03-09 09:06:11,561 correlation 7 127151554688704 request_complete correlation_id=77b1ec2f-7204-4cf2-83c6-5ee71fc007fd tenant_id=- user_id=- method=GET path=/ status=200 duration_ms=1.36
INFO 2026-03-09 09:06:41,600 correlation 8 127151554688704 request_complete correlation_id=92a36935-bbca-425d-a7db-a82de75b9029 tenant_id=- user_id=- method=GET path=/ status=200 duration_ms=1.29
INFO 2026-03-09 09:07:11,643 correlation 7 127151554688704 request_complete correlation_id=9ca319ec-1958-4071-acd4-2da3630e1432 tenant_id=- user_id=- method=GET path=/ status=200 duration_ms=1.32
INFO 2026-03-09 09:07:41,685 correlation 9 127151554688704 request_complete correlation_id=ccfa61d5-e532-4335-9d87-78a4d775b9af tenant_id=- user_id=- method=GET path=/ status=200 duration_ms=1.36
INFO 2026-03-09 09:08:11,723 correlation 9 127151554688704 request_complete correlation_id=97cb2c75-2035-4305-9a05-b7d195c3dd60 tenant_id=- user_id=- method=GET path=/ status=200 duration_ms=1.31
INFO 2026-03-09 09:08:41,764 correlation 7 127151554688704 request_complete correlation_id=30bf3fbb-7c0a-4223-a465-75d12185ba8d tenant_id=- user_id=- method=GET path=/ status=200 duration_ms=1.25
INFO 2026-03-09 09:09:11,811 correlation 7 127151554688704 request_complete correlation_id=97e88055-6dfc-467a-8270-d749f573eecd tenant_id=- user_id=- method=GET path=/ status=200 duration_ms=1.65
INFO 2026-03-09 09:09:41,855 correlation 8 127151554688704 request_complete correlation_id=58bc780d-d295-4944-98f3-fe3c28be1aab tenant_id=- user_id=- method=GET path=/ status=200 duration_ms=1.25
INFO 2026-03-09 09:10:11,898 correlation 7 127151554688704 request_complete correlation_id=51452525-14e2-4838-a9e8-201433de8869 tenant_id=- user_id=- method=GET path=/ status=200 duration_ms=1.23
INFO 2026-03-09 09:10:41,938 correlation 7 127151554688704 request_complete correlation_id=0e2625c9-0232-4d2e-a876-a7eeb8bc32ac tenant_id=- user_id=- method=GET path=/ status=200 duration_ms=1.24
INFO 2026-03-09 09:11:11,976 correlation 7 127151554688704 request_complete correlation_id=2d412db8-d6d9-41f1-ad62-f60d30784f75 tenant_id=- user_id=- method=GET path=/ status=200 duration_ms=1.29
INFO 2026-03-09 09:11:42,012 correlation 9 127151554688704 request_complete correlation_id=52649a4b-4975-4b9d-9b7b-e0bc96cf1109 tenant_id=- user_id=- method=GET path=/ status=200 duration_ms=1.5
INFO 2026-03-09 09:12:12,049 correlation 8 127151554688704 request_complete correlation_id=c8423389-c59f-4228-a91a-2cb42a6143e5 tenant_id=- user_id=- method=GET path=/ status=200 duration_ms=1.34
INFO 2026-03-09 09:12:42,083 correlation 9 127151554688704 request_complete correlation_id=360bf270-221d-47f7-8df5-d8b639780b4d tenant_id=- user_id=- method=GET path=/ status=200 duration_ms=1.31
INFO 2026-03-09 09:13:12,128 correlation 8 127151554688704 request_complete correlation_id=54215ae6-4c0e-484d-836b-b37c86642d42 tenant_id=- user_id=- method=GET path=/ status=200 duration_ms=1.52
INFO 2026-03-09 09:13:42,166 correlation 7 127151554688704 request_complete correlation_id=9d36608b-42e0-43d6-ad0d-3731dc6c7c67 tenant_id=- user_id=- method=GET path=/ status=200 duration_ms=1.33
INFO 2026-03-09 09:14:12,212 correlation 7 127151554688704 request_complete correlation_id=06cefc02-6525-46ab-a19e-9cfc9bf5f2d8 tenant_id=- user_id=- method=GET path=/ status=200 duration_ms=1.41
INFO 2026-03-09 09:14:42,255 correlation 8 127151554688704 request_complete correlation_id=087725b9-b910-41c7-8a6d-814932a15e95 tenant_id=- user_id=- method=GET path=/ status=200 duration_ms=1.33
INFO 2026-03-09 09:15:12,296 correlation 7 127151554688704 request_complete correlation_id=6600fadd-a95e-4719-a043-747fcbdacb6d tenant_id=- user_id=- method=GET path=/ status=200 duration_ms=1.29
INFO 2026-03-09 09:15:42,332 correlation 7 127151554688704 request_complete correlation_id=ef3bfaaa-73a4-4095-9cb1-715ce540ae8f tenant_id=- user_id=- method=GET path=/ status=200 duration_ms=1.2
INFO 2026-03-09 09:16:12,371 correlation 9 127151554688704 request_complete correlation_id=7ca12612-8c5d-4dc5-984a-d3d1cc2d8517 tenant_id=- user_id=- method=GET path=/ status=200 duration_ms=1.27
INFO 2026-03-09 09:16:42,409 correlation 9 127151554688704 request_complete correlation_id=1a61ceab-2d8e-4352-b7a1-5da3865d1432 tenant_id=- user_id=- method=GET path=/ status=200 duration_ms=1.26
INFO 2026-03-09 09:17:12,454 correlation 8 127151554688704 request_complete correlation_id=721f66c1-80bc-4514-bc25-b9b36b43c1a4 tenant_id=- user_id=- method=GET path=/ status=200 duration_ms=1.24
INFO 2026-03-09 09:17:42,492 correlation 7 127151554688704 request_complete correlation_id=0013f802-67b8-4154-817f-68fafc2b6f54 tenant_id=- user_id=- method=GET path=/ status=200 duration_ms=1.26
INFO 2026-03-09 09:18:12,532 correlation 8 127151554688704 request_complete correlation_id=9133de1a-7c27-4390-8f09-9ee1a1833d31 tenant_id=- user_id=- method=GET path=/ status=200 duration_ms=1.33
INFO 2026-03-09 09:18:42,571 correlation 7 127151554688704 request_complete correlation_id=8e52155d-81a8-46ea-946f-e90f2ed36c5a tenant_id=- user_id=- method=GET path=/ status=200 duration_ms=1.58
INFO 2026-03-09 09:19:12,613 correlation 8 127151554688704 request_complete correlation_id=ef2c2c09-d087-41be-9403-061e34fb3d4a tenant_id=- user_id=- method=GET path=/ status=200 duration_ms=1.44
INFO 2026-03-09 09:19:42,650 correlation 7 127151554688704 request_complete correlation_id=57ec1d8a-5703-4b3a-a0d2-a7b389e822ef tenant_id=- user_id=- method=GET path=/ status=200 duration_ms=1.27
INFO 2026-03-09 09:20:12,691 correlation 9 127151554688704 request_complete correlation_id=c0442a3d-10a2-45da-a5bb-3564015ac5a7 tenant_id=- user_id=- method=GET path=/ status=200 duration_ms=1.43
INFO 2026-03-09 09:20:42,735 correlation 8 127151554688704 request_complete correlation_id=b7968ba8-ce64-4296-bdb0-92addd7604f7 tenant_id=- user_id=- method=GET path=/ status=200 duration_ms=1.23
INFO 2026-03-09 09:21:12,777 correlation 8 127151554688704 request_complete correlation_id=3c61f918-e4af-447a-a00b-4da0e479071d tenant_id=- user_id=- method=GET path=/ status=200 duration_ms=1.23
INFO 2026-03-09 09:21:42,815 correlation 8 127151554688704 request_complete correlation_id=85330921-df50-4e79-86e7-3da0eaf8e4fb tenant_id=- user_id=- method=GET path=/ status=200 duration_ms=1.25
INFO 2026-03-09 09:22:12,854 correlation 9 127151554688704 request_complete correlation_id=ed5aef12-139e-4024-b013-844be2620b8f tenant_id=- user_id=- method=GET path=/ status=200 duration_ms=1.23
INFO 2026-03-09 09:22:42,892 correlation 9 127151554688704 request_complete correlation_id=5f29b345-1408-4e0e-b8be-41d8a553dea0 tenant_id=- user_id=- method=GET path=/ status=200 duration_ms=1.27
INFO 2026-03-09 09:23:12,927 correlation 9 127151554688704 request_complete correlation_id=e27292b4-bd38-49af-9a9f-d33924642548 tenant_id=- user_id=- method=GET path=/ status=200 duration_ms=1.33
INFO 2026-03-09 09:23:42,970 correlation 9 127151554688704 request_complete correlation_id=9726de0f-5de9-4acb-bb92-dc149e3ed7ab tenant_id=- user_id=- method=GET path=/ status=200 duration_ms=1.32
INFO 2026-03-09 09:24:13,008 correlation 8 127151554688704 request_complete correlation_id=47fa0385-6f32-492e-9cbb-3d87daa962f6 tenant_id=- user_id=- method=GET path=/ status=200 duration_ms=1.42
INFO 2026-03-09 09:24:43,048 correlation 8 127151554688704 request_complete correlation_id=38d94e1a-502b-4abd-b6f4-15e1da537e66 tenant_id=- user_id=- method=GET path=/ status=200 duration_ms=1.29
INFO 2026-03-09 09:25:13,091 correlation 9 127151554688704 request_complete correlation_id=aba2d2ab-f330-414c-94f2-4033dfd163e2 tenant_id=- user_id=- method=GET path=/ status=200 duration_ms=1.18
INFO 2026-03-09 09:25:43,134 correlation 8 127151554688704 request_complete correlation_id=30767bcd-71f3-497c-9e04-d777452d71ff tenant_id=- user_id=- method=GET path=/ status=200 duration_ms=1.29
INFO 2026-03-09 09:26:13,172 correlation 7 127151554688704 request_complete correlation_id=a73b178b-ffa9-47b8-839c-caa807a8b32f tenant_id=- user_id=- method=GET path=/ status=200 duration_ms=1.23
INFO 2026-03-09 09:26:43,210 correlation 9 127151554688704 request_complete correlation_id=9c23ca18-1733-4958-a66c-7b649072b627 tenant_id=- user_id=- method=GET path=/ status=200 duration_ms=1.3
INFO 2026-03-09 09:27:13,257 correlation 9 127151554688704 request_complete correlation_id=09372747-1471-47aa-8926-8045c73253e5 tenant_id=- user_id=- method=GET path=/ status=200 duration_ms=1.28
INFO 2026-03-09 09:27:43,294 correlation 8 127151554688704 request_complete correlation_id=85658bcd-b350-4f81-a04c-fd906775436f tenant_id=- user_id=- method=GET path=/ status=200 duration_ms=1.3
INFO 2026-03-09 09:28:13,335 correlation 9 127151554688704 request_complete correlation_id=5aca5568-e280-4093-a738-c0b9dac25c3f tenant_id=- user_id=- method=GET path=/ status=200 duration_ms=1.28
INFO 2026-03-09 09:28:43,368 correlation 7 127151554688704 request_complete correlation_id=9593b3fb-330b-4893-9a12-cd44035aa572 tenant_id=- user_id=- method=GET path=/ status=200 duration_ms=1.35
INFO 2026-03-09 09:29:13,410 correlation 9 127151554688704 request_complete correlation_id=a604e22b-97d1-4968-bf3f-9300af26a8fb tenant_id=- user_id=- method=GET path=/ status=200 duration_ms=1.39
INFO 2026-03-09 09:29:43,445 correlation 7 127151554688704 request_complete correlation_id=1164e177-1507-4995-9b9f-96eae325d7b9 tenant_id=- user_id=- method=GET path=/ status=200 duration_ms=1.27
INFO 2026-03-09 09:30:13,486 correlation 7 127151554688704 request_complete correlation_id=e36bd9b7-6acb-403a-9009-3ba44b17c80e tenant_id=- user_id=- method=GET path=/ status=200 duration_ms=1.5
INFO 2026-03-09 09:30:43,527 correlation 8 127151554688704 request_complete correlation_id=61909e4d-804d-472c-a676-ffca316dbe78 tenant_id=- user_id=- method=GET path=/ status=200 duration_ms=1.31
INFO 2026-03-09 09:31:13,564 correlation 7 127151554688704 request_complete correlation_id=50d84905-3a8c-411a-b9a0-45a712bb77e8 tenant_id=- user_id=- method=GET path=/ status=200 duration_ms=1.25
INFO 2026-03-09 09:31:43,606 correlation 7 127151554688704 request_complete correlation_id=c6c055be-61dd-4110-a16f-a58de02d40c3 tenant_id=- user_id=- method=GET path=/ status=200 duration_ms=1.25
INFO 2026-03-09 09:32:13,644 correlation 7 127151554688704 request_complete correlation_id=ee1e5403-997f-4763-bd6b-ed6e23867493 tenant_id=- user_id=- method=GET path=/ status=200 duration_ms=1.25
INFO 2026-03-09 09:32:43,683 correlation 7 127151554688704 request_complete correlation_id=8b7aafce-b49c-4cb9-ae01-fe1eec792f61 tenant_id=- user_id=- method=GET path=/ status=200 duration_ms=1.48
INFO 2026-03-09 09:33:13,718 correlation 8 127151554688704 request_complete correlation_id=53feabd4-b928-4a7f-a99d-497587b87b2f tenant_id=- user_id=- method=GET path=/ status=200 duration_ms=1.21
INFO 2026-03-09 09:33:43,754 correlation 8 127151554688704 request_complete correlation_id=5caba88c-b82c-4920-8e7d-20b4b0886816 tenant_id=- user_id=- method=GET path=/ status=200 duration_ms=1.27
INFO 2026-03-09 09:34:13,797 correlation 9 127151554688704 request_complete correlation_id=d69e55da-8e13-4d6a-ac6b-98a6d776185c tenant_id=- user_id=- method=GET path=/ status=200 duration_ms=1.32
INFO 2026-03-09 09:34:43,835 correlation 8 127151554688704 request_complete correlation_id=dd77b586-91a1-4acf-8010-84264348c204 tenant_id=- user_id=- method=GET path=/ status=200 duration_ms=1.28
INFO 2026-03-09 09:35:13,872 correlation 9 127151554688704 request_complete correlation_id=dffc971b-25b6-4519-986d-d946ec0e15fc tenant_id=- user_id=- method=GET path=/ status=200 duration_ms=1.25
INFO 2026-03-09 09:35:43,912 correlation 9 127151554688704 request_complete correlation_id=e338414c-1053-40f5-9dd3-51b7fecd392e tenant_id=- user_id=- method=GET path=/ status=200 duration_ms=1.25
INFO 2026-03-09 09:36:13,954 correlation 7 127151554688704 request_complete correlation_id=0c87625c-34d7-4bb8-afc9-326897927e0a tenant_id=- user_id=- method=GET path=/ status=200 duration_ms=1.25
INFO 2026-03-09 09:36:43,997 correlation 8 127151554688704 request_complete correlation_id=c66008b7-9876-4095-8f7c-eaddc896eab1 tenant_id=- user_id=- method=GET path=/ status=200 duration_ms=1.3
INFO 2026-03-09 09:37:14,039 correlation 7 127151554688704 request_complete correlation_id=110daba4-359a-498e-a616-fc6e5b5caec9 tenant_id=- user_id=- method=GET path=/ status=200 duration_ms=1.32
INFO 2026-03-09 09:37:44,076 correlation 9 127151554688704 request_complete correlation_id=65878622-fd6a-4cb3-bd8b-6dab40c36c91 tenant_id=- user_id=- method=GET path=/ status=200 duration_ms=1.58
INFO 2026-03-09 09:38:14,117 correlation 9 127151554688704 request_complete correlation_id=1fb6c844-20da-4228-8d1c-f90dbf57297a tenant_id=- user_id=- method=GET path=/ status=200 duration_ms=1.25
INFO 2026-03-09 09:38:44,150 correlation 9 127151554688704 request_complete correlation_id=328ae415-cce9-4358-b76b-eab1d7038c67 tenant_id=- user_id=- method=GET path=/ status=200 duration_ms=1.35
INFO 2026-03-09 09:39:14,187 correlation 7 127151554688704 request_complete correlation_id=2f35558e-08c1-4a3a-8bb9-b2e86ec901ea tenant_id=- user_id=- method=GET path=/ status=200 duration_ms=1.27
INFO 2026-03-09 09:39:44,227 correlation 8 127151554688704 request_complete correlation_id=179eece3-3aa1-4254-8a46-4c253421153b tenant_id=- user_id=- method=GET path=/ status=200 duration_ms=1.45
INFO 2026-03-09 09:40:14,264 correlation 7 127151554688704 request_complete correlation_id=f20bba81-f564-4279-baf6-d92b2c2143ad tenant_id=- user_id=- method=GET path=/ status=200 duration_ms=1.24
INFO 2026-03-09 09:40:44,301 correlation 9 127151554688704 request_complete correlation_id=87c400b2-b5e1-472a-8acb-e0ed59747fa9 tenant_id=- user_id=- method=GET path=/ status=200 duration_ms=1.24
INFO 2026-03-09 09:41:14,343 correlation 8 127151554688704 request_complete correlation_id=32c7c4ed-3220-4395-97e0-a84e2a77c634 tenant_id=- user_id=- method=GET path=/ status=200 duration_ms=1.27
INFO 2026-03-09 09:41:44,381 correlation 9 127151554688704 request_complete correlation_id=daa45685-6092-4b7b-9d36-ffaf9ae25906 tenant_id=- user_id=- method=GET path=/ status=200 duration_ms=1.72
INFO 2026-03-09 09:42:14,420 correlation 9 127151554688704 request_complete correlation_id=8f4a9131-f9e0-4774-a429-99813ab9e36d tenant_id=- user_id=- method=GET path=/ status=200 duration_ms=1.52
INFO 2026-03-09 09:42:44,465 correlation 8 127151554688704 request_complete correlation_id=0c37aa0f-11a0-4d2e-adbc-5ae6d4be8e8b tenant_id=- user_id=- method=GET path=/ status=200 duration_ms=1.55
INFO 2026-03-09 09:43:14,504 correlation 7 127151554688704 request_complete correlation_id=0273c396-694a-4bd1-a221-ca9fcbb2a97a tenant_id=- user_id=- method=GET path=/ status=200 duration_ms=1.54
INFO 2026-03-09 09:43:44,542 correlation 8 127151554688704 request_complete correlation_id=40c83a24-8d25-42f3-804f-86430e8b51ad tenant_id=- user_id=- method=GET path=/ status=200 duration_ms=2.22
INFO 2026-03-09 09:44:14,584 correlation 8 127151554688704 request_complete correlation_id=c2b14046-d2f6-48d9-aa5a-460de43dcd63 tenant_id=- user_id=- method=GET path=/ status=200 duration_ms=1.52
INFO 2026-03-09 09:44:44,633 correlation 7 127151554688704 request_complete correlation_id=a4275a9c-d82d-4d01-9f38-f4e866b1ee94 tenant_id=- user_id=- method=GET path=/ status=200 duration_ms=1.28
INFO 2026-03-09 09:45:14,670 correlation 9 127151554688704 request_complete correlation_id=665471f4-856d-48f7-b347-729a6b0a4d3f tenant_id=- user_id=- method=GET path=/ status=200 duration_ms=1.73
INFO 2026-03-09 09:45:44,712 correlation 9 127151554688704 request_complete correlation_id=141526ce-e338-4c0b-94f5-c9660a369b68 tenant_id=- user_id=- method=GET path=/ status=200 duration_ms=1.38
INFO 2026-03-09 09:46:14,752 correlation 9 127151554688704 request_complete correlation_id=be38ed73-997e-4d20-9e19-47b41ad764e4 tenant_id=- user_id=- method=GET path=/ status=200 duration_ms=1.26
INFO 2026-03-09 09:46:44,793 correlation 9 127151554688704 request_complete correlation_id=1bb57b0b-9a37-4450-b36e-0be46503b350 tenant_id=- user_id=- method=GET path=/ status=200 duration_ms=1.48
INFO 2026-03-09 09:47:14,839 correlation 7 127151554688704 request_complete correlation_id=4d3acc9a-51a0-4567-92f1-fd2210290c91 tenant_id=- user_id=- method=GET path=/ status=200 duration_ms=1.59
INFO 2026-03-09 09:47:44,885 correlation 9 127151554688704 request_complete correlation_id=98bc7998-baa0-4598-be15-2170a2a2df02 tenant_id=- user_id=- method=GET path=/ status=200 duration_ms=2.12
INFO 2026-03-09 09:48:14,924 correlation 8 127151554688704 request_complete correlation_id=c12c060a-dc8d-4e32-bc8d-ae693a6895f1 tenant_id=- user_id=- method=GET path=/ status=200 duration_ms=1.33
INFO 2026-03-09 09:48:44,967 correlation 8 127151554688704 request_complete correlation_id=a6ee23f5-b652-4dd2-a449-e00e281f6043 tenant_id=- user_id=- method=GET path=/ status=200 duration_ms=1.24
INFO 2026-03-09 09:49:15,005 correlation 7 127151554688704 request_complete correlation_id=20ff347d-8117-4144-bd65-b8234291623c tenant_id=- user_id=- method=GET path=/ status=200 duration_ms=1.28
INFO 2026-03-09 09:49:45,050 correlation 7 127151554688704 request_complete correlation_id=a0b24523-b04f-4fd3-8b05-97cff047c9ab tenant_id=- user_id=- method=GET path=/ status=200 duration_ms=1.59
INFO 2026-03-09 09:50:15,094 correlation 8 127151554688704 request_complete correlation_id=8541a3ab-f10f-4510-b2a0-d6bd9a290b29 tenant_id=- user_id=- method=GET path=/ status=200 duration_ms=1.32
INFO 2026-03-09 09:50:45,136 correlation 8 127151554688704 request_complete correlation_id=a1e20699-b8c2-47ad-99ec-7e853aac9566 tenant_id=- user_id=- method=GET path=/ status=200 duration_ms=1.39
INFO 2026-03-09 09:51:15,178 correlation 8 127151554688704 request_complete correlation_id=4045fc95-261f-46cf-be5f-bbb61ffcd8bf tenant_id=- user_id=- method=GET path=/ status=200 duration_ms=1.39
INFO 2026-03-09 09:51:45,217 correlation 9 127151554688704 request_complete correlation_id=070564f3-850b-4b8f-8422-a79ca86710df tenant_id=- user_id=- method=GET path=/ status=200 duration_ms=1.24
INFO 2026-03-09 09:52:15,262 correlation 7 127151554688704 request_complete correlation_id=83a335b8-9bf8-44e8-9443-b63d9ed29f7e tenant_id=- user_id=- method=GET path=/ status=200 duration_ms=1.52
INFO 2026-03-09 09:52:45,300 correlation 8 127151554688704 request_complete correlation_id=bd0de9a8-cba4-4b3d-aa5b-dd875aad847b tenant_id=- user_id=- method=GET path=/ status=200 duration_ms=1.4
INFO 2026-03-09 09:53:15,339 correlation 7 127151554688704 request_complete correlation_id=bb716ac0-b4d5-40be-90ef-e4a756f6fb98 tenant_id=- user_id=- method=GET path=/ status=200 duration_ms=1.25
INFO 2026-03-09 09:53:45,384 correlation 7 127151554688704 request_complete correlation_id=bb9621c6-3c99-4388-9d80-0f47d134dfca tenant_id=- user_id=- method=GET path=/ status=200 duration_ms=6.9
INFO 2026-03-09 09:54:15,428 correlation 8 127151554688704 request_complete correlation_id=d23bf41b-2dbd-4d70-b62a-6ccb9a0f590e tenant_id=- user_id=- method=GET path=/ status=200 duration_ms=1.39
INFO 2026-03-09 09:54:45,487 correlation 7 127151554688704 request_complete correlation_id=2e25ab02-2cd5-440d-8302-7275a973f708 tenant_id=- user_id=- method=GET path=/ status=200 duration_ms=1.57
INFO 2026-03-09 09:55:15,526 correlation 9 127151554688704 request_complete correlation_id=5e7295bb-fd22-4d6b-8210-fc38c2ac478c tenant_id=- user_id=- method=GET path=/ status=200 duration_ms=1.5
INFO 2026-03-09 09:55:45,571 correlation 7 127151554688704 request_complete correlation_id=e144be32-b57d-4f6a-ba73-b844181a1544 tenant_id=- user_id=- method=GET path=/ status=200 duration_ms=1.49
INFO 2026-03-09 09:56:15,617 correlation 9 127151554688704 request_complete correlation_id=796795f5-22ce-488c-86a5-f61549534aac tenant_id=- user_id=- method=GET path=/ status=200 duration_ms=1.46
INFO 2026-03-09 09:56:45,659 correlation 7 127151554688704 request_complete correlation_id=e996e774-fba7-4d1c-a781-de0b22016323 tenant_id=- user_id=- method=GET path=/ status=200 duration_ms=1.31
INFO 2026-03-09 09:57:15,703 correlation 8 127151554688704 request_complete correlation_id=16191694-0285-4a2f-9fa2-21293d17811b tenant_id=- user_id=- method=GET path=/ status=200 duration_ms=2.1
INFO 2026-03-09 09:57:45,743 correlation 8 127151554688704 request_complete correlation_id=47cb6bfa-a994-444e-956f-39a21d3811ca tenant_id=- user_id=- method=GET path=/ status=200 duration_ms=1.53
INFO 2026-03-09 09:58:15,780 correlation 9 127151554688704 request_complete correlation_id=6fcd1eb9-f6d0-4b1e-8025-0a76f10dc991 tenant_id=- user_id=- method=GET path=/ status=200 duration_ms=1.57
INFO 2026-03-09 09:58:45,823 correlation 7 127151554688704 request_complete correlation_id=32fea73a-dd77-40c3-8921-650fee181000 tenant_id=- user_id=- method=GET path=/ status=200 duration_ms=1.39
INFO 2026-03-09 09:59:15,861 correlation 7 127151554688704 request_complete correlation_id=d314f31d-6811-44ba-846c-dc003267a36f tenant_id=- user_id=- method=GET path=/ status=200 duration_ms=1.42
INFO 2026-03-09 09:59:45,903 correlation 9 127151554688704 request_complete correlation_id=a2033a37-4f32-41e8-9424-48336425f2cf tenant_id=- user_id=- method=GET path=/ status=200 duration_ms=1.24
INFO 2026-03-09 10:00:15,941 correlation 9 127151554688704 request_complete correlation_id=c2f7b267-b827-4e93-b4b0-9289e0a0637c tenant_id=- user_id=- method=GET path=/ status=200 duration_ms=1.37
INFO 2026-03-09 10:00:45,983 correlation 8 127151554688704 request_complete correlation_id=8cbb9647-d404-4e82-aa97-5bd91e2f658b tenant_id=- user_id=- method=GET path=/ status=200 duration_ms=1.25
INFO 2026-03-09 10:01:16,019 correlation 9 127151554688704 request_complete correlation_id=4d319826-5a57-4cf8-9cea-5d11777dbef7 tenant_id=- user_id=- method=GET path=/ status=200 duration_ms=1.33
INFO 2026-03-09 10:01:46,059 correlation 8 127151554688704 request_complete correlation_id=f87e674e-bd94-40a0-ad6d-f0e65e97fee5 tenant_id=- user_id=- method=GET path=/ status=200 duration_ms=1.28
INFO 2026-03-09 10:02:16,099 correlation 7 127151554688704 request_complete correlation_id=3e34d4bc-c2bf-4633-9e4c-dc8a355f9323 tenant_id=- user_id=- method=GET path=/ status=200 duration_ms=1.3
INFO 2026-03-09 10:02:46,144 correlation 7 127151554688704 request_complete correlation_id=4273dfa2-dc3b-4e68-8227-2d632fa7a9d6 tenant_id=- user_id=- method=GET path=/ status=200 duration_ms=1.54
INFO 2026-03-09 10:03:16,185 correlation 9 127151554688704 request_complete correlation_id=88a31ff3-baba-4c0a-bebe-47d614c028da tenant_id=- user_id=- method=GET path=/ status=200 duration_ms=1.44
INFO 2026-03-09 10:03:46,220 correlation 9 127151554688704 request_complete correlation_id=c1776358-5e2d-45a7-b929-7ef7da1e97cc tenant_id=- user_id=- method=GET path=/ status=200 duration_ms=1.25
INFO 2026-03-09 10:04:16,267 correlation 9 127151554688704 request_complete correlation_id=95da216b-617c-4491-b09e-ee9ca756488d tenant_id=- user_id=- method=GET path=/ status=200 duration_ms=1.8
INFO 2026-03-09 10:04:46,305 correlation 8 127151554688704 request_complete correlation_id=a66c74db-b794-4c85-b2a4-61ce3e13c131 tenant_id=- user_id=- method=GET path=/ status=200 duration_ms=1.42
INFO 2026-03-09 10:05:16,344 correlation 8 127151554688704 request_complete correlation_id=9e6c1e62-dcbe-48c7-b411-cddf8b806a21 tenant_id=- user_id=- method=GET path=/ status=200 duration_ms=1.8
INFO 2026-03-09 10:05:46,380 correlation 9 127151554688704 request_complete correlation_id=f00ca1a3-bdf6-4b65-8bb8-904b37415939 tenant_id=- user_id=- method=GET path=/ status=200 duration_ms=1.76
INFO 2026-03-09 10:06:16,419 correlation 9 127151554688704 request_complete correlation_id=37591b65-67c6-4e6a-b435-4de806a9cecb tenant_id=- user_id=- method=GET path=/ status=200 duration_ms=1.56
INFO 2026-03-09 10:06:46,459 correlation 8 127151554688704 request_complete correlation_id=35f0bd49-4232-4a14-9bda-614e95df6087 tenant_id=- user_id=- method=GET path=/ status=200 duration_ms=1.4
INFO 2026-03-09 10:07:16,502 correlation 9 127151554688704 request_complete correlation_id=d2efddac-f1e7-4c8b-8155-b1ccd741eb30 tenant_id=- user_id=- method=GET path=/ status=200 duration_ms=1.37
INFO 2026-03-09 10:07:46,540 correlation 9 127151554688704 request_complete correlation_id=5673dff5-5951-413f-830f-3a73bca4abff tenant_id=- user_id=- method=GET path=/ status=200 duration_ms=1.35
INFO 2026-03-09 10:08:16,580 correlation 7 127151554688704 request_complete correlation_id=a2bc8a66-7a55-409a-9620-db8aeacd4313 tenant_id=- user_id=- method=GET path=/ status=200 duration_ms=1.21
INFO 2026-03-09 10:08:46,625 correlation 8 127151554688704 request_complete correlation_id=9602ca28-0860-4774-9fd9-1ce7a78f5848 tenant_id=- user_id=- method=GET path=/ status=200 duration_ms=1.52
INFO 2026-03-09 10:09:16,664 correlation 9 127151554688704 request_complete correlation_id=40c78625-02b5-4e13-a763-4d0ea4e73af2 tenant_id=- user_id=- method=GET path=/ status=200 duration_ms=1.74
INFO 2026-03-09 10:09:46,702 correlation 8 127151554688704 request_complete correlation_id=d8ba13c6-1451-4149-9efc-168904886912 tenant_id=- user_id=- method=GET path=/ status=200 duration_ms=1.34
INFO 2026-03-09 10:10:16,742 correlation 9 127151554688704 request_complete correlation_id=5ebea8a5-ad0c-4ee1-80db-a4e6ca1554b8 tenant_id=- user_id=- method=GET path=/ status=200 duration_ms=1.31
INFO 2026-03-09 10:10:46,782 correlation 7 127151554688704 request_complete correlation_id=74f2445e-fda7-4fdf-8ec0-6d639e6648ba tenant_id=- user_id=- method=GET path=/ status=200 duration_ms=1.36
INFO 2026-03-09 10:11:16,832 correlation 9 127151554688704 request_complete correlation_id=2c10e0f8-61bb-46b7-96b8-75c17eb2cbe2 tenant_id=- user_id=- method=GET path=/ status=200 duration_ms=1.89
INFO 2026-03-09 10:11:46,876 correlation 9 127151554688704 request_complete correlation_id=5800c2b6-248e-47d7-be11-fb713267a835 tenant_id=- user_id=- method=GET path=/ status=200 duration_ms=1.81
INFO 2026-03-09 10:12:16,920 correlation 9 127151554688704 request_complete correlation_id=22be77a7-a28c-400c-b901-5706eca221f5 tenant_id=- user_id=- method=GET path=/ status=200 duration_ms=1.87
INFO 2026-03-09 10:12:46,968 correlation 7 127151554688704 request_complete correlation_id=018137a5-cbf9-487b-a5f2-204415655f98 tenant_id=- user_id=- method=GET path=/ status=200 duration_ms=1.83
INFO 2026-03-09 10:13:17,010 correlation 7 127151554688704 request_complete correlation_id=818d0458-4762-4380-ab3a-3a8fca9653a6 tenant_id=- user_id=- method=GET path=/ status=200 duration_ms=1.61
INFO 2026-03-09 10:13:47,061 correlation 8 127151554688704 request_complete correlation_id=b26f8612-607f-4fcd-bc64-a976fdbaa177 tenant_id=- user_id=- method=GET path=/ status=200 duration_ms=2.07
INFO 2026-03-09 10:14:17,109 correlation 7 127151554688704 request_complete correlation_id=00f31c5b-d72b-42f4-89d2-32b618edf2fd tenant_id=- user_id=- method=GET path=/ status=200 duration_ms=1.8
INFO 2026-03-09 10:14:47,160 correlation 8 127151554688704 request_complete correlation_id=04b8a9dc-1b8b-4f9c-9ab4-ad67ed9ae430 tenant_id=- user_id=- method=GET path=/ status=200 duration_ms=1.94
INFO 2026-03-09 10:15:17,209 correlation 7 127151554688704 request_complete correlation_id=75f0197b-c7ab-4fd4-8978-3d9d8f6ca36b tenant_id=- user_id=- method=GET path=/ status=200 duration_ms=2.16
INFO 2026-03-09 10:15:47,260 correlation 9 127151554688704 request_complete correlation_id=b58e340a-bc38-43e3-aa49-eeaeb484dbe0 tenant_id=- user_id=- method=GET path=/ status=200 duration_ms=2.7
INFO 2026-03-09 10:16:17,312 correlation 7 127151554688704 request_complete correlation_id=00904400-09ab-45a8-aa6e-0dffd2584e63 tenant_id=- user_id=- method=GET path=/ status=200 duration_ms=2.22
INFO 2026-03-09 10:16:47,356 correlation 9 127151554688704 request_complete correlation_id=a7942fa8-81cb-40c2-984f-d2ef56f9b379 tenant_id=- user_id=- method=GET path=/ status=200 duration_ms=2.02
INFO 2026-03-09 10:17:17,404 correlation 7 127151554688704 request_complete correlation_id=a71830bb-3e06-4361-a4c9-c766d03140c4 tenant_id=- user_id=- method=GET path=/ status=200 duration_ms=1.62
INFO 2026-03-09 10:17:47,455 correlation 7 127151554688704 request_complete correlation_id=e79d3606-6790-4fd5-8607-d2b529c254a1 tenant_id=- user_id=- method=GET path=/ status=200 duration_ms=2.01
INFO 2026-03-09 10:18:17,501 correlation 7 127151554688704 request_complete correlation_id=89acf8fd-b106-473d-8d0e-3a189a4cd337 tenant_id=- user_id=- method=GET path=/ status=200 duration_ms=1.59
INFO 2026-03-09 10:18:47,548 correlation 7 127151554688704 request_complete correlation_id=369cace6-08b6-433d-939c-386042091dad tenant_id=- user_id=- method=GET path=/ status=200 duration_ms=2.39
INFO 2026-03-09 10:19:17,608 correlation 9 127151554688704 request_complete correlation_id=8599052b-1462-406c-b883-a1ea1abd5c4d tenant_id=- user_id=- method=GET path=/ status=200 duration_ms=2.47
INFO 2026-03-09 10:19:47,657 correlation 7 127151554688704 request_complete correlation_id=3f00ad69-020e-48e9-a0b6-80ceba63dbea tenant_id=- user_id=- method=GET path=/ status=200 duration_ms=1.56
INFO 2026-03-09 10:20:17,710 correlation 8 127151554688704 request_complete correlation_id=f2e823df-4239-4baf-a840-0b509e4eaffa tenant_id=- user_id=- method=GET path=/ status=200 duration_ms=2.01
INFO 2026-03-09 10:20:47,760 correlation 7 127151554688704 request_complete correlation_id=5a932747-ee04-4a3d-a5da-1b301b8d75c4 tenant_id=- user_id=- method=GET path=/ status=200 duration_ms=1.64
INFO 2026-03-09 10:21:17,805 correlation 8 127151554688704 request_complete correlation_id=7bfafb35-c210-4fc6-9156-9ae077fd5755 tenant_id=- user_id=- method=GET path=/ status=200 duration_ms=1.63
INFO 2026-03-09 10:21:47,850 correlation 7 127151554688704 request_complete correlation_id=a2bfba90-f279-4fe6-8bac-c9310d969674 tenant_id=- user_id=- method=GET path=/ status=200 duration_ms=1.63
INFO 2026-03-09 10:22:17,904 correlation 8 127151554688704 request_complete correlation_id=c5b6f2c8-b9ff-4356-883f-79fa2f4941d5 tenant_id=- user_id=- method=GET path=/ status=200 duration_ms=1.64
INFO 2026-03-09 10:22:47,949 correlation 7 127151554688704 request_complete correlation_id=52822929-ffa4-4cd2-b4d2-e75133c2e3fc tenant_id=- user_id=- method=GET path=/ status=200 duration_ms=2.21
INFO 2026-03-09 10:23:18,001 correlation 7 127151554688704 request_complete correlation_id=f72356cb-2039-404a-8411-67cd4aca2b56 tenant_id=- user_id=- method=GET path=/ status=200 duration_ms=2.46
INFO 2026-03-09 10:23:48,050 correlation 7 127151554688704 request_complete correlation_id=ae7293f0-a19f-4a09-ac03-0ce1f853ccbb tenant_id=- user_id=- method=GET path=/ status=200 duration_ms=1.61
INFO 2026-03-09 10:24:18,102 correlation 8 127151554688704 request_complete correlation_id=1dc57337-6ea1-4e15-b436-ad5807b1a853 tenant_id=- user_id=- method=GET path=/ status=200 duration_ms=2.18
INFO 2026-03-09 10:24:48,152 correlation 7 127151554688704 request_complete correlation_id=1b452242-ff2a-4c9b-95f2-c543d12e781a tenant_id=- user_id=- method=GET path=/ status=200 duration_ms=2.49
INFO 2026-03-09 10:25:18,201 correlation 8 127151554688704 request_complete correlation_id=efff987f-e92d-41ce-83c0-a5543713025a tenant_id=- user_id=- method=GET path=/ status=200 duration_ms=2.18
INFO 2026-03-09 10:25:48,246 correlation 9 127151554688704 request_complete correlation_id=5b71faca-753a-4970-bc98-3abce2499fa4 tenant_id=- user_id=- method=GET path=/ status=200 duration_ms=1.95
INFO 2026-03-09 10:26:18,307 correlation 9 127151554688704 request_complete correlation_id=eb6c49dc-d827-4624-a2b3-f62399326051 tenant_id=- user_id=- method=GET path=/ status=200 duration_ms=2.26
INFO 2026-03-09 10:26:48,348 correlation 9 127151554688704 request_complete correlation_id=8da93b66-a66a-4842-bd42-e74a9f4270b3 tenant_id=- user_id=- method=GET path=/ status=200 duration_ms=1.77
INFO 2026-03-09 10:27:18,399 correlation 9 127151554688704 request_complete correlation_id=74c7caef-b8a1-4d19-ad1f-f96e9f3d3188 tenant_id=- user_id=- method=GET path=/ status=200 duration_ms=1.53
INFO 2026-03-09 10:27:48,450 correlation 9 127151554688704 request_complete correlation_id=a42b21fc-7013-4283-994f-88661696214a tenant_id=- user_id=- method=GET path=/ status=200 duration_ms=1.69
INFO 2026-03-09 10:28:18,496 correlation 8 127151554688704 request_complete correlation_id=ae0934dd-0e1d-412d-9780-d7684ede635f tenant_id=- user_id=- method=GET path=/ status=200 duration_ms=1.56
INFO 2026-03-09 10:28:48,542 correlation 7 127151554688704 request_complete correlation_id=0d5a0d6b-c329-4504-98fb-5a4d23e6946a tenant_id=- user_id=- method=GET path=/ status=200 duration_ms=1.6
INFO 2026-03-09 10:29:18,591 correlation 9 127151554688704 request_complete correlation_id=980f935d-e454-47da-abfa-3fa68adb95dc tenant_id=- user_id=- method=GET path=/ status=200 duration_ms=1.58
INFO 2026-03-09 10:29:48,636 correlation 8 127151554688704 request_complete correlation_id=7d53ecea-819b-41d9-aa6c-f2e39762e510 tenant_id=- user_id=- method=GET path=/ status=200 duration_ms=1.53
INFO 2026-03-09 10:30:18,690 correlation 8 127151554688704 request_complete correlation_id=34707064-a32e-4923-a06c-1bff912bd36b tenant_id=- user_id=- method=GET path=/ status=200 duration_ms=1.61
INFO 2026-03-09 10:30:48,738 correlation 7 127151554688704 request_complete correlation_id=92dc7825-dca4-4a0d-8d8b-6a7ea30aa85b tenant_id=- user_id=- method=GET path=/ status=200 duration_ms=1.88
INFO 2026-03-09 10:31:18,794 correlation 7 127151554688704 request_complete correlation_id=e4c6365b-a3ab-4fd8-a888-16593442e7c9 tenant_id=- user_id=- method=GET path=/ status=200 duration_ms=1.58
INFO 2026-03-09 10:31:48,842 correlation 9 127151554688704 request_complete correlation_id=59705bc4-c65e-4414-b810-83348c087f17 tenant_id=- user_id=- method=GET path=/ status=200 duration_ms=1.7
INFO 2026-03-09 10:32:18,888 correlation 7 127151554688704 request_complete correlation_id=504e9fd5-a916-4508-9cdc-a68b6d3ee5b9 tenant_id=- user_id=- method=GET path=/ status=200 duration_ms=1.57
INFO 2026-03-09 10:32:48,932 correlation 8 127151554688704 request_complete correlation_id=a5437f6e-ecdc-496e-9ac5-e43490081768 tenant_id=- user_id=- method=GET path=/ status=200 duration_ms=2.78
INFO 2026-03-09 10:33:18,976 correlation 9 127151554688704 request_complete correlation_id=77e7be0e-c8cc-48d7-b601-0837a2f8e30b tenant_id=- user_id=- method=GET path=/ status=200 duration_ms=1.52
INFO 2026-03-09 10:33:49,027 correlation 7 127151554688704 request_complete correlation_id=cccd2c60-84ea-4b5f-9062-86532d0027c1 tenant_id=- user_id=- method=GET path=/ status=200 duration_ms=2.55
INFO 2026-03-09 10:34:19,070 correlation 7 127151554688704 request_complete correlation_id=c50f2e5c-fc0c-4100-8997-6fc8f6941ce7 tenant_id=- user_id=- method=GET path=/ status=200 duration_ms=1.74
INFO 2026-03-09 10:34:49,114 correlation 7 127151554688704 request_complete correlation_id=8be96622-2eaa-49cf-965e-dcb5edb4bed3 tenant_id=- user_id=- method=GET path=/ status=200 duration_ms=1.52
INFO 2026-03-09 10:35:19,163 correlation 8 127151554688704 request_complete correlation_id=149573bc-88a9-405b-a0ec-d4e2fc004c5d tenant_id=- user_id=- method=GET path=/ status=200 duration_ms=1.62
INFO 2026-03-09 10:35:49,209 correlation 9 127151554688704 request_complete correlation_id=f9ac0be4-c766-4bc7-8d3e-310ab2ba3d27 tenant_id=- user_id=- method=GET path=/ status=200 duration_ms=1.61
INFO 2026-03-09 10:36:19,253 correlation 8 127151554688704 request_complete correlation_id=1a29975a-17aa-4d00-b2b4-16f6c8f0a42c tenant_id=- user_id=- method=GET path=/ status=200 duration_ms=1.69
INFO 2026-03-09 10:36:49,296 correlation 7 127151554688704 request_complete correlation_id=662c92d7-69e6-487b-9872-7d890bfecadd tenant_id=- user_id=- method=GET path=/ status=200 duration_ms=1.53
INFO 2026-03-09 10:37:19,348 correlation 9 127151554688704 request_complete correlation_id=cbad0bc2-ec83-488f-9daf-5452b8a7f8b9 tenant_id=- user_id=- method=GET path=/ status=200 duration_ms=1.58
INFO 2026-03-09 10:37:49,407 correlation 8 127151554688704 request_complete correlation_id=45a17d8a-d7f8-4b26-ab2c-f194e3f146ec tenant_id=- user_id=- method=GET path=/ status=200 duration_ms=2.28
INFO 2026-03-09 10:38:19,459 correlation 7 127151554688704 request_complete correlation_id=2968049f-cc35-495d-aaf4-32a626e3249e tenant_id=- user_id=- method=GET path=/ status=200 duration_ms=2.49
INFO 2026-03-09 10:38:49,501 correlation 7 127151554688704 request_complete correlation_id=d1517081-5285-4d67-be94-c6c08e382025 tenant_id=- user_id=- method=GET path=/ status=200 duration_ms=1.75
INFO 2026-03-09 10:39:19,544 correlation 8 127151554688704 request_complete correlation_id=ca506d05-c3eb-48b6-bcc0-76f63592e259 tenant_id=- user_id=- method=GET path=/ status=200 duration_ms=1.83
INFO 2026-03-09 10:39:49,596 correlation 9 127151554688704 request_complete correlation_id=0a0bf598-e7a7-4451-ba00-d31f05f14039 tenant_id=- user_id=- method=GET path=/ status=200 duration_ms=1.61
INFO 2026-03-09 10:40:19,642 correlation 8 127151554688704 request_complete correlation_id=64b935a5-a436-44ec-8782-ffc88f02e3a0 tenant_id=- user_id=- method=GET path=/ status=200 duration_ms=1.58
INFO 2026-03-09 10:40:49,684 correlation 8 127151554688704 request_complete correlation_id=316f3393-b2c8-4982-8899-a4dade9b5a13 tenant_id=- user_id=- method=GET path=/ status=200 duration_ms=2.47
INFO 2026-03-09 10:41:19,736 correlation 8 127151554688704 request_complete correlation_id=2a2cdb70-c932-42df-bbb6-81320e692d05 tenant_id=- user_id=- method=GET path=/ status=200 duration_ms=1.57
INFO 2026-03-09 10:41:49,786 correlation 9 127151554688704 request_complete correlation_id=ebab8f8d-ac38-44fd-9cea-578d720dfcbe tenant_id=- user_id=- method=GET path=/ status=200 duration_ms=1.9
INFO 2026-03-09 10:42:19,832 correlation 8 127151554688704 request_complete correlation_id=877e5f13-0d77-4099-a5c2-d66f96198a75 tenant_id=- user_id=- method=GET path=/ status=200 duration_ms=1.76
INFO 2026-03-09 10:42:49,879 correlation 9 127151554688704 request_complete correlation_id=f3395d3e-abc1-47cd-a191-ff1db0bfd090 tenant_id=- user_id=- method=GET path=/ status=200 duration_ms=1.57
INFO 2026-03-09 10:43:19,927 correlation 9 127151554688704 request_complete correlation_id=a9204bd6-f6ae-4c61-ae82-c4232e95f87b tenant_id=- user_id=- method=GET path=/ status=200 duration_ms=2.59
INFO 2026-03-09 10:43:49,981 correlation 8 127151554688704 request_complete correlation_id=d3c83cf7-73a3-4ab0-85a5-5e1da78ee8ae tenant_id=- user_id=- method=GET path=/ status=200 duration_ms=1.72
INFO 2026-03-09 10:44:20,026 correlation 8 127151554688704 request_complete correlation_id=b2aa6fd3-e7bc-49a0-944f-bfe89fbf3fe8 tenant_id=- user_id=- method=GET path=/ status=200 duration_ms=1.73
INFO 2026-03-09 10:44:50,068 correlation 8 127151554688704 request_complete correlation_id=06579bc1-354d-476c-a3e7-6f57c81806a3 tenant_id=- user_id=- method=GET path=/ status=200 duration_ms=1.51
INFO 2026-03-09 10:45:20,111 correlation 9 127151554688704 request_complete correlation_id=d35ce4f2-1d15-461a-aaba-a63f9ed7d0fb tenant_id=- user_id=- method=GET path=/ status=200 duration_ms=1.64
INFO 2026-03-09 10:45:50,153 correlation 9 127151554688704 request_complete correlation_id=8306c947-226b-43ee-b064-7668a1cc51bb tenant_id=- user_id=- method=GET path=/ status=200 duration_ms=1.7
INFO 2026-03-09 10:46:20,197 correlation 7 127151554688704 request_complete correlation_id=ff5cb0be-6153-4a1e-8967-5078b64f0a34 tenant_id=- user_id=- method=GET path=/ status=200 duration_ms=1.77
INFO 2026-03-09 10:46:50,246 correlation 7 127151554688704 request_complete correlation_id=81c7ef4f-4e13-4e23-9606-711ea875fb4f tenant_id=- user_id=- method=GET path=/ status=200 duration_ms=1.71
INFO 2026-03-09 10:47:20,291 correlation 8 127151554688704 request_complete correlation_id=673a2210-0a97-4c77-a61a-373661c10769 tenant_id=- user_id=- method=GET path=/ status=200 duration_ms=1.52
INFO 2026-03-09 10:47:50,334 correlation 9 127151554688704 request_complete correlation_id=6f5038c4-6e82-4daf-bd1d-7451cb6a34ad tenant_id=- user_id=- method=GET path=/ status=200 duration_ms=1.44
INFO 2026-03-09 10:48:20,374 correlation 7 127151554688704 request_complete correlation_id=117ab46a-2d1c-4447-aece-d00c01e9431e tenant_id=- user_id=- method=GET path=/ status=200 duration_ms=1.58
INFO 2026-03-09 10:48:50,417 correlation 7 127151554688704 request_complete correlation_id=3174f9aa-f9b0-4a0b-972d-9a22e14f3433 tenant_id=- user_id=- method=GET path=/ status=200 duration_ms=1.57
INFO 2026-03-09 10:49:20,453 correlation 7 127151554688704 request_complete correlation_id=de52aa6b-3a07-4bf8-9450-3c20b231b5fd tenant_id=- user_id=- method=GET path=/ status=200 duration_ms=1.8
INFO 2026-03-09 10:49:50,496 correlation 8 127151554688704 request_complete correlation_id=79f696ed-23b9-40b2-bb40-bab9fcd510c0 tenant_id=- user_id=- method=GET path=/ status=200 duration_ms=1.65
INFO 2026-03-09 10:50:20,537 correlation 7 127151554688704 request_complete correlation_id=273e6efa-7f8d-45f8-9a76-d1b142b33e90 tenant_id=- user_id=- method=GET path=/ status=200 duration_ms=1.48
INFO 2026-03-09 10:50:50,582 correlation 7 127151554688704 request_complete correlation_id=987a4866-dfbd-4ea8-b4a4-5d46d96465d2 tenant_id=- user_id=- method=GET path=/ status=200 duration_ms=1.42
INFO 2026-03-09 10:51:20,622 correlation 9 127151554688704 request_complete correlation_id=1f168d31-103c-4932-ad24-5b419c94ac5d tenant_id=- user_id=- method=GET path=/ status=200 duration_ms=1.56
INFO 2026-03-09 10:51:50,670 correlation 9 127151554688704 request_complete correlation_id=2014bdcb-e9ea-44f2-a63c-b0a8cb914b59 tenant_id=- user_id=- method=GET path=/ status=200 duration_ms=1.47
INFO 2026-03-09 10:52:20,718 correlation 7 127151554688704 request_complete correlation_id=ccb0cc27-829b-47f4-bbbd-e85c91a55104 tenant_id=- user_id=- method=GET path=/ status=200 duration_ms=1.41
INFO 2026-03-09 10:52:50,761 correlation 8 127151554688704 request_complete correlation_id=bd62e2ff-5f78-45d3-b9c9-8741fbe98668 tenant_id=- user_id=- method=GET path=/ status=200 duration_ms=1.39
INFO 2026-03-09 10:53:20,806 correlation 9 127151554688704 request_complete correlation_id=796756fd-546d-4ba9-b94d-7effb84a740b tenant_id=- user_id=- method=GET path=/ status=200 duration_ms=2.01
INFO 2026-03-09 10:53:50,858 correlation 7 127151554688704 request_complete correlation_id=75d7c30a-85b0-49e0-a5d7-9ca100887ad0 tenant_id=- user_id=- method=GET path=/ status=200 duration_ms=1.48
INFO 2026-03-09 10:54:20,903 correlation 9 127151554688704 request_complete correlation_id=cb87aa3e-a409-4396-9a83-20b2a4aef637 tenant_id=- user_id=- method=GET path=/ status=200 duration_ms=1.42
INFO 2026-03-09 10:54:50,950 correlation 8 127151554688704 request_complete correlation_id=d487ffa5-3d57-4a26-a76d-e1b2075ed120 tenant_id=- user_id=- method=GET path=/ status=200 duration_ms=1.5
INFO 2026-03-09 10:55:20,988 correlation 8 127151554688704 request_complete correlation_id=e741c2eb-7628-4a55-ba34-78c9d7531abb tenant_id=- user_id=- method=GET path=/ status=200 duration_ms=1.6
INFO 2026-03-09 10:55:51,036 correlation 8 127151554688704 request_complete correlation_id=388868b8-a143-4299-bdcb-4862d5a2b80f tenant_id=- user_id=- method=GET path=/ status=200 duration_ms=1.9
INFO 2026-03-09 10:56:21,079 correlation 9 127151554688704 request_complete correlation_id=25cf27c2-6614-44f7-ac6a-9db99d38bbb4 tenant_id=- user_id=- method=GET path=/ status=200 duration_ms=1.43
INFO 2026-03-09 10:56:51,117 correlation 8 127151554688704 request_complete correlation_id=7a1f02ae-6713-42c3-8e2b-8baa403799e5 tenant_id=- user_id=- method=GET path=/ status=200 duration_ms=1.57
INFO 2026-03-09 10:57:21,163 correlation 9 127151554688704 request_complete correlation_id=36aaaed3-e20c-4a20-9f8f-b5d8b034c0fc tenant_id=- user_id=- method=GET path=/ status=200 duration_ms=1.39
INFO 2026-03-09 10:57:51,210 correlation 8 127151554688704 request_complete correlation_id=ff7cf7b8-f7fc-4743-8416-a68ebe139bcf tenant_id=- user_id=- method=GET path=/ status=200 duration_ms=1.45
INFO 2026-03-09 10:58:21,256 correlation 9 127151554688704 request_complete correlation_id=fd483adb-4534-4ff0-8e05-8fdb3c229680 tenant_id=- user_id=- method=GET path=/ status=200 duration_ms=1.51
INFO 2026-03-09 10:58:51,294 correlation 7 127151554688704 request_complete correlation_id=d2a9340a-5b61-4fec-8388-bd4835896567 tenant_id=- user_id=- method=GET path=/ status=200 duration_ms=1.36
INFO 2026-03-09 10:59:21,333 correlation 7 127151554688704 request_complete correlation_id=a1e9331d-107a-4ecc-b913-9f424cd6a379 tenant_id=- user_id=- method=GET path=/ status=200 duration_ms=1.47
INFO 2026-03-09 10:59:51,373 correlation 9 127151554688704 request_complete correlation_id=0812e6d3-a313-45b0-8973-4abc134b869e tenant_id=- user_id=- method=GET path=/ status=200 duration_ms=1.6
INFO 2026-03-09 11:00:21,420 correlation 8 127151554688704 request_complete correlation_id=4c77f99a-15f2-409a-9d3e-75c723c0a14b tenant_id=- user_id=- method=GET path=/ status=200 duration_ms=1.49
INFO 2026-03-09 11:00:51,458 correlation 7 127151554688704 request_complete correlation_id=7aac4a28-9e9b-497f-b58a-067f88b5915d tenant_id=- user_id=- method=GET path=/ status=200 duration_ms=1.32
INFO 2026-03-09 11:01:21,496 correlation 8 127151554688704 request_complete correlation_id=5b3e8377-5f2a-48ff-8964-ce725d29b8fb tenant_id=- user_id=- method=GET path=/ status=200 duration_ms=1.62
INFO 2026-03-09 11:01:51,533 correlation 7 127151554688704 request_complete correlation_id=1884d4c4-cf9e-44ab-b607-5f7bd2f1d92c tenant_id=- user_id=- method=GET path=/ status=200 duration_ms=1.44
INFO 2026-03-09 11:02:21,580 correlation 8 127151554688704 request_complete correlation_id=d23e8d46-937e-4f34-95eb-55ee6bb439fd tenant_id=- user_id=- method=GET path=/ status=200 duration_ms=1.38
INFO 2026-03-09 11:02:51,615 correlation 8 127151554688704 request_complete correlation_id=c085b702-92ee-4ae6-a0e8-1324fdfa6b64 tenant_id=- user_id=- method=GET path=/ status=200 duration_ms=1.36
INFO 2026-03-09 11:03:21,656 correlation 7 127151554688704 request_complete correlation_id=54ebc09d-7c97-490c-8d65-42fa65359bac tenant_id=- user_id=- method=GET path=/ status=200 duration_ms=1.55
INFO 2026-03-09 11:03:51,692 correlation 8 127151554688704 request_complete correlation_id=a44609e8-42d9-4987-bbcc-f213619d18a2 tenant_id=- user_id=- method=GET path=/ status=200 duration_ms=1.45
INFO 2026-03-09 11:04:21,737 correlation 7 127151554688704 request_complete correlation_id=72e8095d-ae91-4732-ae86-19d88f700050 tenant_id=- user_id=- method=GET path=/ status=200 duration_ms=1.36
INFO 2026-03-09 11:04:51,783 correlation 7 127151554688704 request_complete correlation_id=c09aabba-831d-4c38-b355-d2a050858d1f tenant_id=- user_id=- method=GET path=/ status=200 duration_ms=1.35
INFO 2026-03-09 11:05:21,822 correlation 7 127151554688704 request_complete correlation_id=99582100-385e-4423-9633-9448f853f657 tenant_id=- user_id=- method=GET path=/ status=200 duration_ms=1.37
INFO 2026-03-09 11:05:51,863 correlation 7 127151554688704 request_complete correlation_id=cb0e6960-24fa-47f9-8414-e616bb70d0e4 tenant_id=- user_id=- method=GET path=/ status=200 duration_ms=2.22
INFO 2026-03-09 11:06:21,912 correlation 9 127151554688704 request_complete correlation_id=91887cef-2962-47df-9628-8a90917c4550 tenant_id=- user_id=- method=GET path=/ status=200 duration_ms=1.36
INFO 2026-03-09 11:06:51,950 correlation 7 127151554688704 request_complete correlation_id=1bf668f1-e255-4a69-96a2-b5ac12bcc86e tenant_id=- user_id=- method=GET path=/ status=200 duration_ms=1.28
INFO 2026-03-09 11:07:21,989 correlation 7 127151554688704 request_complete correlation_id=398b1910-5b44-4048-a499-73e5b30c0189 tenant_id=- user_id=- method=GET path=/ status=200 duration_ms=1.28
INFO 2026-03-09 11:07:52,025 correlation 8 127151554688704 request_complete correlation_id=31394b0e-1928-41e1-94ab-f39b7adf551d tenant_id=- user_id=- method=GET path=/ status=200 duration_ms=1.3
INFO 2026-03-09 11:08:22,062 correlation 7 127151554688704 request_complete correlation_id=ff667840-c1e6-4a34-b5a8-ad584fe61e09 tenant_id=- user_id=- method=GET path=/ status=200 duration_ms=1.27
INFO 2026-03-09 11:08:52,100 correlation 7 127151554688704 request_complete correlation_id=0f65a9e0-5444-44ec-a7ba-7b40b27e6b0f tenant_id=- user_id=- method=GET path=/ status=200 duration_ms=1.37
INFO 2026-03-09 11:09:22,141 correlation 9 127151554688704 request_complete correlation_id=c9b64ba0-e5e8-4e83-9804-6c1681c78de8 tenant_id=- user_id=- method=GET path=/ status=200 duration_ms=1.31
INFO 2026-03-09 11:09:52,181 correlation 8 127151554688704 request_complete correlation_id=0a393aba-fb81-4e03-96d5-7bcda57796fd tenant_id=- user_id=- method=GET path=/ status=200 duration_ms=1.35
INFO 2026-03-09 11:10:22,220 correlation 9 127151554688704 request_complete correlation_id=4d5e999b-4738-4069-94d2-028370b55b64 tenant_id=- user_id=- method=GET path=/ status=200 duration_ms=1.31
INFO 2026-03-09 11:10:52,260 correlation 7 127151554688704 request_complete correlation_id=1290ed48-f9f0-4dfc-b077-295717d4f661 tenant_id=- user_id=- method=GET path=/ status=200 duration_ms=1.45
INFO 2026-03-09 11:11:22,299 correlation 8 127151554688704 request_complete correlation_id=88df9c11-0a46-4951-a8ec-053b8c791195 tenant_id=- user_id=- method=GET path=/ status=200 duration_ms=1.26
INFO 2026-03-09 11:11:52,343 correlation 9 127151554688704 request_complete correlation_id=4bfa2358-4b87-4608-beaa-fdf987adcd5f tenant_id=- user_id=- method=GET path=/ status=200 duration_ms=2.17
INFO 2026-03-09 11:12:22,380 correlation 7 127151554688704 request_complete correlation_id=ac61cc2e-456e-45db-a2cf-c00266ab91cf tenant_id=- user_id=- method=GET path=/ status=200 duration_ms=1.35
INFO 2026-03-09 11:12:52,413 correlation 7 127151554688704 request_complete correlation_id=57af7b8c-3445-4037-88f7-fdb6a00cb03b tenant_id=- user_id=- method=GET path=/ status=200 duration_ms=1.38
INFO 2026-03-09 11:13:22,452 correlation 8 127151554688704 request_complete correlation_id=40830507-24b9-4a7f-95d7-be6cecefd69c tenant_id=- user_id=- method=GET path=/ status=200 duration_ms=1.29
INFO 2026-03-09 11:13:52,493 correlation 8 127151554688704 request_complete correlation_id=219e5065-a2b5-4fc4-a145-6eb5c756c57b tenant_id=- user_id=- method=GET path=/ status=200 duration_ms=1.25
INFO 2026-03-09 11:14:22,528 correlation 9 127151554688704 request_complete correlation_id=6380a20a-02f0-4839-9bc4-47a380ea885f tenant_id=- user_id=- method=GET path=/ status=200 duration_ms=1.32
INFO 2026-03-09 11:14:52,567 correlation 8 127151554688704 request_complete correlation_id=79f7b8d4-457e-4b7a-b99d-03e8eb9e311f tenant_id=- user_id=- method=GET path=/ status=200 duration_ms=1.48
INFO 2026-03-09 11:15:22,608 correlation 8 127151554688704 request_complete correlation_id=6a49834a-c5dc-4f18-a5d2-7d530a8bfb12 tenant_id=- user_id=- method=GET path=/ status=200 duration_ms=1.64
INFO 2026-03-09 11:15:52,650 correlation 9 127151554688704 request_complete correlation_id=8905680e-b3c7-44af-b271-5f89eb0f7eba tenant_id=- user_id=- method=GET path=/ status=200 duration_ms=1.3
INFO 2026-03-09 11:16:22,696 correlation 8 127151554688704 request_complete correlation_id=134b8c28-52c8-4645-aa57-b90020903bf9 tenant_id=- user_id=- method=GET path=/ status=200 duration_ms=1.46
INFO 2026-03-09 11:16:52,735 correlation 9 127151554688704 request_complete correlation_id=d5537c1d-da99-41d3-9008-6251b014ef0e tenant_id=- user_id=- method=GET path=/ status=200 duration_ms=1.23
INFO 2026-03-09 11:17:22,773 correlation 9 127151554688704 request_complete correlation_id=f3a10e60-f4a4-4512-988b-9d4f8233e17e tenant_id=- user_id=- method=GET path=/ status=200 duration_ms=1.26
INFO 2026-03-09 11:17:52,819 correlation 8 127151554688704 request_complete correlation_id=ed69138b-ab7d-411f-a76e-91268f27de50 tenant_id=- user_id=- method=GET path=/ status=200 duration_ms=1.27
INFO 2026-03-09 11:18:22,857 correlation 9 127151554688704 request_complete correlation_id=710aac1c-1c9e-4b5b-b0c0-bc62b722fbfe tenant_id=- user_id=- method=GET path=/ status=200 duration_ms=1.46
INFO 2026-03-09 11:18:52,895 correlation 9 127151554688704 request_complete correlation_id=71c8839b-3bc1-4155-869c-a8877e9890d6 tenant_id=- user_id=- method=GET path=/ status=200 duration_ms=1.21
INFO 2026-03-09 11:19:22,932 correlation 7 127151554688704 request_complete correlation_id=ff86bab1-492d-40f3-9289-f54907c663f6 tenant_id=- user_id=- method=GET path=/ status=200 duration_ms=1.31
INFO 2026-03-09 11:19:52,975 correlation 7 127151554688704 request_complete correlation_id=2bde669b-303d-408c-bdda-66daff9b1d35 tenant_id=- user_id=- method=GET path=/ status=200 duration_ms=1.44
INFO 2026-03-09 11:20:23,017 correlation 7 127151554688704 request_complete correlation_id=4b9f3bab-00a0-4c49-a8ee-c1b6304057a6 tenant_id=- user_id=- method=GET path=/ status=200 duration_ms=1.31
INFO 2026-03-09 11:20:53,054 correlation 7 127151554688704 request_complete correlation_id=0332aea4-89b8-4bef-be65-3c84b93b809d tenant_id=- user_id=- method=GET path=/ status=200 duration_ms=1.24
INFO 2026-03-09 11:21:23,092 correlation 7 127151554688704 request_complete correlation_id=5625c268-9e48-4532-aa41-98ec24eed741 tenant_id=- user_id=- method=GET path=/ status=200 duration_ms=1.28
INFO 2026-03-09 11:21:53,131 correlation 9 127151554688704 request_complete correlation_id=5efa8a78-f9e4-4c2b-a9d9-7a5f4f38babf tenant_id=- user_id=- method=GET path=/ status=200 duration_ms=1.3
INFO 2026-03-09 11:22:23,177 correlation 7 127151554688704 request_complete correlation_id=6534810b-bc76-4e7e-bfb2-899b69b7e85e tenant_id=- user_id=- method=GET path=/ status=200 duration_ms=1.23
INFO 2026-03-09 11:22:53,212 correlation 9 127151554688704 request_complete correlation_id=2b12ed53-df4c-41a5-ae46-b0e34d160249 tenant_id=- user_id=- method=GET path=/ status=200 duration_ms=1.34
INFO 2026-03-09 11:23:23,249 correlation 8 127151554688704 request_complete correlation_id=554c19d0-3dcb-41c3-aa9b-ad6c554d0bd1 tenant_id=- user_id=- method=GET path=/ status=200 duration_ms=1.54
INFO 2026-03-09 11:23:53,277 correlation 8 127151554688704 request_complete correlation_id=af654509-68e3-443e-b64c-72034f42c9fa tenant_id=- user_id=- method=GET path=/ status=200 duration_ms=1.32
INFO 2026-03-09 11:24:23,315 correlation 7 127151554688704 request_complete correlation_id=c103cda5-b741-4a60-bcb1-75ce42afdba0 tenant_id=- user_id=- method=GET path=/ status=200 duration_ms=1.27
INFO 2026-03-09 11:24:53,355 correlation 7 127151554688704 request_complete correlation_id=cb296d27-3695-49f1-ac35-165ad91ace1a tenant_id=- user_id=- method=GET path=/ status=200 duration_ms=1.34
INFO 2026-03-09 11:25:23,394 correlation 7 127151554688704 request_complete correlation_id=1e553d3f-64f5-4bde-8222-af1dee25c6bb tenant_id=- user_id=- method=GET path=/ status=200 duration_ms=1.32
INFO 2026-03-09 11:25:53,434 correlation 7 127151554688704 request_complete correlation_id=9e8aa5b9-4551-43a1-81ae-b9d0d3c79b6d tenant_id=- user_id=- method=GET path=/ status=200 duration_ms=1.28
INFO 2026-03-09 11:26:23,470 correlation 8 127151554688704 request_complete correlation_id=dc0d9c9c-aaca-47da-9ef2-eab996a908b0 tenant_id=- user_id=- method=GET path=/ status=200 duration_ms=1.29
INFO 2026-03-09 11:26:53,507 correlation 7 127151554688704 request_complete correlation_id=1b608aa5-1c03-4f15-a108-9ce48d222b9e tenant_id=- user_id=- method=GET path=/ status=200 duration_ms=1.24
INFO 2026-03-09 11:27:23,549 correlation 7 127151554688704 request_complete correlation_id=969a7dce-1491-4d3a-915f-652d26b4de5e tenant_id=- user_id=- method=GET path=/ status=200 duration_ms=1.23
INFO 2026-03-09 11:27:53,588 correlation 7 127151554688704 request_complete correlation_id=2b699b1b-a31d-46cd-b3c3-139ad12d33ab tenant_id=- user_id=- method=GET path=/ status=200 duration_ms=1.25
INFO 2026-03-09 11:28:23,631 correlation 7 127151554688704 request_complete correlation_id=14fa8b92-5520-4b92-9f9c-65fa05fc9c11 tenant_id=- user_id=- method=GET path=/ status=200 duration_ms=1.27
INFO 2026-03-09 11:28:53,673 correlation 7 127151554688704 request_complete correlation_id=8c4dfe27-1ed7-4e71-92df-d12855b58fe7 tenant_id=- user_id=- method=GET path=/ status=200 duration_ms=1.7
INFO 2026-03-09 11:29:23,711 correlation 8 127151554688704 request_complete correlation_id=866d1f11-b9ab-4d2b-8f11-7caa2f87fdb6 tenant_id=- user_id=- method=GET path=/ status=200 duration_ms=1.27
INFO 2026-03-09 11:29:53,755 correlation 9 127151554688704 request_complete correlation_id=8153d660-8b69-466e-9ddc-3c623b75a8fb tenant_id=- user_id=- method=GET path=/ status=200 duration_ms=1.44
INFO 2026-03-09 11:30:23,793 correlation 7 127151554688704 request_complete correlation_id=25c474b8-b7d8-40c5-a179-5e1c6f7b3278 tenant_id=- user_id=- method=GET path=/ status=200 duration_ms=1.23
INFO 2026-03-09 11:30:53,831 correlation 9 127151554688704 request_complete correlation_id=12b04d6f-43c7-41d3-be5a-740021f3bed0 tenant_id=- user_id=- method=GET path=/ status=200 duration_ms=1.3
INFO 2026-03-09 11:31:23,873 correlation 9 127151554688704 request_complete correlation_id=a729550f-e329-469f-b082-d9c818f130f7 tenant_id=- user_id=- method=GET path=/ status=200 duration_ms=1.28
INFO 2026-03-09 11:31:53,911 correlation 8 127151554688704 request_complete correlation_id=8e9860c4-a58e-446b-adff-a559ba0dbac0 tenant_id=- user_id=- method=GET path=/ status=200 duration_ms=1.74
INFO 2026-03-09 11:32:23,953 correlation 9 127151554688704 request_complete correlation_id=6261d0da-b901-431b-89f3-befce17b88c7 tenant_id=- user_id=- method=GET path=/ status=200 duration_ms=1.35
INFO 2026-03-09 11:32:53,993 correlation 7 127151554688704 request_complete correlation_id=7521ae8d-43c2-49fe-a593-7218c126848f tenant_id=- user_id=- method=GET path=/ status=200 duration_ms=1.35
INFO 2026-03-09 11:33:24,037 correlation 9 127151554688704 request_complete correlation_id=501e3c82-46a3-41fe-b171-20e992685667 tenant_id=- user_id=- method=GET path=/ status=200 duration_ms=1.27
INFO 2026-03-09 11:33:54,075 correlation 9 127151554688704 request_complete correlation_id=fbf17d26-8177-40d4-9d26-c0c8e7efee45 tenant_id=- user_id=- method=GET path=/ status=200 duration_ms=1.69
INFO 2026-03-09 11:34:24,115 correlation 7 127151554688704 request_complete correlation_id=0b60ddba-c6ab-445b-97c1-51b0d70430f7 tenant_id=- user_id=- method=GET path=/ status=200 duration_ms=1.31
INFO 2026-03-09 11:34:54,156 correlation 7 127151554688704 request_complete correlation_id=87918bf5-fd36-4035-8e5b-393322b8b604 tenant_id=- user_id=- method=GET path=/ status=200 duration_ms=1.7
INFO 2026-03-09 11:35:24,194 correlation 8 127151554688704 request_complete correlation_id=e9bf053d-1333-442c-9d8c-59dca2633b51 tenant_id=- user_id=- method=GET path=/ status=200 duration_ms=1.23
INFO 2026-03-09 11:35:54,230 correlation 8 127151554688704 request_complete correlation_id=947932ac-71e2-4584-8efb-e792186e28c6 tenant_id=- user_id=- method=GET path=/ status=200 duration_ms=1.27
INFO 2026-03-09 11:36:24,266 correlation 8 127151554688704 request_complete correlation_id=a28c86d7-2b30-4e3c-99f7-c138215740e1 tenant_id=- user_id=- method=GET path=/ status=200 duration_ms=1.25
INFO 2026-03-09 11:36:54,304 correlation 9 127151554688704 request_complete correlation_id=462f20d8-c841-49a6-aa4d-0a06e3e34b9a tenant_id=- user_id=- method=GET path=/ status=200 duration_ms=1.31
INFO 2026-03-09 11:37:24,357 correlation 8 127151554688704 request_complete correlation_id=3bf08cc6-2ea7-4986-84fc-d0d31be958b0 tenant_id=- user_id=- method=GET path=/ status=200 duration_ms=1.23
INFO 2026-03-09 11:37:54,405 correlation 8 127151554688704 request_complete correlation_id=e8a09640-d4cd-43e3-a66d-e5ff7e39cce8 tenant_id=- user_id=- method=GET path=/ status=200 duration_ms=1.68
INFO 2026-03-09 11:38:24,441 correlation 9 127151554688704 request_complete correlation_id=4fa44735-4144-4f2a-b93b-02e922700715 tenant_id=- user_id=- method=GET path=/ status=200 duration_ms=1.46
INFO 2026-03-09 11:38:54,482 correlation 8 127151554688704 request_complete correlation_id=9cad7216-6b23-4e8a-8a6a-64318e5d2577 tenant_id=- user_id=- method=GET path=/ status=200 duration_ms=1.34
INFO 2026-03-09 11:39:24,524 correlation 8 127151554688704 request_complete correlation_id=21af8a02-3088-4e91-b817-404657255918 tenant_id=- user_id=- method=GET path=/ status=200 duration_ms=1.32
INFO 2026-03-09 11:39:54,557 correlation 8 127151554688704 request_complete correlation_id=34c46d35-e598-47eb-86ac-d8319b9bbd86 tenant_id=- user_id=- method=GET path=/ status=200 duration_ms=1.27
INFO 2026-03-09 11:40:24,600 correlation 8 127151554688704 request_complete correlation_id=82d73456-130a-4d98-94a6-13cd22ace5c4 tenant_id=- user_id=- method=GET path=/ status=200 duration_ms=1.64
INFO 2026-03-09 11:40:54,638 correlation 9 127151554688704 request_complete correlation_id=136594a9-23d0-42fa-a47e-75ea34b4980c tenant_id=- user_id=- method=GET path=/ status=200 duration_ms=1.29
INFO 2026-03-09 11:41:24,682 correlation 8 127151554688704 request_complete correlation_id=19255b3c-85cc-4ea9-8a34-335c7662ed9b tenant_id=- user_id=- method=GET path=/ status=200 duration_ms=1.26
INFO 2026-03-09 11:41:54,716 correlation 7 127151554688704 request_complete correlation_id=c04542dd-f9de-485b-bcf0-016226e87ce7 tenant_id=- user_id=- method=GET path=/ status=200 duration_ms=1.23
INFO 2026-03-09 11:42:24,758 correlation 8 127151554688704 request_complete correlation_id=3f3348b0-5d38-4b16-9bd0-6ac1721cade7 tenant_id=- user_id=- method=GET path=/ status=200 duration_ms=1.23
INFO 2026-03-09 11:42:54,795 correlation 9 127151554688704 request_complete correlation_id=f4a89d5a-9d34-4b19-b923-29f006b9599a tenant_id=- user_id=- method=GET path=/ status=200 duration_ms=1.46
INFO 2026-03-09 11:43:24,837 correlation 8 127151554688704 request_complete correlation_id=7c83452b-b9e8-4db0-ba5e-e0c2775e3d58 tenant_id=- user_id=- method=GET path=/ status=200 duration_ms=1.3
INFO 2026-03-09 11:43:54,875 correlation 9 127151554688704 request_complete correlation_id=3abe65c5-3db6-4582-8a07-5be01ac448cd tenant_id=- user_id=- method=GET path=/ status=200 duration_ms=1.3
INFO 2026-03-09 11:44:24,918 correlation 8 127151554688704 request_complete correlation_id=17510325-a955-42a9-9bd2-591b4ed28640 tenant_id=- user_id=- method=GET path=/ status=200 duration_ms=1.28
INFO 2026-03-09 11:44:54,955 correlation 7 127151554688704 request_complete correlation_id=091c7e38-43c3-4719-a755-acc3c37f604f tenant_id=- user_id=- method=GET path=/ status=200 duration_ms=1.31
INFO 2026-03-09 11:45:25,002 correlation 9 127151554688704 request_complete correlation_id=e5aefdfe-e02b-408a-9f74-10020bfd2887 tenant_id=- user_id=- method=GET path=/ status=200 duration_ms=1.23
INFO 2026-03-09 11:45:55,040 correlation 9 127151554688704 request_complete correlation_id=cb5a152f-434e-4c4e-9ba9-ceb84504283b tenant_id=- user_id=- method=GET path=/ status=200 duration_ms=1.3
INFO 2026-03-09 11:46:25,072 correlation 7 127151554688704 request_complete correlation_id=84bfff3a-2375-4782-bde9-ce00aee62056 tenant_id=- user_id=- method=GET path=/ status=200 duration_ms=1.26
INFO 2026-03-09 11:46:55,109 correlation 7 127151554688704 request_complete correlation_id=7e699536-c731-4d69-892c-59f2b11fb616 tenant_id=- user_id=- method=GET path=/ status=200 duration_ms=1.28
INFO 2026-03-09 11:47:25,147 correlation 8 127151554688704 request_complete correlation_id=0c7f9593-2ba9-486e-87ef-098c1ff35a4c tenant_id=- user_id=- method=GET path=/ status=200 duration_ms=1.46
INFO 2026-03-09 11:47:55,185 correlation 7 127151554688704 request_complete correlation_id=57dfba70-5dc9-4b0c-8e75-e6f8eb8df20d tenant_id=- user_id=- method=GET path=/ status=200 duration_ms=1.47
INFO 2026-03-09 11:48:25,224 correlation 8 127151554688704 request_complete correlation_id=4b541304-6b42-47f1-b079-e468d6f0b713 tenant_id=- user_id=- method=GET path=/ status=200 duration_ms=1.28
INFO 2026-03-09 11:48:55,261 correlation 9 127151554688704 request_complete correlation_id=cc81f722-dad2-4a66-b210-bebf837aaa69 tenant_id=- user_id=- method=GET path=/ status=200 duration_ms=1.5
INFO 2026-03-09 11:49:25,304 correlation 9 127151554688704 request_complete correlation_id=a268009a-25e8-45dd-a37c-4f5bdaf97bcf tenant_id=- user_id=- method=GET path=/ status=200 duration_ms=1.29
INFO 2026-03-09 11:49:55,344 correlation 9 127151554688704 request_complete correlation_id=9de36780-d4bc-46ec-bea8-3cf1b35fffc2 tenant_id=- user_id=- method=GET path=/ status=200 duration_ms=1.23
INFO 2026-03-09 11:50:25,382 correlation 9 127151554688704 request_complete correlation_id=35165a7c-526c-4453-bb6d-e56cc903cd39 tenant_id=- user_id=- method=GET path=/ status=200 duration_ms=1.29
INFO 2026-03-09 11:50:55,423 correlation 9 127151554688704 request_complete correlation_id=59f68393-4c63-442c-bd4e-0f49c8b72973 tenant_id=- user_id=- method=GET path=/ status=200 duration_ms=1.33
INFO 2026-03-09 11:51:25,458 correlation 9 127151554688704 request_complete correlation_id=eea364f9-000c-4340-a50d-b9a236d0deb3 tenant_id=- user_id=- method=GET path=/ status=200 duration_ms=1.46
INFO 2026-03-09 11:51:55,495 correlation 7 127151554688704 request_complete correlation_id=974338a7-4e03-4c45-aef5-ad0a80723e07 tenant_id=- user_id=- method=GET path=/ status=200 duration_ms=1.26
INFO 2026-03-09 11:52:25,530 correlation 9 127151554688704 request_complete correlation_id=17ff2fc0-5006-44a1-9217-75dad0b26b6c tenant_id=- user_id=- method=GET path=/ status=200 duration_ms=1.28
INFO 2026-03-09 11:52:55,572 correlation 9 127151554688704 request_complete correlation_id=4fb1fcd2-0d20-4630-897c-80a7ed7d92d9 tenant_id=- user_id=- method=GET path=/ status=200 duration_ms=1.24
INFO 2026-03-09 11:53:25,611 correlation 7 127151554688704 request_complete correlation_id=fd7404a2-3cad-41a4-9c5a-ba0835236bfa tenant_id=- user_id=- method=GET path=/ status=200 duration_ms=1.3
INFO 2026-03-09 11:53:55,646 correlation 8 127151554688704 request_complete correlation_id=39cfd6e6-9d30-47d6-b928-73c9c8cae337 tenant_id=- user_id=- method=GET path=/ status=200 duration_ms=1.25
INFO 2026-03-09 11:54:25,685 correlation 8 127151554688704 request_complete correlation_id=6eef49f1-de76-4067-b6f8-c1d266881b00 tenant_id=- user_id=- method=GET path=/ status=200 duration_ms=1.32
INFO 2026-03-09 11:54:55,728 correlation 9 127151554688704 request_complete correlation_id=360c285f-5c9d-44a7-8429-357b09ea9aac tenant_id=- user_id=- method=GET path=/ status=200 duration_ms=1.25
INFO 2026-03-09 11:55:25,770 correlation 9 127151554688704 request_complete correlation_id=00312538-df4f-4fb7-bbfa-fb17b594b115 tenant_id=- user_id=- method=GET path=/ status=200 duration_ms=1.45
INFO 2026-03-09 11:55:55,812 correlation 7 127151554688704 request_complete correlation_id=02d472b6-34c7-497c-82a3-e11976f5cdea tenant_id=- user_id=- method=GET path=/ status=200 duration_ms=1.33
INFO 2026-03-09 11:56:25,850 correlation 9 127151554688704 request_complete correlation_id=2a90060f-68fd-4d78-8e04-23e7499ba039 tenant_id=- user_id=- method=GET path=/ status=200 duration_ms=1.61
INFO 2026-03-09 11:56:55,894 correlation 7 127151554688704 request_complete correlation_id=493a72a0-e333-4379-89b2-988b5c4f8369 tenant_id=- user_id=- method=GET path=/ status=200 duration_ms=1.58
INFO 2026-03-09 11:57:25,935 correlation 9 127151554688704 request_complete correlation_id=6ce6f74c-2ea0-4a69-8846-d9233f63d731 tenant_id=- user_id=- method=GET path=/ status=200 duration_ms=1.21
INFO 2026-03-09 11:57:55,975 correlation 8 127151554688704 request_complete correlation_id=10555c61-2483-4eef-960c-064d50a9d0c1 tenant_id=- user_id=- method=GET path=/ status=200 duration_ms=1.46
INFO 2026-03-09 11:58:26,015 correlation 7 127151554688704 request_complete correlation_id=9a697d87-a6d1-45aa-8f45-b53512acdc0d tenant_id=- user_id=- method=GET path=/ status=200 duration_ms=1.22
INFO 2026-03-09 11:58:56,061 correlation 8 127151554688704 request_complete correlation_id=f88ccd9c-f387-47e1-87e7-dc3976aba804 tenant_id=- user_id=- method=GET path=/ status=200 duration_ms=1.34
INFO 2026-03-09 11:59:26,098 correlation 8 127151554688704 request_complete correlation_id=3b299ad7-81f4-4417-9059-9607437cb6f4 tenant_id=- user_id=- method=GET path=/ status=200 duration_ms=1.35
INFO 2026-03-09 11:59:56,138 correlation 7 127151554688704 request_complete correlation_id=5035ca2d-837f-4230-8920-9d8b85249e67 tenant_id=- user_id=- method=GET path=/ status=200 duration_ms=1.28
INFO 2026-03-09 12:00:26,173 correlation 9 127151554688704 request_complete correlation_id=d5517add-8b89-46ea-8527-2b677bb68366 tenant_id=- user_id=- method=GET path=/ status=200 duration_ms=1.3
INFO 2026-03-09 12:00:56,215 correlation 8 127151554688704 request_complete correlation_id=6c18e601-2c2b-42de-b85f-9eb3e5e0a780 tenant_id=- user_id=- method=GET path=/ status=200 duration_ms=1.3
INFO 2026-03-09 12:01:26,251 correlation 7 127151554688704 request_complete correlation_id=aa29a817-863f-4d78-980f-984aac21ed47 tenant_id=- user_id=- method=GET path=/ status=200 duration_ms=1.27
INFO 2026-03-09 12:01:56,289 correlation 8 127151554688704 request_complete correlation_id=f3822d0b-3469-49ca-b5d9-851a40e7e8a0 tenant_id=- user_id=- method=GET path=/ status=200 duration_ms=1.33
INFO 2026-03-09 12:02:26,328 correlation 7 127151554688704 request_complete correlation_id=f38e453a-1013-4896-9932-793a9a214b63 tenant_id=- user_id=- method=GET path=/ status=200 duration_ms=1.39
INFO 2026-03-09 12:02:56,369 correlation 8 127151554688704 request_complete correlation_id=731c5573-1511-46ad-85e4-3274c1e872d5 tenant_id=- user_id=- method=GET path=/ status=200 duration_ms=1.33
INFO 2026-03-09 12:03:26,410 correlation 9 127151554688704 request_complete correlation_id=66c5eda6-679f-4136-9583-24e06489b53b tenant_id=- user_id=- method=GET path=/ status=200 duration_ms=1.27
INFO 2026-03-09 12:03:56,449 correlation 9 127151554688704 request_complete correlation_id=05d80f13-7819-4bbf-961d-de50d3a783d9 tenant_id=- user_id=- method=GET path=/ status=200 duration_ms=1.23
INFO 2026-03-09 12:04:26,492 correlation 7 127151554688704 request_complete correlation_id=f2d58e74-511d-4690-ac40-8f5690c7113d tenant_id=- user_id=- method=GET path=/ status=200 duration_ms=1.44
INFO 2026-03-09 12:04:56,531 correlation 9 127151554688704 request_complete correlation_id=08961d9d-8b15-493a-b756-d1497dd1326f tenant_id=- user_id=- method=GET path=/ status=200 duration_ms=1.33
INFO 2026-03-09 12:05:26,571 correlation 9 127151554688704 request_complete correlation_id=0fb1fa40-9552-4019-9599-73b61c6f6829 tenant_id=- user_id=- method=GET path=/ status=200 duration_ms=1.29
INFO 2026-03-09 12:05:56,608 correlation 9 127151554688704 request_complete correlation_id=888a92d3-f150-42e6-ad27-5c193cf24f81 tenant_id=- user_id=- method=GET path=/ status=200 duration_ms=1.38
INFO 2026-03-09 12:06:26,645 correlation 7 127151554688704 request_complete correlation_id=b3c1ff89-33d5-42f0-9d7f-c87e4b58b468 tenant_id=- user_id=- method=GET path=/ status=200 duration_ms=1.21
INFO 2026-03-09 12:06:56,687 correlation 8 127151554688704 request_complete correlation_id=40431c92-71fb-4f4b-a926-66eac689a6c6 tenant_id=- user_id=- method=GET path=/ status=200 duration_ms=1.27
INFO 2026-03-09 12:07:26,721 correlation 9 127151554688704 request_complete correlation_id=9d7f9680-150c-4029-91e6-0b654221ebf3 tenant_id=- user_id=- method=GET path=/ status=200 duration_ms=1.25
INFO 2026-03-09 12:07:56,755 correlation 8 127151554688704 request_complete correlation_id=ecab3938-b463-49c2-a406-fdd8b857291f tenant_id=- user_id=- method=GET path=/ status=200 duration_ms=1.28
INFO 2026-03-09 12:08:26,794 correlation 7 127151554688704 request_complete correlation_id=9e931d5e-fce7-42e4-acea-9047460480d9 tenant_id=- user_id=- method=GET path=/ status=200 duration_ms=1.24
INFO 2026-03-09 12:08:56,837 correlation 8 127151554688704 request_complete correlation_id=4ac0ce5e-9497-4810-89f3-dbc512020c4f tenant_id=- user_id=- method=GET path=/ status=200 duration_ms=1.29
INFO 2026-03-09 12:09:26,876 correlation 8 127151554688704 request_complete correlation_id=9a101282-3cdd-4d70-b8a4-224522079a09 tenant_id=- user_id=- method=GET path=/ status=200 duration_ms=1.5
INFO 2026-03-09 12:09:56,918 correlation 9 127151554688704 request_complete correlation_id=06ce54f0-d133-44de-adc9-d84230f5514c tenant_id=- user_id=- method=GET path=/ status=200 duration_ms=1.32
INFO 2026-03-09 12:10:26,957 correlation 8 127151554688704 request_complete correlation_id=66161904-b8c1-4cd0-af1a-b2f298ce4b2a tenant_id=- user_id=- method=GET path=/ status=200 duration_ms=1.23
INFO 2026-03-09 12:10:57,000 correlation 8 127151554688704 request_complete correlation_id=7351e659-7816-443c-8e84-b300ff17220f tenant_id=- user_id=- method=GET path=/ status=200 duration_ms=1.26
INFO 2026-03-09 12:11:27,041 correlation 7 127151554688704 request_complete correlation_id=e468fd25-9cca-43dc-a78c-0409f1959405 tenant_id=- user_id=- method=GET path=/ status=200 duration_ms=1.23
INFO 2026-03-09 12:11:57,086 correlation 9 127151554688704 request_complete correlation_id=3a3a81b5-d6c6-4409-bd89-df2b21235909 tenant_id=- user_id=- method=GET path=/ status=200 duration_ms=1.21
INFO 2026-03-09 12:12:27,128 correlation 7 127151554688704 request_complete correlation_id=49b13aa2-354b-4766-9cc2-8f8bf76b5fab tenant_id=- user_id=- method=GET path=/ status=200 duration_ms=1.45
INFO 2026-03-09 12:12:57,167 correlation 7 127151554688704 request_complete correlation_id=b66546f4-0d86-4a9d-8341-a2df1ddaef34 tenant_id=- user_id=- method=GET path=/ status=200 duration_ms=1.31
INFO 2026-03-09 12:13:27,205 correlation 8 127151554688704 request_complete correlation_id=a473f831-92d6-4e94-9930-d86c13f2f782 tenant_id=- user_id=- method=GET path=/ status=200 duration_ms=1.27
INFO 2026-03-09 12:13:57,243 correlation 7 127151554688704 request_complete correlation_id=0d393bec-22e0-4f0f-a073-51f6ae067c38 tenant_id=- user_id=- method=GET path=/ status=200 duration_ms=1.21
INFO 2026-03-09 12:14:27,289 correlation 9 127151554688704 request_complete correlation_id=6c7948a1-0dc0-428f-a917-1ff37ce763f6 tenant_id=- user_id=- method=GET path=/ status=200 duration_ms=1.27
INFO 2026-03-09 12:14:57,328 correlation 9 127151554688704 request_complete correlation_id=6d3690e4-5a7d-4abf-b8ac-b425a0437a5c tenant_id=- user_id=- method=GET path=/ status=200 duration_ms=1.78
INFO 2026-03-09 12:15:27,371 correlation 9 127151554688704 request_complete correlation_id=aacd40a8-cffa-4da3-95e4-916c277ca21a tenant_id=- user_id=- method=GET path=/ status=200 duration_ms=1.3
INFO 2026-03-09 12:15:57,407 correlation 9 127151554688704 request_complete correlation_id=f3f4de7c-11a2-4f83-95b5-33abc4e6855a tenant_id=- user_id=- method=GET path=/ status=200 duration_ms=1.34
INFO 2026-03-09 12:16:27,446 correlation 7 127151554688704 request_complete correlation_id=b9626cdb-fcd0-4082-84c0-b1ead28e32f4 tenant_id=- user_id=- method=GET path=/ status=200 duration_ms=1.27
INFO 2026-03-09 12:16:57,479 correlation 9 127151554688704 request_complete correlation_id=d55a36cb-6a3f-447e-b199-fc1dd0497e97 tenant_id=- user_id=- method=GET path=/ status=200 duration_ms=1.26
INFO 2026-03-09 12:17:27,515 correlation 9 127151554688704 request_complete correlation_id=154604d7-041a-439b-8d30-d81135fecce3 tenant_id=- user_id=- method=GET path=/ status=200 duration_ms=1.44
INFO 2026-03-09 12:17:57,556 correlation 9 127151554688704 request_complete correlation_id=6dced7d5-ea4c-4dfc-8bdf-7b57e7f9209e tenant_id=- user_id=- method=GET path=/ status=200 duration_ms=1.29
INFO 2026-03-09 12:18:27,595 correlation 7 127151554688704 request_complete correlation_id=a2ba54fa-6de0-40aa-9464-7212c49c3b8c tenant_id=- user_id=- method=GET path=/ status=200 duration_ms=1.23
INFO 2026-03-09 12:18:57,632 correlation 9 127151554688704 request_complete correlation_id=5f191dae-97ab-4d78-8fee-052d79e84be4 tenant_id=- user_id=- method=GET path=/ status=200 duration_ms=1.29
INFO 2026-03-09 12:19:27,670 correlation 7 127151554688704 request_complete correlation_id=4f9e5a2e-717d-4970-b04b-76f1f08dee08 tenant_id=- user_id=- method=GET path=/ status=200 duration_ms=1.3
INFO 2026-03-09 12:19:57,709 correlation 8 127151554688704 request_complete correlation_id=2d04efe8-b223-4d3d-8e95-bbbe876454e2 tenant_id=- user_id=- method=GET path=/ status=200 duration_ms=1.68
INFO 2026-03-09 12:20:27,746 correlation 9 127151554688704 request_complete correlation_id=113216d5-f833-493b-ae0a-05b98e7b543b tenant_id=- user_id=- method=GET path=/ status=200 duration_ms=1.36
INFO 2026-03-09 12:20:57,784 correlation 7 127151554688704 request_complete correlation_id=828c7565-4da4-4198-ba1e-85f2c4905f0c tenant_id=- user_id=- method=GET path=/ status=200 duration_ms=1.24
INFO 2026-03-09 12:21:27,819 correlation 7 127151554688704 request_complete correlation_id=2af81792-cb0d-411d-8cf8-993942361404 tenant_id=- user_id=- method=GET path=/ status=200 duration_ms=1.33
INFO 2026-03-09 12:21:57,858 correlation 8 127151554688704 request_complete correlation_id=f7d79bc7-6044-481a-a21e-1edd1527f6d7 tenant_id=- user_id=- method=GET path=/ status=200 duration_ms=1.3
INFO 2026-03-09 12:22:27,896 correlation 8 127151554688704 request_complete correlation_id=54b194b2-e720-4ea5-ba12-6d1fda159566 tenant_id=- user_id=- method=GET path=/ status=200 duration_ms=1.28
INFO 2026-03-09 12:22:57,933 correlation 8 127151554688704 request_complete correlation_id=47337053-a4fd-4d61-8b0c-ace4094458a0 tenant_id=- user_id=- method=GET path=/ status=200 duration_ms=1.32
INFO 2026-03-09 12:23:27,968 correlation 7 127151554688704 request_complete correlation_id=72caa9fa-e8d7-411a-b449-6d7c5b8974d7 tenant_id=- user_id=- method=GET path=/ status=200 duration_ms=1.37
INFO 2026-03-09 12:23:58,014 correlation 9 127151554688704 request_complete correlation_id=7eefd9cb-1402-42c9-82eb-78c5851c448b tenant_id=- user_id=- method=GET path=/ status=200 duration_ms=1.22
INFO 2026-03-09 12:24:28,056 correlation 7 127151554688704 request_complete correlation_id=5a53f729-bfdd-455e-b248-d64ebddb213b tenant_id=- user_id=- method=GET path=/ status=200 duration_ms=1.54
INFO 2026-03-09 12:24:58,098 correlation 7 127151554688704 request_complete correlation_id=8dd42dc6-241f-4548-8974-41206a83d801 tenant_id=- user_id=- method=GET path=/ status=200 duration_ms=1.22
INFO 2026-03-09 12:25:28,134 correlation 7 127151554688704 request_complete correlation_id=5eb02b5e-3255-494d-9507-4d13d37c8a4d tenant_id=- user_id=- method=GET path=/ status=200 duration_ms=1.28
INFO 2026-03-09 12:25:58,175 correlation 8 127151554688704 request_complete correlation_id=5e3d3451-cba4-4544-8b17-3a65d093b9f9 tenant_id=- user_id=- method=GET path=/ status=200 duration_ms=1.31
INFO 2026-03-09 12:26:28,222 correlation 8 127151554688704 request_complete correlation_id=2c8dc0e5-c1b2-4706-8e1e-54b47a3f20fb tenant_id=- user_id=- method=GET path=/ status=200 duration_ms=3.52
INFO 2026-03-09 12:26:58,264 correlation 9 127151554688704 request_complete correlation_id=340eb7e9-a26a-475b-b7a9-524dbc7baee4 tenant_id=- user_id=- method=GET path=/ status=200 duration_ms=1.77
INFO 2026-03-09 12:27:28,303 correlation 8 127151554688704 request_complete correlation_id=39afdbd3-f8da-4c07-a2fa-508b7d934e38 tenant_id=- user_id=- method=GET path=/ status=200 duration_ms=1.53
INFO 2026-03-09 12:27:58,341 correlation 8 127151554688704 request_complete correlation_id=0e517c52-a899-4b38-b920-f9af08f8c913 tenant_id=- user_id=- method=GET path=/ status=200 duration_ms=1.22
INFO 2026-03-09 12:28:28,382 correlation 8 127151554688704 request_complete correlation_id=6ab9ab8f-416c-4299-a4a7-2f1577576f94 tenant_id=- user_id=- method=GET path=/ status=200 duration_ms=1.28
INFO 2026-03-09 12:28:58,421 correlation 9 127151554688704 request_complete correlation_id=623d1a1b-dff7-4fd2-9a21-a0736519d48a tenant_id=- user_id=- method=GET path=/ status=200 duration_ms=1.35
INFO 2026-03-09 12:29:28,468 correlation 7 127151554688704 request_complete correlation_id=8b9081b8-459a-4541-9b16-b46a9615d16e tenant_id=- user_id=- method=GET path=/ status=200 duration_ms=1.52
INFO 2026-03-09 12:29:58,505 correlation 7 127151554688704 request_complete correlation_id=90117807-e3f9-4ddb-b37d-393140bee582 tenant_id=- user_id=- method=GET path=/ status=200 duration_ms=1.51
INFO 2026-03-09 12:30:28,546 correlation 7 127151554688704 request_complete correlation_id=18e4a36e-6b5a-4e4a-b54f-ef1593d87126 tenant_id=- user_id=- method=GET path=/ status=200 duration_ms=1.32
INFO 2026-03-09 12:30:58,586 correlation 9 127151554688704 request_complete correlation_id=4ce76efc-d7fb-4cb6-b0d2-626afc0f9068 tenant_id=- user_id=- method=GET path=/ status=200 duration_ms=1.25
INFO 2026-03-09 12:31:28,624 correlation 7 127151554688704 request_complete correlation_id=10dcc9aa-e097-4769-b66d-32ed2a7c3742 tenant_id=- user_id=- method=GET path=/ status=200 duration_ms=1.39
INFO 2026-03-09 12:31:58,667 correlation 7 127151554688704 request_complete correlation_id=b2f3f736-2f91-4bd7-bb67-a0e08186c82c tenant_id=- user_id=- method=GET path=/ status=200 duration_ms=1.26
INFO 2026-03-09 12:32:28,718 correlation 8 127151554688704 request_complete correlation_id=2a90e899-b527-491c-91f7-8239976e4562 tenant_id=- user_id=- method=GET path=/ status=200 duration_ms=1.44
INFO 2026-03-09 12:32:58,761 correlation 7 127151554688704 request_complete correlation_id=c2006b36-e741-421e-89a2-b7a0a5393e32 tenant_id=- user_id=- method=GET path=/ status=200 duration_ms=1.27
INFO 2026-03-09 12:33:28,807 correlation 8 127151554688704 request_complete correlation_id=a31e5cc8-167b-4b2f-9ab5-bed9055fffd8 tenant_id=- user_id=- method=GET path=/ status=200 duration_ms=1.28
INFO 2026-03-09 12:33:58,845 correlation 7 127151554688704 request_complete correlation_id=da11d952-b709-4262-b582-8e471dfc58de tenant_id=- user_id=- method=GET path=/ status=200 duration_ms=1.4
INFO 2026-03-09 12:34:28,886 correlation 9 127151554688704 request_complete correlation_id=f72f84aa-2c10-43ee-84b0-3cf7e2f1bba6 tenant_id=- user_id=- method=GET path=/ status=200 duration_ms=1.31
INFO 2026-03-09 12:34:58,922 correlation 9 127151554688704 request_complete correlation_id=a7424c77-c17c-416c-b93a-2e4a837cac90 tenant_id=- user_id=- method=GET path=/ status=200 duration_ms=1.49
INFO 2026-03-09 12:35:28,964 correlation 9 127151554688704 request_complete correlation_id=4acba213-dc9b-43e1-ad19-96fdb6a202bf tenant_id=- user_id=- method=GET path=/ status=200 duration_ms=1.33
INFO 2026-03-09 12:35:59,009 correlation 8 127151554688704 request_complete correlation_id=a98e5781-75be-42ed-9d86-1cc9bada1f5e tenant_id=- user_id=- method=GET path=/ status=200 duration_ms=1.28
INFO 2026-03-09 12:36:29,047 correlation 7 127151554688704 request_complete correlation_id=f5f7edd6-7d46-414c-8e98-e4a9b1236238 tenant_id=- user_id=- method=GET path=/ status=200 duration_ms=1.23
INFO 2026-03-09 12:36:59,086 correlation 7 127151554688704 request_complete correlation_id=a92b318d-cbad-4b4d-8014-3d5b9d664083 tenant_id=- user_id=- method=GET path=/ status=200 duration_ms=1.24
INFO 2026-03-09 12:37:29,123 correlation 9 127151554688704 request_complete correlation_id=8cdbc31c-7dd6-4f30-8a08-9e5a14ab89b7 tenant_id=- user_id=- method=GET path=/ status=200 duration_ms=1.33
INFO 2026-03-09 12:37:59,160 correlation 9 127151554688704 request_complete correlation_id=cc13667f-c451-4020-922a-383162bb612d tenant_id=- user_id=- method=GET path=/ status=200 duration_ms=1.26
INFO 2026-03-09 12:38:29,202 correlation 8 127151554688704 request_complete correlation_id=2652084f-a150-4602-9571-51129f65141b tenant_id=- user_id=- method=GET path=/ status=200 duration_ms=1.3
INFO 2026-03-09 12:38:59,241 correlation 7 127151554688704 request_complete correlation_id=d7583cc3-72bf-4c6f-b305-3849ef31db57 tenant_id=- user_id=- method=GET path=/ status=200 duration_ms=1.25
INFO 2026-03-09 12:39:29,279 correlation 7 127151554688704 request_complete correlation_id=5c7004db-4924-46b0-a0f0-8cf5292fae1b tenant_id=- user_id=- method=GET path=/ status=200 duration_ms=1.51
INFO 2026-03-09 12:39:59,315 correlation 9 127151554688704 request_complete correlation_id=959695dc-e74c-49ee-93dd-4ca4fa216a17 tenant_id=- user_id=- method=GET path=/ status=200 duration_ms=1.31
INFO 2026-03-09 12:40:29,352 correlation 7 127151554688704 request_complete correlation_id=f054b058-b251-406a-9975-9ce3abf9fd6b tenant_id=- user_id=- method=GET path=/ status=200 duration_ms=1.21
INFO 2026-03-09 12:40:59,390 correlation 9 127151554688704 request_complete correlation_id=a7666eaa-c72a-43e4-84b2-64344219d397 tenant_id=- user_id=- method=GET path=/ status=200 duration_ms=1.43
INFO 2026-03-09 12:41:29,427 correlation 9 127151554688704 request_complete correlation_id=a6012ead-e15f-4d26-9f94-6ffe4e40bc14 tenant_id=- user_id=- method=GET path=/ status=200 duration_ms=1.3
INFO 2026-03-09 12:41:59,469 correlation 9 127151554688704 request_complete correlation_id=718d5a19-25a4-4eba-a343-96e968a49fb0 tenant_id=- user_id=- method=GET path=/ status=200 duration_ms=1.21
INFO 2026-03-09 12:42:29,504 correlation 7 127151554688704 request_complete correlation_id=40de79bb-02fa-4547-8a17-a69121fcfc3a tenant_id=- user_id=- method=GET path=/ status=200 duration_ms=1.29
INFO 2026-03-09 12:42:59,545 correlation 7 127151554688704 request_complete correlation_id=ef706028-64a5-48c7-8395-3b982e58fe04 tenant_id=- user_id=- method=GET path=/ status=200 duration_ms=1.45
INFO 2026-03-09 12:43:29,589 correlation 9 127151554688704 request_complete correlation_id=77bd4378-e16a-48b9-9520-ab16dfccda61 tenant_id=- user_id=- method=GET path=/ status=200 duration_ms=1.32
INFO 2026-03-09 12:43:59,633 correlation 8 127151554688704 request_complete correlation_id=3f0c13de-0360-42dc-a44f-b92f0b77b990 tenant_id=- user_id=- method=GET path=/ status=200 duration_ms=1.24
INFO 2026-03-09 12:44:29,676 correlation 8 127151554688704 request_complete correlation_id=dd41ef3d-3cc4-4804-b60c-0682a0eca106 tenant_id=- user_id=- method=GET path=/ status=200 duration_ms=1.34
INFO 2026-03-09 12:44:59,713 correlation 8 127151554688704 request_complete correlation_id=1f707929-580b-4c58-82a0-ee3b5094aa36 tenant_id=- user_id=- method=GET path=/ status=200 duration_ms=1.25
INFO 2026-03-09 12:45:29,750 correlation 9 127151554688704 request_complete correlation_id=4c75e6c4-5789-40e0-ab6e-b4865427cee1 tenant_id=- user_id=- method=GET path=/ status=200 duration_ms=1.46
INFO 2026-03-09 12:45:59,792 correlation 7 127151554688704 request_complete correlation_id=53aa6fa6-10e6-401b-8f82-a023e37a4efd tenant_id=- user_id=- method=GET path=/ status=200 duration_ms=1.22
INFO 2026-03-09 12:46:29,831 correlation 7 127151554688704 request_complete correlation_id=c09cb6fa-bd3f-4f3d-9049-6ced42a892c9 tenant_id=- user_id=- method=GET path=/ status=200 duration_ms=1.35
INFO 2026-03-09 12:46:59,872 correlation 7 127151554688704 request_complete correlation_id=a31e616d-3a6b-4805-90ab-0e1071b365ff tenant_id=- user_id=- method=GET path=/ status=200 duration_ms=1.31
INFO 2026-03-09 12:47:29,915 correlation 9 127151554688704 request_complete correlation_id=d35e88b7-4cf5-4c25-bd91-6cbe13a3b948 tenant_id=- user_id=- method=GET path=/ status=200 duration_ms=1.26
INFO 2026-03-09 12:47:59,959 correlation 7 127151554688704 request_complete correlation_id=de9820f6-5b30-480f-a18b-10e892c8adaa tenant_id=- user_id=- method=GET path=/ status=200 duration_ms=1.26
INFO 2026-03-09 12:48:29,997 correlation 7 127151554688704 request_complete correlation_id=5d26588f-d2e5-45aa-a268-882742a4ba6f tenant_id=- user_id=- method=GET path=/ status=200 duration_ms=1.22
INFO 2026-03-09 12:49:00,036 correlation 7 127151554688704 request_complete correlation_id=cb018fea-176a-4afd-aace-389e76b086cf tenant_id=- user_id=- method=GET path=/ status=200 duration_ms=1.23
INFO 2026-03-09 12:49:30,075 correlation 7 127151554688704 request_complete correlation_id=750cd089-b928-470a-9a73-7e60415876f7 tenant_id=- user_id=- method=GET path=/ status=200 duration_ms=1.28
INFO 2026-03-09 12:50:00,115 correlation 9 127151554688704 request_complete correlation_id=c6f15e04-1596-476f-b1f3-d5989e381ed1 tenant_id=- user_id=- method=GET path=/ status=200 duration_ms=1.3
INFO 2026-03-09 12:50:30,160 correlation 8 127151554688704 request_complete correlation_id=2c7a7ae7-4b1a-437d-937c-f9b008ca9ee7 tenant_id=- user_id=- method=GET path=/ status=200 duration_ms=1.31
INFO 2026-03-09 12:51:00,209 correlation 7 127151554688704 request_complete correlation_id=6a7ec014-b14f-45d0-af43-03270e730afa tenant_id=- user_id=- method=GET path=/ status=200 duration_ms=1.19
INFO 2026-03-09 12:51:30,247 correlation 7 127151554688704 request_complete correlation_id=c7c7c052-2df4-4d31-b325-c84d78f5fde7 tenant_id=- user_id=- method=GET path=/ status=200 duration_ms=1.23
INFO 2026-03-09 12:52:00,290 correlation 9 127151554688704 request_complete correlation_id=132b3f34-f3a8-4805-a67d-3ff52efa8bac tenant_id=- user_id=- method=GET path=/ status=200 duration_ms=1.29
INFO 2026-03-09 12:52:30,329 correlation 7 127151554688704 request_complete correlation_id=eb2341b6-bdf7-4ac3-9a66-46b1c1edcd29 tenant_id=- user_id=- method=GET path=/ status=200 duration_ms=1.49
INFO 2026-03-09 12:53:00,364 correlation 7 127151554688704 request_complete correlation_id=aaadb967-f73d-4237-97bb-195c6a40e0ff tenant_id=- user_id=- method=GET path=/ status=200 duration_ms=1.2
INFO 2026-03-09 12:53:30,399 correlation 7 127151554688704 request_complete correlation_id=56d10488-2368-4de1-aa7d-5e7ab8977c18 tenant_id=- user_id=- method=GET path=/ status=200 duration_ms=1.3
INFO 2026-03-09 12:54:00,438 correlation 9 127151554688704 request_complete correlation_id=7c6254c1-cff8-489a-b369-e14b8637baa8 tenant_id=- user_id=- method=GET path=/ status=200 duration_ms=1.34
INFO 2026-03-09 12:54:30,478 correlation 8 127151554688704 request_complete correlation_id=6bcc71e6-8b92-472a-8635-353bfaaa0c93 tenant_id=- user_id=- method=GET path=/ status=200 duration_ms=1.27
INFO 2026-03-09 12:55:00,523 correlation 7 127151554688704 request_complete correlation_id=7810e1b5-6a3a-4372-9839-0a9db69d2752 tenant_id=- user_id=- method=GET path=/ status=200 duration_ms=1.3
INFO 2026-03-09 12:55:30,563 correlation 7 127151554688704 request_complete correlation_id=1a91107b-298f-447c-a936-d34ad9b1b070 tenant_id=- user_id=- method=GET path=/ status=200 duration_ms=1.47
INFO 2026-03-09 12:56:00,600 correlation 9 127151554688704 request_complete correlation_id=7ecb13f2-9ab2-4ed1-9280-c83767cb9151 tenant_id=- user_id=- method=GET path=/ status=200 duration_ms=1.33
INFO 2026-03-09 12:56:30,640 correlation 9 127151554688704 request_complete correlation_id=de028aaa-fe74-4a5a-a3c1-77721547c3f5 tenant_id=- user_id=- method=GET path=/ status=200 duration_ms=1.22
INFO 2026-03-09 12:57:00,682 correlation 8 127151554688704 request_complete correlation_id=5f9b052b-08f8-4e9d-8bd7-ccfb7e76858a tenant_id=- user_id=- method=GET path=/ status=200 duration_ms=1.31
INFO 2026-03-09 12:57:30,719 correlation 8 127151554688704 request_complete correlation_id=2dbc07f1-1ab5-4ff8-8d26-ccd59e9d2ce8 tenant_id=- user_id=- method=GET path=/ status=200 duration_ms=1.26
INFO 2026-03-09 12:58:00,757 correlation 8 127151554688704 request_complete correlation_id=fd198b45-394f-4414-a5cd-78d1d8f1e755 tenant_id=- user_id=- method=GET path=/ status=200 duration_ms=1.22
INFO 2026-03-09 12:58:30,796 correlation 9 127151554688704 request_complete correlation_id=d74659ee-444c-4bba-bb23-1654b70751a1 tenant_id=- user_id=- method=GET path=/ status=200 duration_ms=1.29
INFO 2026-03-09 12:59:00,839 correlation 8 127151554688704 request_complete correlation_id=295e54bc-dcb6-4ea6-a778-39ecd7fac3ba tenant_id=- user_id=- method=GET path=/ status=200 duration_ms=1.24
INFO 2026-03-09 12:59:30,881 correlation 9 127151554688704 request_complete correlation_id=4fb0a126-bd8a-442f-b7bb-f8af5e241d94 tenant_id=- user_id=- method=GET path=/ status=200 duration_ms=1.28
INFO 2026-03-09 13:00:00,918 correlation 9 127151554688704 request_complete correlation_id=dc537ca4-04e3-4647-b8d1-3863170ce5ef tenant_id=- user_id=- method=GET path=/ status=200 duration_ms=1.44
INFO 2026-03-09 13:00:30,962 correlation 9 127151554688704 request_complete correlation_id=b0d41781-7df5-4c24-a5d4-a21661857f0c tenant_id=- user_id=- method=GET path=/ status=200 duration_ms=1.26
INFO 2026-03-09 13:01:01,001 correlation 9 127151554688704 request_complete correlation_id=80c2b2f3-7517-4b7e-a1c1-7fffd69dd22b tenant_id=- user_id=- method=GET path=/ status=200 duration_ms=1.25
INFO 2026-03-09 13:01:31,037 correlation 7 127151554688704 request_complete correlation_id=236c9c59-5964-4d9d-973c-19d4fa8ef0cc tenant_id=- user_id=- method=GET path=/ status=200 duration_ms=1.26
INFO 2026-03-09 13:02:01,072 correlation 7 127151554688704 request_complete correlation_id=322e40fc-2041-44c7-87e8-8cb1922d90d5 tenant_id=- user_id=- method=GET path=/ status=200 duration_ms=1.28
INFO 2026-03-09 13:02:31,111 correlation 8 127151554688704 request_complete correlation_id=4a9b78b4-d456-4642-94b5-02a765445cfd tenant_id=- user_id=- method=GET path=/ status=200 duration_ms=1.66
INFO 2026-03-09 13:03:01,150 correlation 9 127151554688704 request_complete correlation_id=cc64dfbc-f4d7-4364-9902-1508b9894b94 tenant_id=- user_id=- method=GET path=/ status=200 duration_ms=1.24
INFO 2026-03-09 13:03:31,184 correlation 7 127151554688704 request_complete correlation_id=f8d0092e-ad06-4e86-b2d4-e21297162802 tenant_id=- user_id=- method=GET path=/ status=200 duration_ms=1.33
INFO 2026-03-09 13:04:01,220 correlation 7 127151554688704 request_complete correlation_id=c92eed2d-f94e-42c6-8f4a-1a3b6d76a5e0 tenant_id=- user_id=- method=GET path=/ status=200 duration_ms=1.23
INFO 2026-03-09 13:04:31,259 correlation 9 127151554688704 request_complete correlation_id=339feaf4-89c7-48e3-84c9-2f0c8be93f2f tenant_id=- user_id=- method=GET path=/ status=200 duration_ms=1.5
INFO 2026-03-09 13:05:01,296 correlation 9 127151554688704 request_complete correlation_id=159ee321-ac42-4773-9c53-45a3c6bc0f88 tenant_id=- user_id=- method=GET path=/ status=200 duration_ms=1.26
INFO 2026-03-09 13:05:31,335 correlation 8 127151554688704 request_complete correlation_id=ed1e619b-f29e-47b2-b0d6-8e95a4c1a886 tenant_id=- user_id=- method=GET path=/ status=200 duration_ms=1.3
INFO 2026-03-09 13:06:01,375 correlation 9 127151554688704 request_complete correlation_id=91020e9d-f289-4a38-af78-0f5847334d84 tenant_id=- user_id=- method=GET path=/ status=200 duration_ms=1.4
INFO 2026-03-09 13:06:31,417 correlation 7 127151554688704 request_complete correlation_id=57572be0-9d9f-46f1-9178-fb6053f3cc45 tenant_id=- user_id=- method=GET path=/ status=200 duration_ms=1.53
INFO 2026-03-09 13:07:01,455 correlation 9 127151554688704 request_complete correlation_id=8cc2b965-fdda-46dd-bc40-39fcd694868c tenant_id=- user_id=- method=GET path=/ status=200 duration_ms=1.35
INFO 2026-03-09 13:07:31,495 correlation 9 127151554688704 request_complete correlation_id=8717dbc9-66de-462c-af16-509d242ddfa5 tenant_id=- user_id=- method=GET path=/ status=200 duration_ms=1.21
INFO 2026-03-09 13:08:01,537 correlation 9 127151554688704 request_complete correlation_id=7c6cfc63-5e52-4d66-8382-1ad833111f6b tenant_id=- user_id=- method=GET path=/ status=200 duration_ms=1.47
INFO 2026-03-09 13:08:31,574 correlation 9 127151554688704 request_complete correlation_id=23e4c471-2ebb-4c66-81f2-bb46c5ba41e3 tenant_id=- user_id=- method=GET path=/ status=200 duration_ms=1.25
INFO 2026-03-09 13:09:01,610 correlation 9 127151554688704 request_complete correlation_id=a9e4e665-aa78-414c-827b-7d30e797e761 tenant_id=- user_id=- method=GET path=/ status=200 duration_ms=1.29
INFO 2026-03-09 13:09:31,651 correlation 9 127151554688704 request_complete correlation_id=9d880938-21e7-4f59-a16b-5f1206e5575a tenant_id=- user_id=- method=GET path=/ status=200 duration_ms=1.24
INFO 2026-03-09 13:10:01,685 correlation 9 127151554688704 request_complete correlation_id=0d75ec46-786b-41e4-91cb-0b097cb0699e tenant_id=- user_id=- method=GET path=/ status=200 duration_ms=1.64
INFO 2026-03-09 13:10:31,729 correlation 7 127151554688704 request_complete correlation_id=619b473f-ee8c-4416-9b69-56dfa5650412 tenant_id=- user_id=- method=GET path=/ status=200 duration_ms=1.25
INFO 2026-03-09 13:11:01,765 correlation 8 127151554688704 request_complete correlation_id=b5ac9cd3-1eb6-4069-b864-317cbfa9fcd1 tenant_id=- user_id=- method=GET path=/ status=200 duration_ms=1.22
INFO 2026-03-09 13:11:31,807 correlation 9 127151554688704 request_complete correlation_id=0921a92c-6917-4ea2-89bd-98031cd8dfc6 tenant_id=- user_id=- method=GET path=/ status=200 duration_ms=1.29
INFO 2026-03-09 13:12:01,844 correlation 8 127151554688704 request_complete correlation_id=1c4361b9-90a8-46a1-a2b6-14a5aa7b1620 tenant_id=- user_id=- method=GET path=/ status=200 duration_ms=1.39
INFO 2026-03-09 13:12:31,880 correlation 9 127151554688704 request_complete correlation_id=5f60d236-78ff-4c68-b540-50a56ff3f8c4 tenant_id=- user_id=- method=GET path=/ status=200 duration_ms=1.24
INFO 2026-03-09 13:13:01,917 correlation 9 127151554688704 request_complete correlation_id=fc2f0cd0-44f2-4e0b-92e1-70ead12897ff tenant_id=- user_id=- method=GET path=/ status=200 duration_ms=1.58
INFO 2026-03-09 13:13:31,962 correlation 9 127151554688704 request_complete correlation_id=93138a0b-2474-44d7-9fcc-4e3c5affeb93 tenant_id=- user_id=- method=GET path=/ status=200 duration_ms=1.33
INFO 2026-03-09 13:14:01,999 correlation 8 127151554688704 request_complete correlation_id=2e404445-1177-4d1d-b6f5-ebf40eeb0741 tenant_id=- user_id=- method=GET path=/ status=200 duration_ms=1.46
INFO 2026-03-09 13:14:32,038 correlation 7 127151554688704 request_complete correlation_id=03cbb421-48a3-4562-8567-0f60c8f414d8 tenant_id=- user_id=- method=GET path=/ status=200 duration_ms=1.74
INFO 2026-03-09 13:15:02,077 correlation 9 127151554688704 request_complete correlation_id=a0da1f0b-ce5e-455d-b3b9-20b70e65eff4 tenant_id=- user_id=- method=GET path=/ status=200 duration_ms=1.28
INFO 2026-03-09 13:15:32,114 correlation 8 127151554688704 request_complete correlation_id=f2394bfc-dd67-48c5-9a55-49b548713a82 tenant_id=- user_id=- method=GET path=/ status=200 duration_ms=1.34
INFO 2026-03-09 13:16:02,150 correlation 8 127151554688704 request_complete correlation_id=d529f477-f619-46a4-901d-882fc7cf1c81 tenant_id=- user_id=- method=GET path=/ status=200 duration_ms=1.34
INFO 2026-03-09 13:16:32,186 correlation 7 127151554688704 request_complete correlation_id=085aae60-50e3-41ab-8a55-d448012743bb tenant_id=- user_id=- method=GET path=/ status=200 duration_ms=1.28
INFO 2026-03-09 13:17:02,222 correlation 7 127151554688704 request_complete correlation_id=fe4fac48-34fe-4bbc-8b4e-40c08adfdc79 tenant_id=- user_id=- method=GET path=/ status=200 duration_ms=1.53
INFO 2026-03-09 13:17:32,258 correlation 7 127151554688704 request_complete correlation_id=cc75cc72-3445-4cea-a310-bb233e70e7ce tenant_id=- user_id=- method=GET path=/ status=200 duration_ms=1.26
INFO 2026-03-09 13:18:02,300 correlation 9 127151554688704 request_complete correlation_id=e5bf30cb-4f4c-495b-b881-b8f92c448272 tenant_id=- user_id=- method=GET path=/ status=200 duration_ms=1.36
INFO 2026-03-09 13:18:32,338 correlation 8 127151554688704 request_complete correlation_id=f8ec3e75-6e32-44e9-b099-7949e7bff767 tenant_id=- user_id=- method=GET path=/ status=200 duration_ms=1.25
INFO 2026-03-09 13:19:02,377 correlation 7 127151554688704 request_complete correlation_id=9a47d6fc-2f05-489e-9e09-bdfbc8a147d2 tenant_id=- user_id=- method=GET path=/ status=200 duration_ms=1.3
INFO 2026-03-09 13:19:32,420 correlation 8 127151554688704 request_complete correlation_id=645da156-0128-4be2-9e84-a2c6a086caec tenant_id=- user_id=- method=GET path=/ status=200 duration_ms=1.62
INFO 2026-03-09 13:20:02,461 correlation 9 127151554688704 request_complete correlation_id=b9b22a5d-9932-4a94-af0d-d770b18c51a7 tenant_id=- user_id=- method=GET path=/ status=200 duration_ms=1.23
INFO 2026-03-09 13:20:32,498 correlation 9 127151554688704 request_complete correlation_id=e16b8f0f-a711-43d7-844f-65a67e5db06c tenant_id=- user_id=- method=GET path=/ status=200 duration_ms=1.25
INFO 2026-03-09 13:21:02,537 correlation 7 127151554688704 request_complete correlation_id=d9826b14-ea13-417b-a3d3-a2db879dba4a tenant_id=- user_id=- method=GET path=/ status=200 duration_ms=1.26
INFO 2026-03-09 13:21:32,580 correlation 7 127151554688704 request_complete correlation_id=f1fd1444-c819-49c2-8c51-86656a0939db tenant_id=- user_id=- method=GET path=/ status=200 duration_ms=1.25
INFO 2026-03-09 13:22:02,626 correlation 9 127151554688704 request_complete correlation_id=86630e72-5b6b-4471-bd55-9364ff90f1d8 tenant_id=- user_id=- method=GET path=/ status=200 duration_ms=1.21
INFO 2026-03-09 13:22:32,667 correlation 9 127151554688704 request_complete correlation_id=eafa7da9-dd02-4950-9293-03ea4b9580c5 tenant_id=- user_id=- method=GET path=/ status=200 duration_ms=1.27
INFO 2026-03-09 13:23:02,702 correlation 7 127151554688704 request_complete correlation_id=3b5c4804-df13-48d2-b840-51804111de86 tenant_id=- user_id=- method=GET path=/ status=200 duration_ms=1.5
INFO 2026-03-09 13:23:32,748 correlation 9 127151554688704 request_complete correlation_id=fd488b4b-6591-47b3-b0f5-4d0de6c4c588 tenant_id=- user_id=- method=GET path=/ status=200 duration_ms=1.33
INFO 2026-03-09 13:24:02,788 correlation 9 127151554688704 request_complete correlation_id=8b8a07a1-c789-45bb-8edf-5f5aa5899cd2 tenant_id=- user_id=- method=GET path=/ status=200 duration_ms=1.27
INFO 2026-03-09 13:24:32,829 correlation 7 127151554688704 request_complete correlation_id=f8598608-3285-4320-988c-8c4538aaa0b8 tenant_id=- user_id=- method=GET path=/ status=200 duration_ms=1.29
INFO 2026-03-09 13:25:02,869 correlation 8 127151554688704 request_complete correlation_id=37a1fd91-0a79-486b-98b3-93b6a3d608b5 tenant_id=- user_id=- method=GET path=/ status=200 duration_ms=1.68
INFO 2026-03-09 13:25:32,907 correlation 8 127151554688704 request_complete correlation_id=b8e5b6aa-440e-4566-a361-8dee2670f1a8 tenant_id=- user_id=- method=GET path=/ status=200 duration_ms=1.21
INFO 2026-03-09 13:26:02,943 correlation 7 127151554688704 request_complete correlation_id=080b32e9-4c69-4295-a2ee-bf62b1d9dc52 tenant_id=- user_id=- method=GET path=/ status=200 duration_ms=1.72
INFO 2026-03-09 13:26:32,981 correlation 9 127151554688704 request_complete correlation_id=2b69f552-7256-477c-9986-35bbff6a2703 tenant_id=- user_id=- method=GET path=/ status=200 duration_ms=1.49
INFO 2026-03-09 13:27:03,020 correlation 9 127151554688704 request_complete correlation_id=63230c1b-31df-4e3d-97d9-0c16bb7d6afd tenant_id=- user_id=- method=GET path=/ status=200 duration_ms=1.32
INFO 2026-03-09 13:27:33,057 correlation 8 127151554688704 request_complete correlation_id=abca7f70-b8a7-464a-bc34-13f89fa65ed5 tenant_id=- user_id=- method=GET path=/ status=200 duration_ms=1.39
INFO 2026-03-09 13:28:03,102 correlation 7 127151554688704 request_complete correlation_id=58bedd17-98ba-4ddc-a537-0806e35c40b2 tenant_id=- user_id=- method=GET path=/ status=200 duration_ms=1.27
INFO 2026-03-09 13:28:33,138 correlation 9 127151554688704 request_complete correlation_id=50cbb0f8-2d90-4c2d-aeae-208fd573c4f2 tenant_id=- user_id=- method=GET path=/ status=200 duration_ms=1.31
INFO 2026-03-09 13:29:03,175 correlation 7 127151554688704 request_complete correlation_id=1bd4a6b7-14bc-426b-8581-bdf36f96e746 tenant_id=- user_id=- method=GET path=/ status=200 duration_ms=1.5
INFO 2026-03-09 13:29:33,211 correlation 9 127151554688704 request_complete correlation_id=3f83a401-039c-4f6f-9c3f-4fad3bbf1d27 tenant_id=- user_id=- method=GET path=/ status=200 duration_ms=1.27
INFO 2026-03-09 13:30:03,247 correlation 8 127151554688704 request_complete correlation_id=78b279a7-2b75-4e7a-8aaf-506ece1e1156 tenant_id=- user_id=- method=GET path=/ status=200 duration_ms=1.24
INFO 2026-03-09 13:30:33,284 correlation 7 127151554688704 request_complete correlation_id=5b0ab615-0a6f-428f-bce7-fd7bdbabf977 tenant_id=- user_id=- method=GET path=/ status=200 duration_ms=1.27
INFO 2026-03-09 13:31:03,321 correlation 7 127151554688704 request_complete correlation_id=e297923d-d7b4-4c09-8d19-7ac8c67dd524 tenant_id=- user_id=- method=GET path=/ status=200 duration_ms=1.39
INFO 2026-03-09 13:31:33,360 correlation 9 127151554688704 request_complete correlation_id=e5f2494d-938a-4057-9b23-b76173a55f26 tenant_id=- user_id=- method=GET path=/ status=200 duration_ms=1.56
INFO 2026-03-09 13:32:03,400 correlation 7 127151554688704 request_complete correlation_id=d673799f-1ad5-431d-976f-2d37bdfb4bf7 tenant_id=- user_id=- method=GET path=/ status=200 duration_ms=1.55
INFO 2026-03-09 13:32:33,434 correlation 9 127151554688704 request_complete correlation_id=7669fa02-a638-4098-a216-c970afc0522c tenant_id=- user_id=- method=GET path=/ status=200 duration_ms=1.28
INFO 2026-03-09 13:33:03,476 correlation 7 127151554688704 request_complete correlation_id=a34e026a-3b76-43fd-aa11-0e54f9e150b8 tenant_id=- user_id=- method=GET path=/ status=200 duration_ms=1.24
INFO 2026-03-09 13:33:33,515 correlation 9 127151554688704 request_complete correlation_id=56be5f74-8bdf-425d-92d6-7710a2e5d780 tenant_id=- user_id=- method=GET path=/ status=200 duration_ms=1.32
INFO 2026-03-09 13:34:03,554 correlation 7 127151554688704 request_complete correlation_id=5c7b6b20-c9a1-4037-b0f1-18cd9cac35e4 tenant_id=- user_id=- method=GET path=/ status=200 duration_ms=1.22
INFO 2026-03-09 13:34:33,590 correlation 9 127151554688704 request_complete correlation_id=42b36adf-4334-45ef-9290-6ecfeb76ebdc tenant_id=- user_id=- method=GET path=/ status=200 duration_ms=1.33
INFO 2026-03-09 13:35:03,629 correlation 8 127151554688704 request_complete correlation_id=aabcfcb0-6641-4a32-9618-336e5a260eaa tenant_id=- user_id=- method=GET path=/ status=200 duration_ms=1.51
INFO 2026-03-09 13:35:33,665 correlation 9 127151554688704 request_complete correlation_id=e6c7aafd-d886-44d0-a403-699481c6102a tenant_id=- user_id=- method=GET path=/ status=200 duration_ms=1.29
INFO 2026-03-09 13:36:03,704 correlation 8 127151554688704 request_complete correlation_id=16383f99-8827-4ef9-b594-1e3e5dfb3e65 tenant_id=- user_id=- method=GET path=/ status=200 duration_ms=1.32
INFO 2026-03-09 13:36:33,743 correlation 9 127151554688704 request_complete correlation_id=dddee6b0-dce8-4abd-b635-110b157253f2 tenant_id=- user_id=- method=GET path=/ status=200 duration_ms=1.45
INFO 2026-03-09 13:37:03,785 correlation 7 127151554688704 request_complete correlation_id=36b8618e-6b6a-4dd0-a8ff-5c8f52387b29 tenant_id=- user_id=- method=GET path=/ status=200 duration_ms=1.27
INFO 2026-03-09 13:37:33,824 correlation 7 127151554688704 request_complete correlation_id=28956e7e-b021-47da-b87d-3d23e184183f tenant_id=- user_id=- method=GET path=/ status=200 duration_ms=1.28
INFO 2026-03-09 13:38:03,864 correlation 7 127151554688704 request_complete correlation_id=300c9e60-5a63-45bf-aa32-e2f06c53fbd6 tenant_id=- user_id=- method=GET path=/ status=200 duration_ms=1.27
INFO 2026-03-09 13:38:33,901 correlation 7 127151554688704 request_complete correlation_id=549e1d7d-b799-4e68-b698-a0e4e3421e8a tenant_id=- user_id=- method=GET path=/ status=200 duration_ms=1.49
INFO 2026-03-09 13:39:03,939 correlation 8 127151554688704 request_complete correlation_id=0ad92f95-f626-45dd-aeb0-fb2369a3e46b tenant_id=- user_id=- method=GET path=/ status=200 duration_ms=1.35
INFO 2026-03-09 13:39:33,978 correlation 9 127151554688704 request_complete correlation_id=cfbc3f4b-3d78-42d5-acde-237d634189e2 tenant_id=- user_id=- method=GET path=/ status=200 duration_ms=1.28
INFO 2026-03-09 13:40:04,017 correlation 9 127151554688704 request_complete correlation_id=5884f38a-a6af-42eb-8225-e362625fb82d tenant_id=- user_id=- method=GET path=/ status=200 duration_ms=1.26
INFO 2026-03-09 13:40:34,060 correlation 8 127151554688704 request_complete correlation_id=6d673a49-e8b6-4ba9-9ee1-0162c16bd563 tenant_id=- user_id=- method=GET path=/ status=200 duration_ms=1.41
INFO 2026-03-09 13:41:04,101 correlation 9 127151554688704 request_complete correlation_id=a3d27dd3-902d-4b5c-9ae5-fccc6d414067 tenant_id=- user_id=- method=GET path=/ status=200 duration_ms=1.59
INFO 2026-03-09 13:41:34,145 correlation 7 127151554688704 request_complete correlation_id=a39e1b76-9085-48e0-8a98-c01c210a7426 tenant_id=- user_id=- method=GET path=/ status=200 duration_ms=1.27
INFO 2026-03-09 13:42:04,183 correlation 9 127151554688704 request_complete correlation_id=e599a5e0-162c-44bc-a8ff-ddc12c0cb349 tenant_id=- user_id=- method=GET path=/ status=200 duration_ms=1.49
INFO 2026-03-09 13:42:34,226 correlation 7 127151554688704 request_complete correlation_id=261fc5af-808f-4c91-a9bb-d09ef752a763 tenant_id=- user_id=- method=GET path=/ status=200 duration_ms=1.29
INFO 2026-03-09 13:43:04,268 correlation 7 127151554688704 request_complete correlation_id=f836906a-c679-4d55-952b-95ad46ae0208 tenant_id=- user_id=- method=GET path=/ status=200 duration_ms=1.43
INFO 2026-03-09 13:43:34,307 correlation 9 127151554688704 request_complete correlation_id=5dc5db3b-aac1-4763-b3d1-ff1a980e7f53 tenant_id=- user_id=- method=GET path=/ status=200 duration_ms=1.25
INFO 2026-03-09 13:44:04,345 correlation 7 127151554688704 request_complete correlation_id=9a1b9e91-5070-457c-9bd7-9f51c38c54f6 tenant_id=- user_id=- method=GET path=/ status=200 duration_ms=1.42
INFO 2026-03-09 13:44:34,383 correlation 7 127151554688704 request_complete correlation_id=a6a3fe83-2862-4674-b34f-bce9b4f2ba93 tenant_id=- user_id=- method=GET path=/ status=200 duration_ms=1.35
INFO 2026-03-09 13:45:04,424 correlation 9 127151554688704 request_complete correlation_id=addbb901-56ba-4891-9a2d-ed04f27d421c tenant_id=- user_id=- method=GET path=/ status=200 duration_ms=1.26
INFO 2026-03-09 13:46:12,804 correlation 8 127151554688704 request_complete correlation_id=4d85c5d9-e063-4ab5-895b-1f0022024d48 tenant_id=- user_id=- method=GET path=/ status=200 duration_ms=1.91
INFO 2026-03-09 13:46:42,844 correlation 8 127151554688704 request_complete correlation_id=628b1ed4-05ac-45f9-92ff-7877fd7cda23 tenant_id=- user_id=- method=GET path=/ status=200 duration_ms=1.69
INFO 2026-03-09 13:47:12,890 correlation 7 127151554688704 request_complete correlation_id=91f215e9-f99c-438f-9d39-a13f914157e7 tenant_id=- user_id=- method=GET path=/ status=200 duration_ms=1.58
INFO 2026-03-09 13:47:42,933 correlation 8 127151554688704 request_complete correlation_id=80139e31-ef53-4533-8904-6098fcdc16df tenant_id=- user_id=- method=GET path=/ status=200 duration_ms=1.44
INFO 2026-03-09 13:48:12,977 correlation 9 127151554688704 request_complete correlation_id=434b2f00-de97-488a-8cda-dd205fded742 tenant_id=- user_id=- method=GET path=/ status=200 duration_ms=1.52
INFO 2026-03-09 13:48:43,029 correlation 8 127151554688704 request_complete correlation_id=198ab0af-b5a9-4bbd-bcd4-82f19d07dc3c tenant_id=- user_id=- method=GET path=/ status=200 duration_ms=1.53
INFO 2026-03-09 13:49:13,074 correlation 8 127151554688704 request_complete correlation_id=c0856db8-7e8d-495e-86b8-3337b92ae94e tenant_id=- user_id=- method=GET path=/ status=200 duration_ms=2.25
INFO 2026-03-09 13:49:43,121 correlation 7 127151554688704 request_complete correlation_id=211b33bd-eb4a-4161-bfd0-bb9a0956c1b2 tenant_id=- user_id=- method=GET path=/ status=200 duration_ms=1.56
INFO 2026-03-09 13:50:13,170 correlation 9 127151554688704 request_complete correlation_id=e319d36a-efbb-4266-950b-7be29758ea72 tenant_id=- user_id=- method=GET path=/ status=200 duration_ms=1.57
INFO 2026-03-09 13:50:43,218 correlation 8 127151554688704 request_complete correlation_id=e6ba1dc6-0eed-46d9-9a3a-764adb7f118e tenant_id=- user_id=- method=GET path=/ status=200 duration_ms=1.84
INFO 2026-03-09 13:51:13,260 correlation 8 127151554688704 request_complete correlation_id=91af837f-d982-420c-a144-a5bbf949ce62 tenant_id=- user_id=- method=GET path=/ status=200 duration_ms=1.61
INFO 2026-03-09 13:51:43,310 correlation 9 127151554688704 request_complete correlation_id=65dfcf80-040d-4089-b6a1-11ac4fd2eb78 tenant_id=- user_id=- method=GET path=/ status=200 duration_ms=1.77
INFO 2026-03-09 13:52:13,358 correlation 7 127151554688704 request_complete correlation_id=a8ffc985-892c-4237-a378-c8b01a01f7d7 tenant_id=- user_id=- method=GET path=/ status=200 duration_ms=1.53
INFO 2026-03-09 13:52:43,398 correlation 7 127151554688704 request_complete correlation_id=38a6c470-1804-477d-aa2d-b50065013ffc tenant_id=- user_id=- method=GET path=/ status=200 duration_ms=1.82
INFO 2026-03-09 13:53:13,447 correlation 7 127151554688704 request_complete correlation_id=ec3d4e6a-a80e-4c80-ab81-2caada7a53f2 tenant_id=- user_id=- method=GET path=/ status=200 duration_ms=1.5
INFO 2026-03-09 13:53:43,500 correlation 8 127151554688704 request_complete correlation_id=d912d422-e72e-4ebf-ac13-979291d1caf3 tenant_id=- user_id=- method=GET path=/ status=200 duration_ms=1.49
INFO 2026-03-09 13:54:13,542 correlation 7 127151554688704 request_complete correlation_id=7458ba6a-6c4b-40a5-b656-ccf459505992 tenant_id=- user_id=- method=GET path=/ status=200 duration_ms=1.62
INFO 2026-03-09 13:54:43,583 correlation 9 127151554688704 request_complete correlation_id=a3059fa6-4536-496c-84c1-a662b3e5dd37 tenant_id=- user_id=- method=GET path=/ status=200 duration_ms=1.76
INFO 2026-03-09 13:55:13,621 correlation 8 127151554688704 request_complete correlation_id=9f7ee4f8-a783-48e3-b04b-9deb8a905baf tenant_id=- user_id=- method=GET path=/ status=200 duration_ms=1.62
INFO 2026-03-09 13:55:43,665 correlation 8 127151554688704 request_complete correlation_id=3890d912-c6b5-4f4e-9702-f13087220089 tenant_id=- user_id=- method=GET path=/ status=200 duration_ms=1.74
INFO 2026-03-09 13:56:13,709 correlation 8 127151554688704 request_complete correlation_id=c44f357e-4765-4a2b-98fe-0deff5eacf71 tenant_id=- user_id=- method=GET path=/ status=200 duration_ms=2.12
INFO 2026-03-09 13:56:43,760 correlation 8 127151554688704 request_complete correlation_id=2ada624e-d85d-4d0f-af83-6617835417b2 tenant_id=- user_id=- method=GET path=/ status=200 duration_ms=1.71
INFO 2026-03-09 13:57:13,801 correlation 9 127151554688704 request_complete correlation_id=ffb66228-7757-4f6d-ac8d-3a821a037943 tenant_id=- user_id=- method=GET path=/ status=200 duration_ms=1.63
INFO 2026-03-09 13:57:43,843 correlation 9 127151554688704 request_complete correlation_id=cf7c44f2-8dd1-42f1-9c5a-d43f86392568 tenant_id=- user_id=- method=GET path=/ status=200 duration_ms=1.74
INFO 2026-03-09 13:58:13,879 correlation 8 127151554688704 request_complete correlation_id=a286420f-f8bb-4e62-bc4f-63ccfe0b2c8b tenant_id=- user_id=- method=GET path=/ status=200 duration_ms=1.78
INFO 2026-03-09 13:58:43,916 correlation 9 127151554688704 request_complete correlation_id=64213619-c6cc-440a-8a8a-3844ebee09aa tenant_id=- user_id=- method=GET path=/ status=200 duration_ms=1.9
INFO 2026-03-09 13:59:13,954 correlation 9 127151554688704 request_complete correlation_id=156fc5ef-da71-459c-9c36-dfd1d3daf57f tenant_id=- user_id=- method=GET path=/ status=200 duration_ms=1.86
INFO 2026-03-09 13:59:43,995 correlation 8 127151554688704 request_complete correlation_id=0f0c7bab-499d-43ec-ac78-e44f69c6124e tenant_id=- user_id=- method=GET path=/ status=200 duration_ms=1.71
INFO 2026-03-09 14:00:14,037 correlation 8 127151554688704 request_complete correlation_id=aed90053-3e81-4683-9e33-69bbae994164 tenant_id=- user_id=- method=GET path=/ status=200 duration_ms=2.03
INFO 2026-03-09 14:00:44,079 correlation 8 127151554688704 request_complete correlation_id=ca829846-f845-4be1-a26d-f4d370f0f49d tenant_id=- user_id=- method=GET path=/ status=200 duration_ms=1.74
INFO 2026-03-09 14:01:14,119 correlation 7 127151554688704 request_complete correlation_id=e1f1e85c-d5d1-4981-b2c7-824190433263 tenant_id=- user_id=- method=GET path=/ status=200 duration_ms=1.81
INFO 2026-03-09 14:01:44,156 correlation 9 127151554688704 request_complete correlation_id=880040be-8331-4c4e-af04-839aec5440e6 tenant_id=- user_id=- method=GET path=/ status=200 duration_ms=2.52
INFO 2026-03-09 14:02:14,193 correlation 8 127151554688704 request_complete correlation_id=6f5c86c8-a6e6-4451-b200-7d3f516a381b tenant_id=- user_id=- method=GET path=/ status=200 duration_ms=1.5
INFO 2026-03-09 14:02:44,243 correlation 8 127151554688704 request_complete correlation_id=29b7ab2b-5e04-4ba7-914e-0e46e0ff8daa tenant_id=- user_id=- method=GET path=/ status=200 duration_ms=1.68
INFO 2026-03-09 14:03:14,288 correlation 7 127151554688704 request_complete correlation_id=0b095272-9abb-4611-83dd-87f48a0ed2b3 tenant_id=- user_id=- method=GET path=/ status=200 duration_ms=2.03
INFO 2026-03-09 14:03:44,323 correlation 7 127151554688704 request_complete correlation_id=a91b150a-e7a5-4f97-abcf-7d16f16e8ad9 tenant_id=- user_id=- method=GET path=/ status=200 duration_ms=1.55
INFO 2026-03-09 14:04:14,376 correlation 9 127151554688704 request_complete correlation_id=5b7eb3eb-2b01-479d-b4f6-c0236212531e tenant_id=- user_id=- method=GET path=/ status=200 duration_ms=2.44
INFO 2026-03-09 14:04:44,412 correlation 8 127151554688704 request_complete correlation_id=0b289064-400a-4602-9565-e5e35b587349 tenant_id=- user_id=- method=GET path=/ status=200 duration_ms=1.56
INFO 2026-03-09 14:05:14,453 correlation 9 127151554688704 request_complete correlation_id=52627c64-da60-4f98-a52c-5996d5ca47e0 tenant_id=- user_id=- method=GET path=/ status=200 duration_ms=1.63
INFO 2026-03-09 14:05:44,490 correlation 9 127151554688704 request_complete correlation_id=ceede834-5a8a-4a2b-ae8e-a16b5d0b3bf2 tenant_id=- user_id=- method=GET path=/ status=200 duration_ms=1.7
INFO 2026-03-09 14:06:14,528 correlation 8 127151554688704 request_complete correlation_id=8347385e-19c0-4e29-bb99-9264b078b685 tenant_id=- user_id=- method=GET path=/ status=200 duration_ms=2.13
INFO 2026-03-09 14:06:44,564 correlation 8 127151554688704 request_complete correlation_id=417bfefb-669e-41cb-8d32-36a667ae2ff4 tenant_id=- user_id=- method=GET path=/ status=200 duration_ms=2.51
INFO 2026-03-09 14:07:14,604 correlation 9 127151554688704 request_complete correlation_id=dfc6b9b0-a184-40f7-85c1-61705e51c0c9 tenant_id=- user_id=- method=GET path=/ status=200 duration_ms=1.54
INFO 2026-03-09 14:07:44,650 correlation 9 127151554688704 request_complete correlation_id=3194f716-8fd2-4aa3-890f-834ffaee4a78 tenant_id=- user_id=- method=GET path=/ status=200 duration_ms=1.53
INFO 2026-03-09 14:08:14,690 correlation 8 127151554688704 request_complete correlation_id=907e5a3e-0a8e-43d7-9fe7-ebee2c76c351 tenant_id=- user_id=- method=GET path=/ status=200 duration_ms=1.71
INFO 2026-03-09 14:08:44,732 correlation 7 127151554688704 request_complete correlation_id=95db20e5-da6b-4e4b-a680-268214104deb tenant_id=- user_id=- method=GET path=/ status=200 duration_ms=1.67
INFO 2026-03-09 14:09:14,775 correlation 8 127151554688704 request_complete correlation_id=86d0224a-9450-435e-9c86-c7b8ead6ae34 tenant_id=- user_id=- method=GET path=/ status=200 duration_ms=1.4
INFO 2026-03-09 14:09:44,814 correlation 9 127151554688704 request_complete correlation_id=36ed27f0-f8a6-4d97-ab4e-9f5871e428d4 tenant_id=- user_id=- method=GET path=/ status=200 duration_ms=1.45
INFO 2026-03-09 14:10:14,850 correlation 9 127151554688704 request_complete correlation_id=7df524ab-5171-4923-9a01-a98e8d33fad6 tenant_id=- user_id=- method=GET path=/ status=200 duration_ms=1.75
INFO 2026-03-09 14:10:44,885 correlation 8 127151554688704 request_complete correlation_id=33eaf5ed-321a-42e1-93b9-b72fb31a93e9 tenant_id=- user_id=- method=GET path=/ status=200 duration_ms=1.72
INFO 2026-03-09 14:11:14,920 correlation 7 127151554688704 request_complete correlation_id=d91f1846-4aad-4238-8a45-109e5421b491 tenant_id=- user_id=- method=GET path=/ status=200 duration_ms=1.47
INFO 2026-03-09 14:11:44,957 correlation 9 127151554688704 request_complete correlation_id=e1fb708b-ee9b-4016-a6bf-e723870805d2 tenant_id=- user_id=- method=GET path=/ status=200 duration_ms=1.52
INFO 2026-03-09 14:12:14,992 correlation 8 127151554688704 request_complete correlation_id=4aa5d340-cc0c-465a-98dd-8f780186b6d6 tenant_id=- user_id=- method=GET path=/ status=200 duration_ms=1.44
INFO 2026-03-09 14:12:45,030 correlation 9 127151554688704 request_complete correlation_id=58a2ce5d-3a19-451a-8cf9-7b882f2a209a tenant_id=- user_id=- method=GET path=/ status=200 duration_ms=1.43
INFO 2026-03-09 14:13:15,070 correlation 7 127151554688704 request_complete correlation_id=37677d6d-1bf9-42b0-abe7-f7d11a97796b tenant_id=- user_id=- method=GET path=/ status=200 duration_ms=1.51
INFO 2026-03-09 14:13:45,110 correlation 9 127151554688704 request_complete correlation_id=95653a40-90de-4850-901f-e424f9cb84e8 tenant_id=- user_id=- method=GET path=/ status=200 duration_ms=1.51
INFO 2026-03-09 14:14:15,147 correlation 9 127151554688704 request_complete correlation_id=8db6acdd-54b3-44fd-9cc8-8eee552966f2 tenant_id=- user_id=- method=GET path=/ status=200 duration_ms=1.64
INFO 2026-03-09 14:14:45,204 correlation 9 127151554688704 request_complete correlation_id=167731bb-c4e2-4bec-bd96-2e40c53f26c0 tenant_id=- user_id=- method=GET path=/ status=200 duration_ms=2.07
INFO 2026-03-09 14:15:15,241 correlation 9 127151554688704 request_complete correlation_id=f7d1ca80-b0df-495a-9e40-ea05a1a4a20c tenant_id=- user_id=- method=GET path=/ status=200 duration_ms=1.43
INFO 2026-03-09 14:15:45,279 correlation 7 127151554688704 request_complete correlation_id=b6366258-24e8-4cca-ae85-afdbd1f19a62 tenant_id=- user_id=- method=GET path=/ status=200 duration_ms=1.49
INFO 2026-03-09 14:16:15,318 correlation 8 127151554688704 request_complete correlation_id=410cb6e8-b3cf-478e-a753-19e8f1fe3012 tenant_id=- user_id=- method=GET path=/ status=200 duration_ms=1.97
INFO 2026-03-09 14:16:45,351 correlation 9 127151554688704 request_complete correlation_id=5cff2912-6019-493d-8153-0532619076b9 tenant_id=- user_id=- method=GET path=/ status=200 duration_ms=1.45
INFO 2026-03-09 14:17:15,385 correlation 9 127151554688704 request_complete correlation_id=ad8c0756-78f7-40c8-978c-85b301bf3633 tenant_id=- user_id=- method=GET path=/ status=200 duration_ms=1.43
INFO 2026-03-09 14:17:45,432 correlation 8 127151554688704 request_complete correlation_id=544f3337-1113-411d-b9a0-8b6895e7b86b tenant_id=- user_id=- method=GET path=/ status=200 duration_ms=1.38
INFO 2026-03-09 14:18:15,463 correlation 9 127151554688704 request_complete correlation_id=844da5a4-289e-4099-ae23-afd3e5297aa1 tenant_id=- user_id=- method=GET path=/ status=200 duration_ms=1.73
INFO 2026-03-09 14:18:45,502 correlation 7 127151554688704 request_complete correlation_id=e04168fe-4aed-4303-8b91-18b75b85b693 tenant_id=- user_id=- method=GET path=/ status=200 duration_ms=1.47
INFO 2026-03-09 14:19:15,538 correlation 7 127151554688704 request_complete correlation_id=ae911391-b682-44c4-9096-f6c06babe9b3 tenant_id=- user_id=- method=GET path=/ status=200 duration_ms=1.23
INFO 2026-03-09 14:19:45,571 correlation 8 127151554688704 request_complete correlation_id=5ff24122-c213-4af5-922e-ea92c4d16470 tenant_id=- user_id=- method=GET path=/ status=200 duration_ms=1.24
INFO 2026-03-09 14:20:15,608 correlation 9 127151554688704 request_complete correlation_id=2245356e-7054-4904-9b05-1ab6ffefbeb6 tenant_id=- user_id=- method=GET path=/ status=200 duration_ms=1.67
INFO 2026-03-09 14:20:45,653 correlation 8 127151554688704 request_complete correlation_id=691f9d38-c50c-4180-8b6a-5fa262cd7cb9 tenant_id=- user_id=- method=GET path=/ status=200 duration_ms=1.54
INFO 2026-03-09 14:21:15,683 correlation 7 127151554688704 request_complete correlation_id=ff72bf02-204a-40ed-b344-1d67dd8e30dc tenant_id=- user_id=- method=GET path=/ status=200 duration_ms=1.49
INFO 2026-03-09 14:21:45,721 correlation 9 127151554688704 request_complete correlation_id=404548ff-9f18-4e90-930d-632e587edada tenant_id=- user_id=- method=GET path=/ status=200 duration_ms=1.37
INFO 2026-03-09 14:22:15,757 correlation 9 127151554688704 request_complete correlation_id=4aab94e3-a68a-4e73-8920-7c9fef0c7594 tenant_id=- user_id=- method=GET path=/ status=200 duration_ms=1.55
INFO 2026-03-09 14:22:45,798 correlation 7 127151554688704 request_complete correlation_id=98fc24a0-480d-42eb-8dde-a0d3dec7f2c1 tenant_id=- user_id=- method=GET path=/ status=200 duration_ms=1.64
INFO 2026-03-09 14:23:15,833 correlation 7 127151554688704 request_complete correlation_id=86da3960-0903-442e-9510-854a831372f4 tenant_id=- user_id=- method=GET path=/ status=200 duration_ms=2.28
INFO 2026-03-09 14:23:45,871 correlation 8 127151554688704 request_complete correlation_id=f429484b-5cad-4578-b828-a8834b149833 tenant_id=- user_id=- method=GET path=/ status=200 duration_ms=1.51
INFO 2026-03-09 14:24:15,906 correlation 7 127151554688704 request_complete correlation_id=12dd179d-f580-4b06-bbe8-4efd5cd3b011 tenant_id=- user_id=- method=GET path=/ status=200 duration_ms=1.64
INFO 2026-03-09 14:24:45,946 correlation 9 127151554688704 request_complete correlation_id=96717820-ddf0-42a7-9f5e-bdb0157543d4 tenant_id=- user_id=- method=GET path=/ status=200 duration_ms=1.71
INFO 2026-03-09 14:25:15,981 correlation 8 127151554688704 request_complete correlation_id=65ca6dd9-e478-4e23-8839-5aa845481d27 tenant_id=- user_id=- method=GET path=/ status=200 duration_ms=1.31
INFO 2026-03-09 14:25:46,035 correlation 7 127151554688704 request_complete correlation_id=8b5e6781-fba3-45a7-a3a0-5cbc50efda7e tenant_id=- user_id=- method=GET path=/ status=200 duration_ms=1.39
INFO 2026-03-09 14:26:16,076 correlation 8 127151554688704 request_complete correlation_id=e6fe0da5-f3e6-4467-b0a8-99e1e859dafc tenant_id=- user_id=- method=GET path=/ status=200 duration_ms=1.57
INFO 2026-03-09 14:26:46,111 correlation 7 127151554688704 request_complete correlation_id=86e13611-af0e-42ca-bc5f-1fdcdcc69b33 tenant_id=- user_id=- method=GET path=/ status=200 duration_ms=1.63
INFO 2026-03-09 14:27:16,148 correlation 7 127151554688704 request_complete correlation_id=65776c1f-0e4e-47e0-b412-170a4f49454f tenant_id=- user_id=- method=GET path=/ status=200 duration_ms=1.55
INFO 2026-03-09 14:27:46,192 correlation 8 127151554688704 request_complete correlation_id=fad6a8b1-8301-4b33-aa7b-4990bd7469f8 tenant_id=- user_id=- method=GET path=/ status=200 duration_ms=1.48
INFO 2026-03-09 14:28:16,229 correlation 7 127151554688704 request_complete correlation_id=4276f903-f0d0-4571-9e88-4d3630867a89 tenant_id=- user_id=- method=GET path=/ status=200 duration_ms=1.48
INFO 2026-03-09 14:28:46,262 correlation 8 127151554688704 request_complete correlation_id=b026f931-1d0b-4852-9e7e-c78a742a39c5 tenant_id=- user_id=- method=GET path=/ status=200 duration_ms=1.44
INFO 2026-03-09 14:29:16,300 correlation 9 127151554688704 request_complete correlation_id=bf9f4121-2c79-4180-b194-235dfdb1e0e9 tenant_id=- user_id=- method=GET path=/ status=200 duration_ms=1.41
INFO 2026-03-09 14:29:46,335 correlation 9 127151554688704 request_complete correlation_id=2a88a04e-efd1-4e10-88ad-afafe402b189 tenant_id=- user_id=- method=GET path=/ status=200 duration_ms=1.29
INFO 2026-03-09 14:30:16,374 correlation 7 127151554688704 request_complete correlation_id=0477af39-2f22-452c-b25d-8137b1a9d1bd tenant_id=- user_id=- method=GET path=/ status=200 duration_ms=1.45
INFO 2026-03-09 14:30:46,414 correlation 9 127151554688704 request_complete correlation_id=054b0c24-e168-4071-810e-46f2756f94ca tenant_id=- user_id=- method=GET path=/ status=200 duration_ms=1.46
INFO 2026-03-09 14:31:16,449 correlation 7 127151554688704 request_complete correlation_id=a4a92ae4-dde8-4459-9ada-1a36215549e8 tenant_id=- user_id=- method=GET path=/ status=200 duration_ms=1.45
INFO 2026-03-09 14:31:46,481 correlation 9 127151554688704 request_complete correlation_id=c1dce54d-eb40-42a1-abb8-fd990acea544 tenant_id=- user_id=- method=GET path=/ status=200 duration_ms=1.33
INFO 2026-03-09 14:32:16,516 correlation 9 127151554688704 request_complete correlation_id=4a4295a0-3d74-40aa-8950-ac6912424ce3 tenant_id=- user_id=- method=GET path=/ status=200 duration_ms=1.46
INFO 2026-03-09 14:32:46,556 correlation 8 127151554688704 request_complete correlation_id=19f9f136-45fc-4220-baaa-394ecb065f23 tenant_id=- user_id=- method=GET path=/ status=200 duration_ms=1.35
INFO 2026-03-09 14:33:16,608 correlation 7 127151554688704 request_complete correlation_id=3dc23ad3-220d-4132-9a90-5a3c7118bdca tenant_id=- user_id=- method=GET path=/ status=200 duration_ms=1.95
INFO 2026-03-09 14:33:46,637 correlation 7 127151554688704 request_complete correlation_id=58297671-7c61-42cb-b71f-f92647be7162 tenant_id=- user_id=- method=GET path=/ status=200 duration_ms=1.52
INFO 2026-03-09 14:34:16,673 correlation 9 127151554688704 request_complete correlation_id=1d496994-da2f-4f89-890e-e51a870ffbae tenant_id=- user_id=- method=GET path=/ status=200 duration_ms=1.36
INFO 2026-03-09 14:34:46,716 correlation 7 127151554688704 request_complete correlation_id=bd9532b6-f401-4b1b-819d-44431bad4b4e tenant_id=- user_id=- method=GET path=/ status=200 duration_ms=1.34
INFO 2026-03-09 14:35:16,759 correlation 8 127151554688704 request_complete correlation_id=c334d3ab-5577-47be-9665-5e1fe84316a2 tenant_id=- user_id=- method=GET path=/ status=200 duration_ms=1.57
INFO 2026-03-09 14:35:46,796 correlation 7 127151554688704 request_complete correlation_id=e08352e9-13ac-4c7f-a1c6-e1267b038ebe tenant_id=- user_id=- method=GET path=/ status=200 duration_ms=1.68
INFO 2026-03-09 14:36:16,832 correlation 8 127151554688704 request_complete correlation_id=e8c83214-9233-460f-9e11-30f5a34e02b8 tenant_id=- user_id=- method=GET path=/ status=200 duration_ms=1.92
INFO 2026-03-09 14:36:46,871 correlation 8 127151554688704 request_complete correlation_id=43cd7b8f-856b-48f6-aede-467e0e8150ab tenant_id=- user_id=- method=GET path=/ status=200 duration_ms=1.43
INFO 2026-03-09 14:37:16,909 correlation 8 127151554688704 request_complete correlation_id=489d5668-7ba4-4652-a6e0-c1eb1d1dba8e tenant_id=- user_id=- method=GET path=/ status=200 duration_ms=1.5
INFO 2026-03-09 14:37:46,949 correlation 9 127151554688704 request_complete correlation_id=cfbb0b81-c851-4e0d-bfcd-0db8e83089ac tenant_id=- user_id=- method=GET path=/ status=200 duration_ms=1.81
INFO 2026-03-09 14:38:16,994 correlation 8 127151554688704 request_complete correlation_id=6d46d847-5194-4d4c-851d-b84f65c3d157 tenant_id=- user_id=- method=GET path=/ status=200 duration_ms=1.4
INFO 2026-03-09 14:38:47,036 correlation 8 127151554688704 request_complete correlation_id=d77fa6d0-2dbc-42f4-b505-55c6e7c1ca24 tenant_id=- user_id=- method=GET path=/ status=200 duration_ms=1.35
INFO 2026-03-09 14:39:17,073 correlation 8 127151554688704 request_complete correlation_id=3f937a24-0be3-419b-a286-094bdf21f781 tenant_id=- user_id=- method=GET path=/ status=200 duration_ms=1.38
INFO 2026-03-09 16:42:33,055 correlation 8 127151554688704 request_complete correlation_id=59644f1d-26c6-4b44-903b-b3a205f8577d tenant_id=- user_id=- method=GET path=/ status=200 duration_ms=1.59
INFO 2026-03-09 16:43:03,094 correlation 9 127151554688704 request_complete correlation_id=0acc8183-0dec-4a3f-b0e9-1eddbaf026df tenant_id=- user_id=- method=GET path=/ status=200 duration_ms=1.36
INFO 2026-03-09 16:43:33,132 correlation 9 127151554688704 request_complete correlation_id=2a1edfd8-5e4e-42e2-9a9f-69e4bd8aefb6 tenant_id=- user_id=- method=GET path=/ status=200 duration_ms=1.76
INFO 2026-03-09 16:44:03,178 correlation 7 127151554688704 request_complete correlation_id=83914d3a-548d-4d4a-aed3-c16cd74ce187 tenant_id=- user_id=- method=GET path=/ status=200 duration_ms=1.46
INFO 2026-03-09 16:44:33,221 correlation 8 127151554688704 request_complete correlation_id=a2ac220d-0931-494b-a159-2c272fd2b71a tenant_id=- user_id=- method=GET path=/ status=200 duration_ms=1.26
INFO 2026-03-09 16:45:03,257 correlation 9 127151554688704 request_complete correlation_id=2dd95d5d-fdc0-4e8e-abb3-016aa416e130 tenant_id=- user_id=- method=GET path=/ status=200 duration_ms=1.3
INFO 2026-03-09 16:45:33,296 correlation 8 127151554688704 request_complete correlation_id=20c3d5d7-c8da-49a2-9b88-9b8e7378671e tenant_id=- user_id=- method=GET path=/ status=200 duration_ms=1.28
INFO 2026-03-09 16:46:03,335 correlation 7 127151554688704 request_complete correlation_id=f5ff9746-ff8e-4935-a6f1-b69dfd03af00 tenant_id=- user_id=- method=GET path=/ status=200 duration_ms=1.32
INFO 2026-03-09 16:46:33,376 correlation 8 127151554688704 request_complete correlation_id=98c39bc4-d895-4a8f-9379-0767085b939d tenant_id=- user_id=- method=GET path=/ status=200 duration_ms=1.51
INFO 2026-03-09 16:47:03,419 correlation 9 127151554688704 request_complete correlation_id=aadd6f58-49cb-43f5-81df-4e02902c8533 tenant_id=- user_id=- method=GET path=/ status=200 duration_ms=1.48
INFO 2026-03-09 16:47:33,462 correlation 7 127151554688704 request_complete correlation_id=bf97819b-2365-42de-849c-117d8d7de05f tenant_id=- user_id=- method=GET path=/ status=200 duration_ms=1.33
INFO 2026-03-09 16:48:03,502 correlation 9 127151554688704 request_complete correlation_id=90f8786a-a38f-4154-8799-7dc0559d9d2f tenant_id=- user_id=- method=GET path=/ status=200 duration_ms=2.27
INFO 2026-03-09 16:48:33,539 correlation 7 127151554688704 request_complete correlation_id=ca9e25e6-fb1e-47d7-86d7-3adf533f73bc tenant_id=- user_id=- method=GET path=/ status=200 duration_ms=1.4
INFO 2026-03-09 16:49:03,582 correlation 7 127151554688704 request_complete correlation_id=4f8da0f3-59ac-499a-b4ee-8ef10a8778cc tenant_id=- user_id=- method=GET path=/ status=200 duration_ms=1.37
INFO 2026-03-09 16:49:33,622 correlation 7 127151554688704 request_complete correlation_id=793ccd64-ae3b-463d-8a47-7e9d2805ff5d tenant_id=- user_id=- method=GET path=/ status=200 duration_ms=1.28
INFO 2026-03-09 16:50:03,665 correlation 9 127151554688704 request_complete correlation_id=ab38d5f8-2585-461c-bb32-7e87a4fbe7e3 tenant_id=- user_id=- method=GET path=/ status=200 duration_ms=1.42
INFO 2026-03-09 16:50:33,713 correlation 7 127151554688704 request_complete correlation_id=9c1ec1bc-4704-459d-b8fb-98167e34f8d4 tenant_id=- user_id=- method=GET path=/ status=200 duration_ms=1.26
INFO 2026-03-09 16:51:03,751 correlation 9 127151554688704 request_complete correlation_id=5ba3b6d2-7788-4c0b-8201-de56531929f3 tenant_id=- user_id=- method=GET path=/ status=200 duration_ms=1.41
INFO 2026-03-09 16:51:33,791 correlation 9 127151554688704 request_complete correlation_id=a2f2ad39-fc20-44c7-a4a7-c613408c9706 tenant_id=- user_id=- method=GET path=/ status=200 duration_ms=1.26
INFO 2026-03-09 16:52:03,829 correlation 9 127151554688704 request_complete correlation_id=c3bf2bac-bfc0-42eb-b7f9-5df6b570d48a tenant_id=- user_id=- method=GET path=/ status=200 duration_ms=1.21
INFO 2026-03-09 16:52:33,867 correlation 8 127151554688704 request_complete correlation_id=47f5d34a-5462-445e-a1f4-2963b0121cbc tenant_id=- user_id=- method=GET path=/ status=200 duration_ms=1.31
INFO 2026-03-09 16:53:03,912 correlation 7 127151554688704 request_complete correlation_id=1d39d1a8-ae17-4b93-b20e-074636bcd04a tenant_id=- user_id=- method=GET path=/ status=200 duration_ms=1.42
INFO 2026-03-09 16:53:33,952 correlation 7 127151554688704 request_complete correlation_id=b53ce205-fbd0-4444-96ae-2928c26d77cd tenant_id=- user_id=- method=GET path=/ status=200 duration_ms=1.22
INFO 2026-03-09 16:54:03,995 correlation 9 127151554688704 request_complete correlation_id=70662b14-a122-44ca-86f1-dacbfc290f7c tenant_id=- user_id=- method=GET path=/ status=200 duration_ms=1.34
INFO 2026-03-09 16:54:34,034 correlation 7 127151554688704 request_complete correlation_id=7c99aa99-3b6f-40da-9af1-23f6a4f6e3b9 tenant_id=- user_id=- method=GET path=/ status=200 duration_ms=1.45
INFO 2026-03-09 16:55:04,076 correlation 7 127151554688704 request_complete correlation_id=0a26d407-d1b0-45f4-8f89-620948cb2fac tenant_id=- user_id=- method=GET path=/ status=200 duration_ms=1.27
INFO 2026-03-09 16:55:34,116 correlation 7 127151554688704 request_complete correlation_id=626dd43c-00a4-498b-9a93-da8988cd1133 tenant_id=- user_id=- method=GET path=/ status=200 duration_ms=1.39
INFO 2026-03-09 16:56:04,153 correlation 7 127151554688704 request_complete correlation_id=164748fa-2183-4d8d-ad99-a19712be51cb tenant_id=- user_id=- method=GET path=/ status=200 duration_ms=1.25
INFO 2026-03-09 16:56:34,190 correlation 8 127151554688704 request_complete correlation_id=e2c05c78-1f48-43ae-9cd0-30b6addb44b2 tenant_id=- user_id=- method=GET path=/ status=200 duration_ms=1.27
INFO 2026-03-09 16:57:04,231 correlation 7 127151554688704 request_complete correlation_id=927a5e2d-a34e-4187-8445-f945c64e1806 tenant_id=- user_id=- method=GET path=/ status=200 duration_ms=1.53
INFO 2026-03-09 16:57:34,270 correlation 7 127151554688704 request_complete correlation_id=abff19a3-e2ab-4690-b06a-bd087bd7ffed tenant_id=- user_id=- method=GET path=/ status=200 duration_ms=1.39
INFO 2026-03-09 16:58:04,310 correlation 8 127151554688704 request_complete correlation_id=11e1d7d1-ad56-4c6f-9dac-5bc463683123 tenant_id=- user_id=- method=GET path=/ status=200 duration_ms=1.7
INFO 2026-03-09 16:58:34,353 correlation 9 127151554688704 request_complete correlation_id=88798d3e-f815-4337-b749-bcc64c0c10f1 tenant_id=- user_id=- method=GET path=/ status=200 duration_ms=1.41
INFO 2026-03-09 16:59:04,390 correlation 8 127151554688704 request_complete correlation_id=24107120-3cd1-4c81-8424-d51ca8071931 tenant_id=- user_id=- method=GET path=/ status=200 duration_ms=1.49
INFO 2026-03-09 16:59:34,430 correlation 8 127151554688704 request_complete correlation_id=6dc4087c-02dd-47dd-b3f5-ea951983c385 tenant_id=- user_id=- method=GET path=/ status=200 duration_ms=1.27
INFO 2026-03-09 17:00:04,472 correlation 9 127151554688704 request_complete correlation_id=dc03c2ea-b0f1-4f07-95ab-3ded81130a2b tenant_id=- user_id=- method=GET path=/ status=200 duration_ms=1.35
INFO 2026-03-09 17:00:34,512 correlation 9 127151554688704 request_complete correlation_id=925a4b3c-d72e-4bcd-b2cc-6aefb5e9bc85 tenant_id=- user_id=- method=GET path=/ status=200 duration_ms=2.01
INFO 2026-03-09 17:01:04,550 correlation 8 127151554688704 request_complete correlation_id=1f701230-34b3-49f8-9c75-e4ca14aa6e92 tenant_id=- user_id=- method=GET path=/ status=200 duration_ms=1.26
INFO 2026-03-09 17:01:34,592 correlation 9 127151554688704 request_complete correlation_id=cca21f71-2a9c-432b-8775-761c507e1931 tenant_id=- user_id=- method=GET path=/ status=200 duration_ms=1.26
INFO 2026-03-09 17:02:04,638 correlation 9 127151554688704 request_complete correlation_id=a4ae5278-ba5d-4fe8-91a0-7b265753f7ac tenant_id=- user_id=- method=GET path=/ status=200 duration_ms=1.54
INFO 2026-03-09 17:02:34,676 correlation 9 127151554688704 request_complete correlation_id=43de6bbd-95be-477c-8871-23aaabe69ae8 tenant_id=- user_id=- method=GET path=/ status=200 duration_ms=1.24
INFO 2026-03-09 17:03:04,721 correlation 8 127151554688704 request_complete correlation_id=cf69bcd7-490b-4ad7-a1c1-86ffc6c2e4ec tenant_id=- user_id=- method=GET path=/ status=200 duration_ms=1.59
INFO 2026-03-09 17:03:34,764 correlation 9 127151554688704 request_complete correlation_id=82171f0a-2cc5-46f9-96fc-6fc16272c9bf tenant_id=- user_id=- method=GET path=/ status=200 duration_ms=1.3
INFO 2026-03-09 17:04:04,804 correlation 7 127151554688704 request_complete correlation_id=cdbf0afe-7856-4c85-80c6-b0295a8067ea tenant_id=- user_id=- method=GET path=/ status=200 duration_ms=1.32
INFO 2026-03-09 17:04:34,843 correlation 7 127151554688704 request_complete correlation_id=c0a6b938-f01c-4fdf-8a68-91a72dfb4160 tenant_id=- user_id=- method=GET path=/ status=200 duration_ms=1.72
INFO 2026-03-09 17:05:04,882 correlation 8 127151554688704 request_complete correlation_id=afef7bdb-5b97-4c8a-92e8-140cc4fb6858 tenant_id=- user_id=- method=GET path=/ status=200 duration_ms=1.54
INFO 2026-03-09 17:05:34,922 correlation 8 127151554688704 request_complete correlation_id=e0e52eee-965c-47b9-bb5c-8323b27de63a tenant_id=- user_id=- method=GET path=/ status=200 duration_ms=1.5
INFO 2026-03-09 17:06:04,959 correlation 7 127151554688704 request_complete correlation_id=4c406e11-d44a-4ca8-b4cd-712484d23345 tenant_id=- user_id=- method=GET path=/ status=200 duration_ms=1.33
INFO 2026-03-09 17:06:35,004 correlation 8 127151554688704 request_complete correlation_id=8d8df9f1-0931-48c0-8e01-e6519ed52ba2 tenant_id=- user_id=- method=GET path=/ status=200 duration_ms=1.26
INFO 2026-03-09 17:07:05,043 correlation 9 127151554688704 request_complete correlation_id=10e9de98-7636-4778-bbeb-7efc342f74b7 tenant_id=- user_id=- method=GET path=/ status=200 duration_ms=1.34
INFO 2026-03-09 17:07:35,110 correlation 7 127151554688704 request_complete correlation_id=5965fc12-c51a-4371-8c69-aff3432f1641 tenant_id=- user_id=- method=GET path=/ status=200 duration_ms=5.93
INFO 2026-03-09 17:08:05,148 correlation 9 127151554688704 request_complete correlation_id=77527da3-73e5-4d33-8b6a-d712d29100a9 tenant_id=- user_id=- method=GET path=/ status=200 duration_ms=1.24
INFO 2026-03-09 17:08:35,187 correlation 9 127151554688704 request_complete correlation_id=49f26cc7-95fe-4788-a402-2e52bee784f3 tenant_id=- user_id=- method=GET path=/ status=200 duration_ms=2.16
INFO 2026-03-09 17:09:05,224 correlation 8 127151554688704 request_complete correlation_id=919c65a4-2e58-4abe-a101-9710a0140199 tenant_id=- user_id=- method=GET path=/ status=200 duration_ms=1.27
INFO 2026-03-09 17:09:35,263 correlation 8 127151554688704 request_complete correlation_id=edff52f3-b522-4919-baad-6cdccfd19b53 tenant_id=- user_id=- method=GET path=/ status=200 duration_ms=1.26
INFO 2026-03-09 17:10:05,298 correlation 9 127151554688704 request_complete correlation_id=443e28fc-76be-4871-b36e-3aaf1c126179 tenant_id=- user_id=- method=GET path=/ status=200 duration_ms=1.32
INFO 2026-03-09 17:10:35,335 correlation 7 127151554688704 request_complete correlation_id=b2f87242-978e-4c03-9a17-5fbfa5ff21e5 tenant_id=- user_id=- method=GET path=/ status=200 duration_ms=1.37
INFO 2026-03-09 17:11:05,377 correlation 7 127151554688704 request_complete correlation_id=dd6dd9f5-5a68-4359-aedd-6cd0324690bf tenant_id=- user_id=- method=GET path=/ status=200 duration_ms=1.38
INFO 2026-03-09 17:11:35,418 correlation 7 127151554688704 request_complete correlation_id=9dde7aad-507c-45bb-afaf-0e8f21c311aa tenant_id=- user_id=- method=GET path=/ status=200 duration_ms=1.33
INFO 2026-03-09 17:12:05,455 correlation 9 127151554688704 request_complete correlation_id=56056656-26cb-41e7-94fd-e53cc56612c3 tenant_id=- user_id=- method=GET path=/ status=200 duration_ms=1.36
INFO 2026-03-09 17:12:35,494 correlation 9 127151554688704 request_complete correlation_id=8d968e82-e1a7-441e-ad87-9a76052bca17 tenant_id=- user_id=- method=GET path=/ status=200 duration_ms=1.34
INFO 2026-03-09 17:13:05,542 correlation 9 127151554688704 request_complete correlation_id=5adbb44a-4cb8-4e23-947a-866e59246298 tenant_id=- user_id=- method=GET path=/ status=200 duration_ms=2.15
INFO 2026-03-09 17:13:35,578 correlation 7 127151554688704 request_complete correlation_id=e655bd69-302c-48c1-a667-6cfe539774a6 tenant_id=- user_id=- method=GET path=/ status=200 duration_ms=1.47
INFO 2026-03-09 17:14:05,615 correlation 8 127151554688704 request_complete correlation_id=c6bcfcd6-d0a6-407a-9d54-ee5a49c1ce88 tenant_id=- user_id=- method=GET path=/ status=200 duration_ms=1.43
INFO 2026-03-09 17:14:35,661 correlation 9 127151554688704 request_complete correlation_id=47d59068-b42a-42c3-ad38-70c59e64dd84 tenant_id=- user_id=- method=GET path=/ status=200 duration_ms=1.27
INFO 2026-03-09 17:15:05,710 correlation 7 127151554688704 request_complete correlation_id=61a738d1-3b2a-4420-8323-e9eaa2f929b6 tenant_id=- user_id=- method=GET path=/ status=200 duration_ms=1.32
INFO 2026-03-09 17:15:35,752 correlation 8 127151554688704 request_complete correlation_id=67ce5fdf-14ab-4a8e-afb1-3b86b219f473 tenant_id=- user_id=- method=GET path=/ status=200 duration_ms=1.29
INFO 2026-03-09 17:16:05,793 correlation 7 127151554688704 request_complete correlation_id=5901075b-46fc-43c7-9c62-23ee16b9c4c5 tenant_id=- user_id=- method=GET path=/ status=200 duration_ms=1.3
INFO 2026-03-09 17:16:36,364 correlation 7 127151554688704 request_complete correlation_id=438736de-c8cb-44ac-9641-a9cc6e19e90e tenant_id=- user_id=- method=GET path=/ status=200 duration_ms=1.26
INFO 2026-03-09 17:17:06,404 correlation 8 127151554688704 request_complete correlation_id=e974ec61-c700-4224-9951-48863dd51604 tenant_id=- user_id=- method=GET path=/ status=200 duration_ms=1.33
INFO 2026-03-09 17:17:36,441 correlation 9 127151554688704 request_complete correlation_id=937d58d4-b7de-4ce3-9fb4-593bccd7d0af tenant_id=- user_id=- method=GET path=/ status=200 duration_ms=1.28
INFO 2026-03-09 17:18:06,479 correlation 9 127151554688704 request_complete correlation_id=24f945ff-fd62-4c0f-b07c-fe98af36765a tenant_id=- user_id=- method=GET path=/ status=200 duration_ms=1.73
INFO 2026-03-09 17:18:36,518 correlation 9 127151554688704 request_complete correlation_id=7a79f8d4-b163-42bb-951a-066ae44d991c tenant_id=- user_id=- method=GET path=/ status=200 duration_ms=2.35
INFO 2026-03-09 17:19:06,559 correlation 7 127151554688704 request_complete correlation_id=175e11db-7452-4b9d-95a4-2295a23fda55 tenant_id=- user_id=- method=GET path=/ status=200 duration_ms=1.29
INFO 2026-03-09 17:19:36,596 correlation 9 127151554688704 request_complete correlation_id=75c4c4c2-4f10-4d91-8250-7058a124c20f tenant_id=- user_id=- method=GET path=/ status=200 duration_ms=1.37
INFO 2026-03-09 17:20:06,633 correlation 7 127151554688704 request_complete correlation_id=f4d0106a-0e64-4867-af91-6cf3ff5617c8 tenant_id=- user_id=- method=GET path=/ status=200 duration_ms=1.28
INFO 2026-03-09 17:20:36,673 correlation 9 127151554688704 request_complete correlation_id=ddb5510d-7b29-44c9-a422-e7a27015dd5b tenant_id=- user_id=- method=GET path=/ status=200 duration_ms=1.23
INFO 2026-03-09 17:21:06,709 correlation 8 127151554688704 request_complete correlation_id=9f1e206d-08ee-4deb-bbc6-c0dfa360badf tenant_id=- user_id=- method=GET path=/ status=200 duration_ms=1.28
INFO 2026-03-09 17:21:36,768 correlation 7 127151554688704 request_complete correlation_id=342595ee-7bf1-478d-ad81-652372a26c67 tenant_id=- user_id=- method=GET path=/ status=200 duration_ms=2.31
INFO 2026-03-09 17:22:06,817 correlation 9 127151554688704 request_complete correlation_id=ff66ef22-ea13-4d30-91a2-7d3c0d5d44d1 tenant_id=- user_id=- method=GET path=/ status=200 duration_ms=1.56
INFO 2026-03-09 17:22:36,853 correlation 8 127151554688704 request_complete correlation_id=0f1d691d-33c3-4324-b5ac-260473db6a81 tenant_id=- user_id=- method=GET path=/ status=200 duration_ms=1.38
INFO 2026-03-09 17:23:06,895 correlation 8 127151554688704 request_complete correlation_id=17a05df8-fda7-45d3-bce2-6907966df531 tenant_id=- user_id=- method=GET path=/ status=200 duration_ms=1.56
INFO 2026-03-09 17:23:36,934 correlation 8 127151554688704 request_complete correlation_id=5b74457f-3c87-41f4-bd4c-ae4f01e02e84 tenant_id=- user_id=- method=GET path=/ status=200 duration_ms=1.25
INFO 2026-03-09 17:24:06,971 correlation 8 127151554688704 request_complete correlation_id=c723a602-8e65-422a-90ce-af26229d9947 tenant_id=- user_id=- method=GET path=/ status=200 duration_ms=1.36
INFO 2026-03-09 17:24:37,017 correlation 8 127151554688704 request_complete correlation_id=90ed21b0-b56d-4305-8d52-e07ecaed51ce tenant_id=- user_id=- method=GET path=/ status=200 duration_ms=1.31
INFO 2026-03-09 17:25:07,054 correlation 8 127151554688704 request_complete correlation_id=d7caad11-fffb-4abd-a1dc-56c4ec7f6680 tenant_id=- user_id=- method=GET path=/ status=200 duration_ms=1.44
INFO 2026-03-09 17:25:37,094 correlation 7 127151554688704 request_complete correlation_id=9eda00e1-f091-4484-a9cb-ce25aa0dde9f tenant_id=- user_id=- method=GET path=/ status=200 duration_ms=1.37
INFO 2026-03-09 17:26:07,132 correlation 8 127151554688704 request_complete correlation_id=787b0f19-39ce-4ca8-91e9-07a88a39197e tenant_id=- user_id=- method=GET path=/ status=200 duration_ms=1.39
INFO 2026-03-09 17:26:37,174 correlation 7 127151554688704 request_complete correlation_id=1910ee9f-7354-4ad0-a031-f6fc57001a93 tenant_id=- user_id=- method=GET path=/ status=200 duration_ms=1.29
INFO 2026-03-09 17:27:07,217 correlation 9 127151554688704 request_complete correlation_id=ddffd2e8-36e9-4f46-86a3-1e4b4539fc14 tenant_id=- user_id=- method=GET path=/ status=200 duration_ms=1.4
INFO 2026-03-09 17:27:37,259 correlation 8 127151554688704 request_complete correlation_id=d7cecb2a-6768-4245-a38b-9d515b7d418f tenant_id=- user_id=- method=GET path=/ status=200 duration_ms=1.3
INFO 2026-03-09 17:28:07,306 correlation 9 127151554688704 request_complete correlation_id=55f6f8ad-594f-4646-9c49-77e6b3e1974b tenant_id=- user_id=- method=GET path=/ status=200 duration_ms=1.47
INFO 2026-03-09 17:28:37,366 correlation 7 127151554688704 request_complete correlation_id=9cf21722-ee91-4829-9b27-c89d977290ac tenant_id=- user_id=- method=GET path=/ status=200 duration_ms=2.17
INFO 2026-03-09 17:29:07,405 correlation 8 127151554688704 request_complete correlation_id=5efc76c0-4997-4c03-9d26-4cb6d31a63eb tenant_id=- user_id=- method=GET path=/ status=200 duration_ms=1.38
INFO 2026-03-09 17:29:37,449 correlation 9 127151554688704 request_complete correlation_id=3dbb1880-0d81-4fd9-ae46-5e4022583bf2 tenant_id=- user_id=- method=GET path=/ status=200 duration_ms=1.41
INFO 2026-03-09 17:30:07,485 correlation 7 127151519479488 request_complete correlation_id=0387f6ef-9702-48c5-874c-700885a07634 tenant_id=- user_id=- method=GET path=/ status=200 duration_ms=1.73
INFO 2026-03-09 17:30:37,529 correlation 7 127151554688704 request_complete correlation_id=9f091b35-bb47-4c34-b3ee-7eaf10501a71 tenant_id=- user_id=- method=GET path=/ status=200 duration_ms=1.54
INFO 2026-03-09 17:31:07,568 correlation 7 127151519479488 request_complete correlation_id=0bb970e9-25f8-4c1a-a562-c910d7e7d548 tenant_id=- user_id=- method=GET path=/ status=200 duration_ms=1.37
INFO 2026-03-09 17:31:37,607 correlation 7 127151554688704 request_complete correlation_id=2e358662-4ed7-44b7-ab6b-2da838772ad9 tenant_id=- user_id=- method=GET path=/ status=200 duration_ms=1.74
INFO 2026-03-09 17:32:07,646 correlation 9 127151554688704 request_complete correlation_id=4d1a9340-a667-4cee-9beb-c38685aa4ea3 tenant_id=- user_id=- method=GET path=/ status=200 duration_ms=1.32
INFO 2026-03-09 17:32:37,683 correlation 8 127151554688704 request_complete correlation_id=6e5e5a3f-3252-434d-ad95-6292ed1b67cf tenant_id=- user_id=- method=GET path=/ status=200 duration_ms=1.49
INFO 2026-03-09 17:33:07,725 correlation 7 127151554688704 request_complete correlation_id=4026b790-feae-4870-bb29-46ff17595668 tenant_id=- user_id=- method=GET path=/ status=200 duration_ms=1.27
INFO 2026-03-09 17:33:37,764 correlation 7 127151519479488 request_complete correlation_id=dea82f30-63fd-4b33-baa4-e5d4c6ff6e87 tenant_id=- user_id=- method=GET path=/ status=200 duration_ms=1.4
INFO 2026-03-09 17:34:07,801 correlation 8 127151554688704 request_complete correlation_id=73d6a508-9724-40e8-87b1-3cde56fef8d0 tenant_id=- user_id=- method=GET path=/ status=200 duration_ms=1.25
INFO 2026-03-09 17:34:37,844 correlation 8 127151554688704 request_complete correlation_id=e76dc0be-52a7-4230-9a0b-7a634294eb64 tenant_id=- user_id=- method=GET path=/ status=200 duration_ms=1.22
INFO 2026-03-09 17:35:07,879 correlation 8 127151554688704 request_complete correlation_id=ce1001ec-359c-4d4a-91c1-c71f446d8f2a tenant_id=- user_id=- method=GET path=/ status=200 duration_ms=1.27
INFO 2026-03-09 17:35:37,919 correlation 8 127151554688704 request_complete correlation_id=eafc8f16-8f27-4c50-80df-20077953e60d tenant_id=- user_id=- method=GET path=/ status=200 duration_ms=1.28
INFO 2026-03-09 17:36:07,956 correlation 7 127151554688704 request_complete correlation_id=e11ad2d1-a38c-41d0-afa0-ce887d415c46 tenant_id=- user_id=- method=GET path=/ status=200 duration_ms=1.27
INFO 2026-03-09 17:36:37,991 correlation 9 127151554688704 request_complete correlation_id=e1726464-c295-4226-8b5f-f0509ec87e60 tenant_id=- user_id=- method=GET path=/ status=200 duration_ms=1.45
INFO 2026-03-09 17:37:08,029 correlation 8 127151554688704 request_complete correlation_id=0197f007-cc81-4dc1-b1c4-65598f30a044 tenant_id=- user_id=- method=GET path=/ status=200 duration_ms=1.54
INFO 2026-03-09 17:37:38,066 correlation 7 127151554688704 request_complete correlation_id=0903da75-4dff-4bf8-b21a-1f77a01dad15 tenant_id=- user_id=- method=GET path=/ status=200 duration_ms=1.43
INFO 2026-03-09 17:38:08,106 correlation 7 127151519479488 request_complete correlation_id=e04ccc99-db3b-4a9a-8ce2-514dc5c61163 tenant_id=- user_id=- method=GET path=/ status=200 duration_ms=1.44
INFO 2026-03-09 17:38:38,145 correlation 7 127151554688704 request_complete correlation_id=c53c5bb9-3cf2-49ed-9e45-4cb5992f09fe tenant_id=- user_id=- method=GET path=/ status=200 duration_ms=1.28
INFO 2026-03-09 17:39:08,188 correlation 8 127151554688704 request_complete correlation_id=fa8623f8-456e-4bcc-8f1c-9d1a3799cab5 tenant_id=- user_id=- method=GET path=/ status=200 duration_ms=1.29
INFO 2026-03-09 17:39:38,234 correlation 8 127151554688704 request_complete correlation_id=ea2b52ed-3b77-40e6-a752-0f1b57f55d9a tenant_id=- user_id=- method=GET path=/ status=200 duration_ms=1.47
INFO 2026-03-09 17:40:08,275 correlation 8 127151554688704 request_complete correlation_id=b2a6f94c-ad54-484f-b82d-4585c51ab0f2 tenant_id=- user_id=- method=GET path=/ status=200 duration_ms=1.3
INFO 2026-03-09 17:40:38,314 correlation 7 127151519479488 request_complete correlation_id=f52c5c05-49c7-4448-adbc-046f710bdcb2 tenant_id=- user_id=- method=GET path=/ status=200 duration_ms=1.27
INFO 2026-03-09 17:41:08,357 correlation 7 127151519479488 request_complete correlation_id=44fe6c57-3270-48af-bb62-49f716e8e86f tenant_id=- user_id=- method=GET path=/ status=200 duration_ms=1.33
INFO 2026-03-09 17:41:38,393 correlation 8 127151554688704 request_complete correlation_id=cf9108a6-931e-4c31-8530-a9c91201d873 tenant_id=- user_id=- method=GET path=/ status=200 duration_ms=1.76
INFO 2026-03-09 17:42:08,440 correlation 8 127151554688704 request_complete correlation_id=7045aa87-acd3-492a-9ce5-beef1a1f595d tenant_id=- user_id=- method=GET path=/ status=200 duration_ms=1.43
INFO 2026-03-09 17:42:38,489 correlation 9 127151554688704 request_complete correlation_id=3d55d8e8-1779-4878-895a-fdfe6280d6fd tenant_id=- user_id=- method=GET path=/ status=200 duration_ms=2.42
INFO 2026-03-09 17:43:08,528 correlation 7 127151554688704 request_complete correlation_id=c222f87e-bac5-4d4a-b7b4-7a37b17261ca tenant_id=- user_id=- method=GET path=/ status=200 duration_ms=1.33
INFO 2026-03-09 17:43:38,565 correlation 9 127151554688704 request_complete correlation_id=b516324d-c925-44c8-9dae-0ef9b705b3dc tenant_id=- user_id=- method=GET path=/ status=200 duration_ms=1.3
INFO 2026-03-09 17:44:08,604 correlation 8 127151554688704 request_complete correlation_id=e61b3a49-f5b2-4807-ba2e-4f5e536e0103 tenant_id=- user_id=- method=GET path=/ status=200 duration_ms=1.35
INFO 2026-03-09 17:44:38,645 correlation 8 127151554688704 request_complete correlation_id=68bf5d4b-1645-4b96-8808-cb93ad3b8698 tenant_id=- user_id=- method=GET path=/ status=200 duration_ms=1.3
INFO 2026-03-09 17:45:08,686 correlation 8 127151554688704 request_complete correlation_id=5e6b021e-6a98-464d-8f30-4ec9e181e097 tenant_id=- user_id=- method=GET path=/ status=200 duration_ms=1.6
INFO 2026-03-09 17:45:38,727 correlation 9 127151554688704 request_complete correlation_id=d9525979-5d98-45db-89c6-c1028b12a26b tenant_id=- user_id=- method=GET path=/ status=200 duration_ms=1.23
INFO 2026-03-09 17:46:08,774 correlation 9 127151554688704 request_complete correlation_id=f1330899-3005-403c-8139-ff23cfb21a17 tenant_id=- user_id=- method=GET path=/ status=200 duration_ms=1.65
INFO 2026-03-09 17:46:38,812 correlation 9 127151554688704 request_complete correlation_id=4aa419ca-1fe7-460b-93c4-cafd91c27d09 tenant_id=- user_id=- method=GET path=/ status=200 duration_ms=1.26
INFO 2026-03-09 17:47:08,855 correlation 7 127151554688704 request_complete correlation_id=a0cf41ea-130f-4c76-a8c8-09b0a0538d12 tenant_id=- user_id=- method=GET path=/ status=200 duration_ms=2.16
INFO 2026-03-09 17:47:38,893 correlation 7 127151554688704 request_complete correlation_id=534ce67a-38c3-40aa-afa2-9e55463492d4 tenant_id=- user_id=- method=GET path=/ status=200 duration_ms=1.29
INFO 2026-03-09 17:48:08,929 correlation 9 127151554688704 request_complete correlation_id=c97bf07f-d6ee-44ed-806a-2a49e26f3f9f tenant_id=- user_id=- method=GET path=/ status=200 duration_ms=1.34
INFO 2026-03-09 17:48:38,967 correlation 8 127151554688704 request_complete correlation_id=19e15c76-abe7-4e58-9b0a-d69f293d1d7a tenant_id=- user_id=- method=GET path=/ status=200 duration_ms=1.33
INFO 2026-03-09 17:49:09,004 correlation 7 127151554688704 request_complete correlation_id=9a4caf2b-11ec-40a2-92eb-259c26ba120e tenant_id=- user_id=- method=GET path=/ status=200 duration_ms=1.3
INFO 2026-03-09 17:49:39,043 correlation 9 127151554688704 request_complete correlation_id=f6fa8be5-a639-415d-8e45-c42a5334fb9e tenant_id=- user_id=- method=GET path=/ status=200 duration_ms=1.31
INFO 2026-03-09 17:50:09,086 correlation 7 127151519479488 request_complete correlation_id=d613bcc4-e221-41ac-a307-0838a630ff5e tenant_id=- user_id=- method=GET path=/ status=200 duration_ms=1.51
INFO 2026-03-09 17:50:39,124 correlation 7 127151554688704 request_complete correlation_id=07af99ca-0b59-4678-9ff4-a3fb5f3ebd97 tenant_id=- user_id=- method=GET path=/ status=200 duration_ms=1.32
INFO 2026-03-09 17:51:09,164 correlation 7 127151554688704 request_complete correlation_id=bdc969e8-deaa-44fc-ae6e-68e44373f7b7 tenant_id=- user_id=- method=GET path=/ status=200 duration_ms=1.39
INFO 2026-03-09 17:51:39,203 correlation 8 127151554688704 request_complete correlation_id=a7f093b4-72aa-4262-a885-d63d78a327cd tenant_id=- user_id=- method=GET path=/ status=200 duration_ms=1.38
INFO 2026-03-09 17:52:09,246 correlation 7 127151519479488 request_complete correlation_id=a5f32c39-8273-44ff-96a0-3a0745100649 tenant_id=- user_id=- method=GET path=/ status=200 duration_ms=1.33
INFO 2026-03-09 17:52:39,284 correlation 7 127151519479488 request_complete correlation_id=ea44305b-07e9-478b-adf3-91cc851b6339 tenant_id=- user_id=- method=GET path=/ status=200 duration_ms=1.52
INFO 2026-03-09 17:53:09,331 correlation 7 127151554688704 request_complete correlation_id=ce79c6ea-d501-4eba-afa1-b8ad30a96831 tenant_id=- user_id=- method=GET path=/ status=200 duration_ms=2.26
INFO 2026-03-09 17:53:39,375 correlation 8 127151554688704 request_complete correlation_id=c24c8299-9fc8-4be0-89f2-96f40b5f0c76 tenant_id=- user_id=- method=GET path=/ status=200 duration_ms=1.47
INFO 2026-03-09 17:54:09,418 correlation 8 127151554688704 request_complete correlation_id=d8401cf3-0f3b-4f5d-a5e8-3b3ae1906aff tenant_id=- user_id=- method=GET path=/ status=200 duration_ms=1.37
INFO 2026-03-09 17:54:39,481 correlation 7 127151519479488 request_complete correlation_id=90d9a949-485e-408c-ae68-d54d8ac396f9 tenant_id=- user_id=- method=GET path=/ status=200 duration_ms=2.28
INFO 2026-03-09 17:55:09,529 correlation 8 127151554688704 request_complete correlation_id=7c04fc9c-bba0-4832-91f6-dee75c9f76ab tenant_id=- user_id=- method=GET path=/ status=200 duration_ms=1.32
INFO 2026-03-09 17:55:39,568 correlation 7 127151554688704 request_complete correlation_id=3fbe30d3-0e22-403e-9d27-0579a8a4c5db tenant_id=- user_id=- method=GET path=/ status=200 duration_ms=1.4
INFO 2026-03-09 17:56:09,641 correlation 8 127151554688704 request_complete correlation_id=b7747209-af7b-4ce6-960d-3f800bd7085f tenant_id=- user_id=- method=GET path=/ status=200 duration_ms=2.54
INFO 2026-03-09 17:56:39,681 correlation 8 127151554688704 request_complete correlation_id=4b72156d-b2c6-45b4-b508-4a8e2a5100dc tenant_id=- user_id=- method=GET path=/ status=200 duration_ms=1.31
INFO 2026-03-09 17:57:09,724 correlation 8 127151554688704 request_complete correlation_id=2e820236-f58f-482d-afe7-db1d836c9897 tenant_id=- user_id=- method=GET path=/ status=200 duration_ms=1.34
INFO 2026-03-09 17:57:39,763 correlation 8 127151554688704 request_complete correlation_id=f985cd68-56ef-4a24-a38f-00862c81911c tenant_id=- user_id=- method=GET path=/ status=200 duration_ms=1.56
INFO 2026-03-09 17:58:09,800 correlation 8 127151554688704 request_complete correlation_id=a6004317-b27e-4fc4-b7c3-2f821342263c tenant_id=- user_id=- method=GET path=/ status=200 duration_ms=1.3
INFO 2026-03-09 17:58:39,837 correlation 7 127151519479488 request_complete correlation_id=32e3c744-2aa8-4f9f-b7fc-0c93dd95cff6 tenant_id=- user_id=- method=GET path=/ status=200 duration_ms=1.33
INFO 2026-03-09 17:59:09,875 correlation 7 127151519479488 request_complete correlation_id=6c3028e2-6205-4cbe-8613-36b3bc0c491d tenant_id=- user_id=- method=GET path=/ status=200 duration_ms=1.53
INFO 2026-03-09 17:59:39,914 correlation 9 127151554688704 request_complete correlation_id=756cd821-ec60-4788-8494-4a6f57d26cb2 tenant_id=- user_id=- method=GET path=/ status=200 duration_ms=1.31
INFO 2026-03-09 18:00:09,953 correlation 7 127151519479488 request_complete correlation_id=084eb44f-35d8-4351-87e4-2c34ad7445f0 tenant_id=- user_id=- method=GET path=/ status=200 duration_ms=1.28
INFO 2026-03-09 18:00:39,994 correlation 8 127151554688704 request_complete correlation_id=d070a71a-573e-4cac-8fa3-9ba85397a186 tenant_id=- user_id=- method=GET path=/ status=200 duration_ms=1.32
INFO 2026-03-09 18:50:00,879 correlation 9 127151554688704 request_complete correlation_id=ed684651-050a-4ba7-a408-9e1d854b82ef tenant_id=- user_id=- method=GET path=/ status=200 duration_ms=1.91
INFO 2026-03-09 18:50:30,925 correlation 9 127151554688704 request_complete correlation_id=2867e6e7-066f-47f3-9080-a058867e7630 tenant_id=- user_id=- method=GET path=/ status=200 duration_ms=1.66
INFO 2026-03-09 18:51:00,964 correlation 7 127151554688704 request_complete correlation_id=e3f63eaf-c0c8-41fb-8eca-03dfdd46f0f1 tenant_id=- user_id=- method=GET path=/ status=200 duration_ms=1.64
INFO 2026-03-09 18:51:31,008 correlation 9 127151554688704 request_complete correlation_id=a4df2238-9760-41b2-8428-b2a73c5dc046 tenant_id=- user_id=- method=GET path=/ status=200 duration_ms=1.73
INFO 2026-03-09 18:52:01,056 correlation 7 127151554688704 request_complete correlation_id=2bbeecaf-9921-4aef-a873-82fd020ef5c0 tenant_id=- user_id=- method=GET path=/ status=200 duration_ms=1.79
INFO 2026-03-09 18:52:31,102 correlation 7 127151554688704 request_complete correlation_id=9960f024-c484-49af-adf8-71cb716d2f92 tenant_id=- user_id=- method=GET path=/ status=200 duration_ms=1.76
INFO 2026-03-09 18:53:01,153 correlation 9 127151519479488 request_complete correlation_id=cc85a67d-ee11-44f1-bee0-52980c1fbb47 tenant_id=- user_id=- method=GET path=/ status=200 duration_ms=2.39
INFO 2026-03-09 18:53:31,196 correlation 9 127151554688704 request_complete correlation_id=d692e1ae-d044-4223-9c95-2169a9849a35 tenant_id=- user_id=- method=GET path=/ status=200 duration_ms=1.63
INFO 2026-03-09 18:54:01,240 correlation 8 127151554688704 request_complete correlation_id=0128eda7-3c75-485e-976c-1ab70ae89a4a tenant_id=- user_id=- method=GET path=/ status=200 duration_ms=1.58
INFO 2026-03-09 18:54:31,286 correlation 7 127151554688704 request_complete correlation_id=28cd2557-1b22-49e6-909c-3d677495fc79 tenant_id=- user_id=- method=GET path=/ status=200 duration_ms=1.8
INFO 2026-03-09 18:55:01,337 correlation 9 127151554688704 request_complete correlation_id=b8582211-3632-4c19-904a-409128621b1b tenant_id=- user_id=- method=GET path=/ status=200 duration_ms=2.42
INFO 2026-03-09 18:55:31,380 correlation 7 127151554688704 request_complete correlation_id=e101de7d-5b9a-43a8-8d99-d42037741d08 tenant_id=- user_id=- method=GET path=/ status=200 duration_ms=1.68
INFO 2026-03-09 18:56:01,430 correlation 8 127151554688704 request_complete correlation_id=7bfec139-4a3f-4270-bc91-a6501590cc72 tenant_id=- user_id=- method=GET path=/ status=200 duration_ms=1.74
INFO 2026-03-09 18:56:31,473 correlation 8 127151554688704 request_complete correlation_id=52df368b-f5e0-48a3-aa18-317fbafdf2de tenant_id=- user_id=- method=GET path=/ status=200 duration_ms=1.46
INFO 2026-03-09 18:57:01,516 correlation 8 127151554688704 request_complete correlation_id=93ea592a-44cb-4019-b71c-c4b2e669e7ba tenant_id=- user_id=- method=GET path=/ status=200 duration_ms=1.59
INFO 2026-03-09 18:57:31,565 correlation 7 127151554688704 request_complete correlation_id=586b35e1-af7d-43b7-b1b6-2343f19a8676 tenant_id=- user_id=- method=GET path=/ status=200 duration_ms=1.98
INFO 2026-03-09 18:58:01,610 correlation 9 127151554688704 request_complete correlation_id=a55a381d-f1f3-4c22-a558-1e104cc1c803 tenant_id=- user_id=- method=GET path=/ status=200 duration_ms=2.56
INFO 2026-03-09 18:58:31,649 correlation 9 127151554688704 request_complete correlation_id=26328df6-7476-4916-a270-9ae75338459c tenant_id=- user_id=- method=GET path=/ status=200 duration_ms=1.49
INFO 2026-03-09 18:59:01,696 correlation 8 127151554688704 request_complete correlation_id=00f0dde7-c6f4-4a5c-af4a-fb814e2c5edc tenant_id=- user_id=- method=GET path=/ status=200 duration_ms=1.62
INFO 2026-03-09 18:59:31,744 correlation 8 127151554688704 request_complete correlation_id=ac0fd333-51d2-4249-bf71-729ea33ecc02 tenant_id=- user_id=- method=GET path=/ status=200 duration_ms=1.61
INFO 2026-03-09 19:00:01,792 correlation 9 127151519479488 request_complete correlation_id=4bbc9ccc-ed18-4771-b162-914424c2cd1e tenant_id=- user_id=- method=GET path=/ status=200 duration_ms=1.55
INFO 2026-03-09 19:00:31,842 correlation 7 127151554688704 request_complete correlation_id=c003c9ee-6a1f-4251-b771-113c5ef6c52b tenant_id=- user_id=- method=GET path=/ status=200 duration_ms=1.78
INFO 2026-03-09 19:01:01,888 correlation 9 127151519479488 request_complete correlation_id=86074a7e-77a5-478c-b8ef-ab60d51ffd8e tenant_id=- user_id=- method=GET path=/ status=200 duration_ms=2.02
INFO 2026-03-09 19:01:31,932 correlation 8 127151554688704 request_complete correlation_id=600b175f-ecfb-4107-bb3a-e833ea76dd1f tenant_id=- user_id=- method=GET path=/ status=200 duration_ms=1.72
INFO 2026-03-09 19:02:01,974 correlation 8 127151554688704 request_complete correlation_id=115c586b-70f5-400b-b633-eb9bccab2587 tenant_id=- user_id=- method=GET path=/ status=200 duration_ms=1.69
INFO 2026-03-09 19:02:32,023 correlation 7 127151554688704 request_complete correlation_id=2ae00179-257c-4085-ac7a-d5a6b29a8768 tenant_id=- user_id=- method=GET path=/ status=200 duration_ms=2.33
INFO 2026-03-09 19:03:02,061 correlation 7 127151554688704 request_complete correlation_id=b6c3db19-7831-41ec-9842-ae050ac7d291 tenant_id=- user_id=- method=GET path=/ status=200 duration_ms=1.47
INFO 2026-03-09 19:03:32,116 correlation 8 127151554688704 request_complete correlation_id=7d857ff7-a890-40dc-bc2f-db77d4bbece8 tenant_id=- user_id=- method=GET path=/ status=200 duration_ms=1.94
INFO 2026-03-09 19:04:02,163 correlation 8 127151554688704 request_complete correlation_id=c0323159-a19c-4f6c-9376-04086d4caf08 tenant_id=- user_id=- method=GET path=/ status=200 duration_ms=1.7
INFO 2026-03-09 19:04:32,211 correlation 7 127151554688704 request_complete correlation_id=01d532f4-35ef-46fe-af31-f7ba73150692 tenant_id=- user_id=- method=GET path=/ status=200 duration_ms=1.55
INFO 2026-03-09 19:05:02,255 correlation 8 127151554688704 request_complete correlation_id=39cc2656-7f13-4391-8160-fb096c7a5374 tenant_id=- user_id=- method=GET path=/ status=200 duration_ms=1.75
INFO 2026-03-09 19:05:32,302 correlation 9 127151519479488 request_complete correlation_id=ae723216-417d-4d9b-8a6e-b70aef91c606 tenant_id=- user_id=- method=GET path=/ status=200 duration_ms=1.52
INFO 2026-03-09 19:06:02,351 correlation 9 127151554688704 request_complete correlation_id=e25fa9b8-232e-4a12-841e-03f67748591e tenant_id=- user_id=- method=GET path=/ status=200 duration_ms=1.55
INFO 2026-03-09 19:06:32,395 correlation 9 127151519479488 request_complete correlation_id=9e78d20a-d78a-455a-b188-0ef1103652ff tenant_id=- user_id=- method=GET path=/ status=200 duration_ms=1.69
INFO 2026-03-09 19:07:02,440 correlation 7 127151554688704 request_complete correlation_id=78a350ca-f5d2-43b7-ad97-6305cefee805 tenant_id=- user_id=- method=GET path=/ status=200 duration_ms=1.69
INFO 2026-03-09 19:07:32,480 correlation 7 127151554688704 request_complete correlation_id=933753df-683b-45c1-807a-e27016efd8b1 tenant_id=- user_id=- method=GET path=/ status=200 duration_ms=2.02
INFO 2026-03-09 19:08:02,524 correlation 9 127151519479488 request_complete correlation_id=14e8dd95-31a6-4a32-b000-661ebdd41c16 tenant_id=- user_id=- method=GET path=/ status=200 duration_ms=1.53
INFO 2026-03-09 19:08:32,565 correlation 7 127151554688704 request_complete correlation_id=d80e7308-7ab4-48fd-b484-e65256351869 tenant_id=- user_id=- method=GET path=/ status=200 duration_ms=1.47
INFO 2026-03-09 19:09:02,604 correlation 7 127151554688704 request_complete correlation_id=f69f0d29-2d0c-4965-a35f-35f5e873fe17 tenant_id=- user_id=- method=GET path=/ status=200 duration_ms=1.51
INFO 2026-03-09 19:09:32,652 correlation 8 127151554688704 request_complete correlation_id=3f2dd96a-24a3-45ed-bf36-57af538cfda8 tenant_id=- user_id=- method=GET path=/ status=200 duration_ms=1.92
INFO 2026-03-09 19:10:02,699 correlation 7 127151554688704 request_complete correlation_id=0193136f-6b95-4f4d-afd8-8c3af1665f8c tenant_id=- user_id=- method=GET path=/ status=200 duration_ms=2.28
INFO 2026-03-09 19:10:32,741 correlation 9 127151519479488 request_complete correlation_id=adc058d6-d379-4551-8932-3dbadd437313 tenant_id=- user_id=- method=GET path=/ status=200 duration_ms=1.59
INFO 2026-03-09 19:11:02,781 correlation 9 127151519479488 request_complete correlation_id=de2ea398-643f-4af7-b86b-05121104439b tenant_id=- user_id=- method=GET path=/ status=200 duration_ms=1.38
INFO 2026-03-09 19:11:32,836 correlation 9 127151554688704 request_complete correlation_id=690ff401-6dd2-47b9-bfb2-7857e5272813 tenant_id=- user_id=- method=GET path=/ status=200 duration_ms=1.63
INFO 2026-03-09 19:12:02,882 correlation 8 127151554688704 request_complete correlation_id=dba59569-33ac-4a0c-b431-c524ee82ebc3 tenant_id=- user_id=- method=GET path=/ status=200 duration_ms=1.49
INFO 2026-03-09 19:12:32,928 correlation 7 127151519479488 request_complete correlation_id=2f16cd0b-78a7-4f07-aba8-fd927a29cb75 tenant_id=- user_id=- method=GET path=/ status=200 duration_ms=1.68
INFO 2026-03-09 19:13:02,972 correlation 8 127151554688704 request_complete correlation_id=b68b269c-3453-44c7-b757-25ed7116d0c7 tenant_id=- user_id=- method=GET path=/ status=200 duration_ms=1.73
INFO 2026-03-09 19:13:33,035 correlation 9 127151554688704 request_complete correlation_id=2d4d183c-8e11-4ac9-bebb-c12e3bb3f499 tenant_id=- user_id=- method=GET path=/ status=200 duration_ms=1.8
INFO 2026-03-09 19:14:03,081 correlation 8 127151554688704 request_complete correlation_id=c47dd594-c033-4332-96be-bcfa95be856c tenant_id=- user_id=- method=GET path=/ status=200 duration_ms=1.76
INFO 2026-03-09 19:14:33,129 correlation 8 127151554688704 request_complete correlation_id=f7c78e83-2d61-47d8-a126-402f02b57b22 tenant_id=- user_id=- method=GET path=/ status=200 duration_ms=1.83
INFO 2026-03-09 19:15:03,172 correlation 8 127151554688704 request_complete correlation_id=80eb4309-9d00-4384-b0c9-bfdc49a82815 tenant_id=- user_id=- method=GET path=/ status=200 duration_ms=1.5
INFO 2026-03-09 19:15:33,217 correlation 8 127151554688704 request_complete correlation_id=68f4d907-789b-445f-8367-8338db0644d1 tenant_id=- user_id=- method=GET path=/ status=200 duration_ms=1.53
INFO 2026-03-09 19:16:03,263 correlation 7 127151519479488 request_complete correlation_id=7297d6f2-9d1f-42ff-a1c8-e715720ccbfb tenant_id=- user_id=- method=GET path=/ status=200 duration_ms=1.43
INFO 2026-03-09 19:16:33,310 correlation 8 127151554688704 request_complete correlation_id=e00ea104-c981-47b1-896d-42241d87a35d tenant_id=- user_id=- method=GET path=/ status=200 duration_ms=1.43
INFO 2026-03-09 19:17:03,352 correlation 8 127151554688704 request_complete correlation_id=babe8d6a-3be3-4d73-99d2-5d6341f0980a tenant_id=- user_id=- method=GET path=/ status=200 duration_ms=1.81
INFO 2026-03-09 19:17:33,391 correlation 7 127151519479488 request_complete correlation_id=0481ab93-6659-4f72-8309-ef910d7d208a tenant_id=- user_id=- method=GET path=/ status=200 duration_ms=1.36
INFO 2026-03-09 19:18:03,433 correlation 7 127151519479488 request_complete correlation_id=f3d690b0-6ac5-4012-8859-ce30889ff4ba tenant_id=- user_id=- method=GET path=/ status=200 duration_ms=1.42
INFO 2026-03-09 19:18:33,476 correlation 8 127151554688704 request_complete correlation_id=1e9dbd74-e8e1-44af-8d12-289eb246152b tenant_id=- user_id=- method=GET path=/ status=200 duration_ms=1.5
INFO 2026-03-09 19:19:03,523 correlation 9 127151519479488 request_complete correlation_id=3daf3559-a489-4357-b3cb-47276753f219 tenant_id=- user_id=- method=GET path=/ status=200 duration_ms=1.87
INFO 2026-03-09 19:19:33,567 correlation 7 127151519479488 request_complete correlation_id=6fb6d092-d3b9-4a46-aae7-f6dd39a42538 tenant_id=- user_id=- method=GET path=/ status=200 duration_ms=1.52
INFO 2026-03-09 19:20:03,614 correlation 7 127151554688704 request_complete correlation_id=d951f10a-de21-45e8-952a-61284d0c7ff2 tenant_id=- user_id=- method=GET path=/ status=200 duration_ms=1.62
INFO 2026-03-09 19:20:33,650 correlation 9 127151519479488 request_complete correlation_id=3fb89983-2634-4776-99a3-d22328e52678 tenant_id=- user_id=- method=GET path=/ status=200 duration_ms=1.45
INFO 2026-03-09 19:21:03,692 correlation 7 127151519479488 request_complete correlation_id=93ad7ccd-4948-445e-9ec2-f9acdea9a103 tenant_id=- user_id=- method=GET path=/ status=200 duration_ms=1.42
INFO 2026-03-09 19:21:33,739 correlation 8 127151554688704 request_complete correlation_id=9606916a-a5a5-4362-83ae-749c46e208f4 tenant_id=- user_id=- method=GET path=/ status=200 duration_ms=2.38
INFO 2026-03-09 19:22:03,779 correlation 8 127151554688704 request_complete correlation_id=4ce534a1-8cce-458c-aace-425a5c2e5b5a tenant_id=- user_id=- method=GET path=/ status=200 duration_ms=1.32
INFO 2026-03-09 19:22:33,828 correlation 7 127151519479488 request_complete correlation_id=dd105bfc-5e7c-4e58-aaba-f9429661550a tenant_id=- user_id=- method=GET path=/ status=200 duration_ms=1.75
INFO 2026-03-09 19:23:03,864 correlation 7 127151519479488 request_complete correlation_id=e9087d78-23be-473f-b0a9-4ddf491c59a8 tenant_id=- user_id=- method=GET path=/ status=200 duration_ms=1.37
INFO 2026-03-09 19:23:33,902 correlation 8 127151554688704 request_complete correlation_id=e918aa00-ab21-4e3b-ae88-26592e157c97 tenant_id=- user_id=- method=GET path=/ status=200 duration_ms=1.58
INFO 2026-03-09 19:24:03,941 correlation 9 127151519479488 request_complete correlation_id=f7d43638-6705-4cad-aca1-fbd8ed871fe2 tenant_id=- user_id=- method=GET path=/ status=200 duration_ms=1.39
INFO 2026-03-09 19:24:33,986 correlation 7 127151554688704 request_complete correlation_id=ffd8f480-446d-461c-89fd-ab1cca29ce4c tenant_id=- user_id=- method=GET path=/ status=200 duration_ms=1.56
INFO 2026-03-09 19:25:04,023 correlation 9 127151554688704 request_complete correlation_id=17adfbc2-b6f1-4972-b769-38b676569bc8 tenant_id=- user_id=- method=GET path=/ status=200 duration_ms=1.37
INFO 2026-03-09 19:25:34,061 correlation 7 127151554688704 request_complete correlation_id=2c84a64a-230f-4607-9204-29d8fe691c53 tenant_id=- user_id=- method=GET path=/ status=200 duration_ms=1.37
INFO 2026-03-09 19:26:04,098 correlation 7 127151554688704 request_complete correlation_id=88666fdb-752b-4cc0-803d-e5cae3856225 tenant_id=- user_id=- method=GET path=/ status=200 duration_ms=1.22
INFO 2026-03-09 19:26:34,135 correlation 7 127151554688704 request_complete correlation_id=a2b21e1c-aa62-43e3-8743-c2438b85a9c7 tenant_id=- user_id=- method=GET path=/ status=200 duration_ms=2.11
INFO 2026-03-09 19:27:04,173 correlation 7 127151554688704 request_complete correlation_id=4ba8d61d-f107-417a-8bb6-61885d3744b3 tenant_id=- user_id=- method=GET path=/ status=200 duration_ms=1.67
INFO 2026-03-09 19:27:34,214 correlation 7 127151519479488 request_complete correlation_id=373bf442-72b2-4171-bb36-1e84e1485a85 tenant_id=- user_id=- method=GET path=/ status=200 duration_ms=1.35
INFO 2026-03-09 19:28:04,274 correlation 8 127151554688704 request_complete correlation_id=ea45d189-1a6e-45a2-9a99-08569d1aed0b tenant_id=- user_id=- method=GET path=/ status=200 duration_ms=1.73
INFO 2026-03-09 19:28:34,363 correlation 8 127151554688704 request_complete correlation_id=0ac9db4b-11f3-4c6c-886e-b8016bcefbde tenant_id=- user_id=- method=GET path=/ status=200 duration_ms=3.29
INFO 2026-03-09 20:32:44,763 correlation 7 123540047132352 request_complete correlation_id=c6d1ffe5-fe60-4768-9f5b-85e228dccb27 tenant_id=- user_id=- method=GET path=/ status=200 duration_ms=210.93
INFO 2026-03-09 20:33:14,800 correlation 7 123540047132352 request_complete correlation_id=ba94e42f-ffa4-42fe-a9c9-cb7ee423d2d7 tenant_id=- user_id=- method=GET path=/ status=200 duration_ms=1.4
INFO 2026-03-09 20:33:44,837 correlation 7 123540047132352 request_complete correlation_id=09212a4a-3059-44be-abe0-2e6cc14b4219 tenant_id=- user_id=- method=GET path=/ status=200 duration_ms=1.32
INFO 2026-03-09 20:34:15,046 correlation 8 123540047132352 request_complete correlation_id=af3f08d6-5dc5-4f15-8337-34be49464dcc tenant_id=- user_id=- method=GET path=/ status=200 duration_ms=175.25
INFO 2026-03-09 20:34:45,090 correlation 8 123540047132352 request_complete correlation_id=ea287da4-7be2-4cd3-8f13-3f48c37fc47c tenant_id=- user_id=- method=GET path=/ status=200 duration_ms=1.35
INFO 2026-03-09 20:35:15,340 correlation 9 123540047132352 request_complete correlation_id=8d327d23-bf4a-4614-ac89-4c966bf5b0a4 tenant_id=- user_id=- method=GET path=/ status=200 duration_ms=204.98
INFO 2026-03-09 20:35:45,382 correlation 9 123540047132352 request_complete correlation_id=c2b57cc9-2ce6-47a8-819d-1da8b28d84d7 tenant_id=- user_id=- method=GET path=/ status=200 duration_ms=1.35
INFO 2026-03-09 20:36:15,426 correlation 9 123540047132352 request_complete correlation_id=8ec81046-555c-4a16-9367-b97b8cb18694 tenant_id=- user_id=- method=GET path=/ status=200 duration_ms=1.65
INFO 2026-03-09 20:36:45,471 correlation 7 123540047132352 request_complete correlation_id=43861f18-e8cd-471a-97fb-71a830e02c5a tenant_id=- user_id=- method=GET path=/ status=200 duration_ms=1.32
INFO 2026-03-09 20:37:15,517 correlation 7 123540047132352 request_complete correlation_id=cd5e945f-d5a3-4ead-b848-ae12e39a3056 tenant_id=- user_id=- method=GET path=/ status=200 duration_ms=1.43
INFO 2026-03-09 20:37:45,554 correlation 9 123540047132352 request_complete correlation_id=8338690c-fc09-4b31-8e0c-843c8c6ea4fd tenant_id=- user_id=- method=GET path=/ status=200 duration_ms=1.67
INFO 2026-03-09 20:38:15,604 correlation 9 123540047132352 request_complete correlation_id=c61f82b2-9ce4-4192-bf25-c916af52b982 tenant_id=- user_id=- method=GET path=/ status=200 duration_ms=1.58
INFO 2026-03-09 20:38:45,641 correlation 8 123540047132352 request_complete correlation_id=1398995c-4a74-4356-8302-c117d927eeb2 tenant_id=- user_id=- method=GET path=/ status=200 duration_ms=1.49
INFO 2026-03-09 20:39:15,678 correlation 9 123540047132352 request_complete correlation_id=5b8e0b9f-be9f-4aba-b09c-fcdd8058d933 tenant_id=- user_id=- method=GET path=/ status=200 duration_ms=1.53
INFO 2026-03-09 20:39:45,720 correlation 8 123540047132352 request_complete correlation_id=b798d4fe-580a-4760-9195-7a3c1af44e29 tenant_id=- user_id=- method=GET path=/ status=200 duration_ms=1.45
INFO 2026-03-09 20:40:15,758 correlation 7 123540047132352 request_complete correlation_id=e5e978f0-a116-4dcf-8e4c-6249d0317bae tenant_id=- user_id=- method=GET path=/ status=200 duration_ms=1.44
INFO 2026-03-09 20:40:45,801 correlation 8 123540047132352 request_complete correlation_id=e127a6c6-0b1c-4e8f-a345-d63a9a46e7f3 tenant_id=- user_id=- method=GET path=/ status=200 duration_ms=1.41
INFO 2026-03-09 20:41:15,841 correlation 7 123540047132352 request_complete correlation_id=94421dfd-e447-4561-83c9-6c3e7342f093 tenant_id=- user_id=- method=GET path=/ status=200 duration_ms=1.28
INFO 2026-03-09 20:41:45,877 correlation 7 123540047132352 request_complete correlation_id=4c122c53-0d06-4543-bcea-8c92f22a3c1f tenant_id=- user_id=- method=GET path=/ status=200 duration_ms=1.27
INFO 2026-03-09 20:42:15,919 correlation 9 123540047132352 request_complete correlation_id=56c36a96-4b18-41ff-bc65-f1a2ca64463c tenant_id=- user_id=- method=GET path=/ status=200 duration_ms=1.35
INFO 2026-03-09 20:42:45,953 correlation 9 123540047132352 request_complete correlation_id=b31e95a1-ca0d-44c0-a07f-6edc2056f440 tenant_id=- user_id=- method=GET path=/ status=200 duration_ms=1.3
INFO 2026-03-09 20:43:15,994 correlation 7 123540047132352 request_complete correlation_id=183de18c-4d11-4427-8abe-6a5f6ea9ad95 tenant_id=- user_id=- method=GET path=/ status=200 duration_ms=1.34
INFO 2026-03-09 20:43:46,035 correlation 9 123540047132352 request_complete correlation_id=75fa4591-9074-4434-999c-01ec875ba2df tenant_id=- user_id=- method=GET path=/ status=200 duration_ms=1.36
INFO 2026-03-09 20:44:13,264 correlation 7 123540047132352 request_complete correlation_id=8b33426a-2bea-409b-a11b-54707c91af1f tenant_id=- user_id=- method=GET path=/ status=200 duration_ms=1.43
INFO 2026-03-09 20:44:16,072 correlation 8 123540047132352 request_complete correlation_id=9fe607f4-7c7d-42ca-9535-a866bc047ae1 tenant_id=- user_id=- method=GET path=/ status=200 duration_ms=1.65
INFO 2026-03-09 20:44:22,538 correlation 7 123540047132352 request_complete correlation_id=e885be40-cb31-4e41-9d10-7e7495109a9b tenant_id=- user_id=- method=POST path=/platform/api/login status=404 duration_ms=3.98
INFO 2026-03-09 20:44:28,122 correlation 7 123540047132352 request_complete correlation_id=41963c33-866d-4519-896d-2c8aa86c05a8 tenant_id=1 user_id=- method=POST path=/api/demo/auth/login/ status=500 duration_ms=5579.12
INFO 2026-03-09 20:44:28,125 correlation 7 123540047132352 request_complete correlation_id=61871f4b-d501-43e1-8519-88a47fe1b581 tenant_id=- user_id=- method=POST path=/api/techflow/auth/login/ status=404 duration_ms=1.03
INFO 2026-03-09 20:44:46,109 correlation 9 123540047132352 request_complete correlation_id=adb24e6b-33a8-478c-8fb8-8adec34017e7 tenant_id=- user_id=- method=GET path=/ status=200 duration_ms=1.3
INFO 2026-03-09 20:45:16,153 correlation 8 123540047132352 request_complete correlation_id=c245922c-89a8-4956-9ea3-afc134ea6dbd tenant_id=- user_id=- method=GET path=/ status=200 duration_ms=1.64
INFO 2026-03-09 20:45:46,189 correlation 8 123540047132352 request_complete correlation_id=42448ea7-4aae-42f7-af6b-28591dfa7e41 tenant_id=- user_id=- method=GET path=/ status=200 duration_ms=1.26
INFO 2026-03-09 20:46:16,229 correlation 9 123540047132352 request_complete correlation_id=2deb519a-a33f-49e1-a5c3-3a1029230341 tenant_id=- user_id=- method=GET path=/ status=200 duration_ms=1.25
INFO 2026-03-09 20:46:48,103 correlation 7 140423309817536 request_complete correlation_id=9b205acf-59f7-456b-97e9-1da61e0bcb90 tenant_id=- user_id=- method=GET path=/ status=200 duration_ms=199.57
INFO 2026-03-09 20:47:18,313 correlation 8 140423309817536 request_complete correlation_id=105c5aec-b37d-4689-84e5-6f0356c56fcb tenant_id=- user_id=- method=GET path=/ status=200 duration_ms=172.45
INFO 2026-03-09 20:47:29,787 correlation 7 136743940519616 request_complete correlation_id=3b718941-9269-4c8c-90ad-af5978d09b0e tenant_id=- user_id=- method=GET path=/ status=200 duration_ms=176.68
INFO 2026-03-09 20:48:00,059 correlation 9 136743940519616 request_complete correlation_id=d2b56811-5f48-45be-bf80-f646228186f6 tenant_id=- user_id=- method=GET path=/ status=200 duration_ms=237.2
INFO 2026-03-09 20:48:07,938 correlation 9 136743940519616 request_complete correlation_id=633ac7f7-9de9-475c-8ba4-889bff2fea33 tenant_id=1 user_id=- method=POST path=/api/demo/auth/login/ status=500 duration_ms=6672.88
INFO 2026-03-09 20:48:30,104 correlation 9 136743940519616 request_complete correlation_id=aff3aeb5-a02c-4c6a-b478-654fe1ac5474 tenant_id=- user_id=- method=GET path=/ status=200 duration_ms=1.41
INFO 2026-03-09 20:48:53,724 correlation 9 130102287398592 request_complete correlation_id=04b89dc4-c6d0-4db1-84d4-2c95d17b759f tenant_id=- user_id=- method=GET path=/ status=200 duration_ms=196.81
INFO 2026-03-09 20:49:23,764 correlation 9 130102287398592 request_complete correlation_id=3b822d43-ab27-4cfc-b86a-cf4787ada3a4 tenant_id=- user_id=- method=GET path=/ status=200 duration_ms=0.94
INFO 2026-03-09 20:49:33,990 correlation 9 130102287398592 request_complete correlation_id=31e4a556-1562-4521-8fd6-8e9cc0ad5c6d tenant_id=- user_id=- method=POST path=/api/techflow/auth/login/ status=404 duration_ms=6.76
INFO 2026-03-09 20:49:53,802 correlation 9 130102287398592 request_complete correlation_id=9919bedb-8307-4505-8d16-77b780081aa9 tenant_id=- user_id=- method=GET path=/ status=200 duration_ms=0.77
INFO 2026-03-09 20:50:23,850 correlation 9 130102287398592 request_complete correlation_id=912009f6-efb1-45de-8975-4abcb40155e7 tenant_id=- user_id=- method=GET path=/ status=200 duration_ms=0.87
INFO 2026-03-09 20:50:30,923 correlation 9 130102287398592 request_complete correlation_id=feb61788-d764-4731-9434-59b2a0d1254f tenant_id=- user_id=- method=POST path=/api/techflow/auth/login/ status=404 duration_ms=1.18
INFO 2026-03-09 20:50:45,669 correlation 9 130102287398592 request_complete correlation_id=56a2a6d5-aed4-4d81-a0d2-bd2f260f5d67 tenant_id=1 user_id=- method=POST path=/api/demo/auth/login/ status=500 duration_ms=5733.97
INFO 2026-03-09 20:50:53,885 correlation 9 130102287398592 request_complete correlation_id=24f1cd98-ffb7-483c-8c67-c45eb32b04c0 tenant_id=- user_id=- method=GET path=/ status=200 duration_ms=0.88
INFO 2026-03-09 20:51:11,549 correlation 9 130102287398592 request_complete correlation_id=f70d0406-fe63-4075-99fd-4a060c133540 tenant_id=- user_id=- method=POST path=/platform/api/login status=404 duration_ms=0.76
INFO 2026-03-09 20:51:24,109 correlation 7 130102287398592 request_complete correlation_id=020b8268-a96c-462b-b5e4-109ae87507a3 tenant_id=- user_id=- method=GET path=/ status=200 duration_ms=176.35
INFO 2026-03-09 20:51:28,615 correlation 8 130102287398592 request_complete correlation_id=9064cd51-ec18-4376-8059-dcc4523d8fed tenant_id=- user_id=- method=POST path=/api/platform/login status=200 duration_ms=449.54
INFO 2026-03-09 20:51:54,147 correlation 9 130102287398592 request_complete correlation_id=1edf1ea2-c762-4c17-b745-1183e808abc0 tenant_id=- user_id=- method=GET path=/ status=200 duration_ms=0.72
INFO 2026-03-09 20:52:24,183 correlation 9 130102287398592 request_complete correlation_id=ea530d2e-3533-4e0c-a32e-ca091fa8bd1f tenant_id=- user_id=- method=GET path=/ status=200 duration_ms=1.05
INFO 2026-03-09 20:52:54,231 correlation 8 130102287398592 request_complete correlation_id=db6516f6-8336-4019-9898-f34c38e807f4 tenant_id=- user_id=- method=GET path=/ status=200 duration_ms=6.41
INFO 2026-03-09 20:53:24,270 correlation 9 130102287398592 request_complete correlation_id=5dce0e1d-3f6f-4836-a94f-671a8968aba5 tenant_id=- user_id=- method=GET path=/ status=200 duration_ms=0.84
INFO 2026-03-09 20:56:29,873 correlation 10 134241793095360 request_complete correlation_id=81c06e98-2989-4f35-8c48-57aac419a94c tenant_id=- user_id=- method=GET path=/ status=200 duration_ms=183.98
INFO 2026-03-09 20:56:56,156 correlation 9 134241793095360 request_complete correlation_id=72036474-7474-4a61-b785-4eba062bafe9 tenant_id=- user_id=- method=GET path=/ status=200 duration_ms=209.28
INFO 2026-03-09 20:57:00,095 correlation 8 134241793095360 request_complete correlation_id=6ee934d1-e58a-46e8-a83b-6420d9366a50 tenant_id=- user_id=- method=GET path=/ status=200 duration_ms=184.78
INFO 2026-03-09 20:57:06,815 correlation 10 134241793095360 request_complete correlation_id=3e800c47-5c5b-47b8-aab7-3cfcc43fe69b tenant_id=- user_id=- method=POST path=/platform/api/login status=404 duration_ms=2.48
INFO 2026-03-09 20:57:14,885 correlation 9 134241793095360 request_complete correlation_id=6460700b-2c64-4071-af90-17ef19a596b8 tenant_id=- user_id=- method=POST path=/api/platform/login status=200 duration_ms=238.5
INFO 2026-03-09 20:57:30,138 correlation 8 134241793095360 request_complete correlation_id=25bab614-4c7e-4689-ba1f-516bde3c0723 tenant_id=- user_id=- method=GET path=/ status=200 duration_ms=0.88
INFO 2026-03-09 20:57:40,888 correlation 8 134241793095360 request_complete correlation_id=c93b7da8-6756-420f-a443-1b0f8ff03d86 tenant_id=- user_id=- method=GET path=/ status=200 duration_ms=1.54
INFO 2026-03-09 20:57:56,645 correlation 10 134241793095360 request_complete correlation_id=19f830e5-4370-4ba2-a3f3-0572a1e3e78c tenant_id=- user_id=- method=GET path=/platform/login status=200 duration_ms=2.37
INFO 2026-03-09 20:58:00,184 correlation 10 134241793095360 request_complete correlation_id=752cae4d-4007-4670-86c3-b6e2e395fe74 tenant_id=- user_id=- method=GET path=/ status=200 duration_ms=0.84
INFO 2026-03-09 20:58:30,221 correlation 10 134241793095360 request_complete correlation_id=664062ae-a4cd-4115-80ca-8aa2a3b0a041 tenant_id=- user_id=- method=GET path=/ status=200 duration_ms=0.98
INFO 2026-03-09 20:59:00,256 correlation 10 134241793095360 request_complete correlation_id=065b354e-cbf8-405c-a26c-cf8711e2283e tenant_id=- user_id=- method=GET path=/ status=200 duration_ms=0.83
INFO 2026-03-09 20:59:03,158 correlation 8 134241793095360 request_complete correlation_id=7fd37fc9-a871-4e13-915a-83f5263e4604 tenant_id=- user_id=- method=POST path=/api/platform/login status=200 duration_ms=210.23
INFO 2026-03-09 20:59:03,168 correlation 8 134241793095360 request_complete correlation_id=98db3411-26a5-4dfb-839d-da72d81ff966 tenant_id=- user_id=- method=GET path=/platform/dashboard status=200 duration_ms=1.13
INFO 2026-03-09 20:59:03,205 correlation 9 134241793095360 request_complete correlation_id=4c759ac5-645f-4e9b-9221-f99567e8ab03 tenant_id=- user_id=2 method=GET path=/api/platform/me status=200 duration_ms=2.69
INFO 2026-03-09 20:59:03,210 correlation 9 134241793095360 request_complete correlation_id=ef4f3cee-89df-42d6-9bb1-1255e5ebf778 tenant_id=- user_id=2 method=GET path=/api/platform/me status=200 duration_ms=2.46
INFO 2026-03-09 20:59:03,237 correlation 10 134241793095360 request_complete correlation_id=34d6390d-5836-4d12-97fb-22a653575b33 tenant_id=- user_id=2 method=GET path=/api/platform/enquiries status=200 duration_ms=18.98
INFO 2026-03-09 20:59:08,730 correlation 8 134241793095360 request_complete correlation_id=fbb0e399-fd3d-42d8-866d-65ab529596f9 tenant_id=- user_id=2 method=GET path=/api/platform/stats status=500 duration_ms=5512.31
INFO 2026-03-09 20:59:08,733 correlation 9 134241793095360 request_complete correlation_id=30f681c4-56a7-41f3-8acc-6f0fc0d23b1a tenant_id=- user_id=2 method=GET path=/api/platform/organizations status=500 duration_ms=5514.58
INFO 2026-03-09 20:59:15,893 correlation 10 134241631782592 request_complete correlation_id=52227e55-a679-4a59-bff6-2e3ddfb193e1 tenant_id=- user_id=2 method=GET path=/api/platform/enquiries status=200 duration_ms=5.64
INFO 2026-03-09 20:59:19,689 correlation 10 134241793095360 request_complete correlation_id=951743a4-5615-4833-92c7-f0d43261559f tenant_id=- user_id=2 method=GET path=/api/platform/organizations status=500 duration_ms=6927.89
INFO 2026-03-09 20:59:21,393 correlation 9 134241793095360 request_complete correlation_id=18e1ed39-d275-46f9-812a-3df8906ea2f6 tenant_id=- user_id=- method=GET path=/platform/dashboard status=200 duration_ms=1.04
INFO 2026-03-09 20:59:21,408 correlation 10 134241631782592 request_complete correlation_id=61daacda-dcc6-484c-90ee-8439f054062d tenant_id=- user_id=2 method=GET path=/api/platform/me status=200 duration_ms=1.73
INFO 2026-03-09 20:59:21,412 correlation 10 134241793095360 request_complete correlation_id=4f69f5fe-1d3b-41d2-8f1f-9ee4eab3deb1 tenant_id=- user_id=2 method=GET path=/api/platform/me status=200 duration_ms=2.26
INFO 2026-03-09 20:59:21,419 correlation 8 134241793095360 request_complete correlation_id=b656e4c8-9120-4cc5-9118-5dcf10406e00 tenant_id=- user_id=2 method=GET path=/api/platform/enquiries status=200 duration_ms=4.35
INFO 2026-03-09 20:59:22,972 correlation 8 134241793095360 request_complete correlation_id=fc55136c-1e57-4360-a8b0-bb86f981800e tenant_id=- user_id=- method=GET path=/platform/dashboard status=200 duration_ms=0.77
INFO 2026-03-09 20:59:22,984 correlation 8 134241793095360 request_complete correlation_id=e31386de-2ea9-4c6b-bd64-dd0a94ce79e4 tenant_id=- user_id=2 method=GET path=/api/platform/me status=200 duration_ms=2.12
INFO 2026-03-09 20:59:22,988 correlation 10 134241793095360 request_complete correlation_id=f31c1b32-fbcd-43f4-b963-0b8956d7c0ae tenant_id=- user_id=2 method=GET path=/api/platform/me status=200 duration_ms=1.89
INFO 2026-03-09 20:59:22,994 correlation 8 134241793095360 request_complete correlation_id=4c198273-cb84-4a9d-bc16-8431dfef53d7 tenant_id=- user_id=2 method=GET path=/api/platform/enquiries status=200 duration_ms=3.28
INFO 2026-03-09 20:59:25,846 correlation 9 134241793095360 request_complete correlation_id=6b6057fc-89cd-4c6e-b90b-3700f76d9e0f tenant_id=- user_id=2 method=GET path=/api/platform/organizations status=500 duration_ms=4431.76
INFO 2026-03-09 20:59:26,236 correlation 10 134241631782592 request_complete correlation_id=dd12d593-687f-4d48-b420-65029aeff2a2 tenant_id=- user_id=2 method=GET path=/api/platform/stats status=500 duration_ms=4821.46
INFO 2026-03-09 20:59:30,288 correlation 9 134241793095360 request_complete correlation_id=ef10d490-c8e1-47e9-9cca-5dc14c6a5f14 tenant_id=- user_id=- method=GET path=/ status=200 duration_ms=0.83
INFO 2026-03-09 20:59:30,845 correlation 9 134241631782592 request_complete correlation_id=a493a1d7-fcd4-4791-9e7a-646cb53a0202 tenant_id=- user_id=2 method=GET path=/api/platform/organizations status=500 duration_ms=7853.83
INFO 2026-03-09 20:59:31,242 correlation 10 134241793095360 request_complete correlation_id=f20570d5-015a-48b9-abad-92e4bd1688aa tenant_id=- user_id=2 method=GET path=/api/platform/stats status=500 duration_ms=8251.45
INFO 2026-03-09 20:59:38,995 correlation 8 134241793095360 request_complete correlation_id=63322e38-69cd-4629-b98f-8c50f93a814d tenant_id=- user_id=- method=GET path=/platform/dashboard status=200 duration_ms=0.77
INFO 2026-03-09 20:59:39,007 correlation 10 134241631782592 request_complete correlation_id=5ddaf77a-3b6e-46fc-a6a6-0c383537707e tenant_id=- user_id=2 method=GET path=/api/platform/me status=200 duration_ms=1.68
INFO 2026-03-09 20:59:39,011 correlation 10 134241793095360 request_complete correlation_id=3ee779ab-d4fa-4b45-a958-e13fddab30ca tenant_id=- user_id=2 method=GET path=/api/platform/me status=200 duration_ms=1.93
INFO 2026-03-09 20:59:39,017 correlation 8 134241793095360 request_complete correlation_id=6d5b0ceb-b747-417d-a76f-b41153d7f63e tenant_id=- user_id=2 method=GET path=/api/platform/enquiries status=200 duration_ms=3.24
INFO 2026-03-09 20:59:40,916 correlation 10 134241793095360 request_complete correlation_id=38caacbc-33ad-4783-9154-7d9709dc1404 tenant_id=- user_id=- method=GET path=/platform/dashboard status=200 duration_ms=1.02
INFO 2026-03-09 20:59:40,930 correlation 9 134241631782592 request_complete correlation_id=dd1dc098-452e-4f5c-b812-1b60e0404fab tenant_id=- user_id=2 method=GET path=/api/platform/me status=200 duration_ms=1.66
INFO 2026-03-09 20:59:40,934 correlation 10 134241793095360 request_complete correlation_id=535b1884-e3f8-4ad7-82d4-8086ff0dcc76 tenant_id=- user_id=2 method=GET path=/api/platform/me status=200 duration_ms=1.79
INFO 2026-03-09 20:59:40,940 correlation 8 134241793095360 request_complete correlation_id=fca7fadb-1ddf-4ffb-af40-a25c3d1d4a83 tenant_id=- user_id=2 method=GET path=/api/platform/enquiries status=200 duration_ms=3.16
INFO 2026-03-09 20:59:44,749 correlation 10 134241631782592 request_complete correlation_id=1383c541-5441-4293-8354-b581f97c29ab tenant_id=- user_id=2 method=GET path=/api/platform/stats status=500 duration_ms=5735.99
INFO 2026-03-09 20:59:45,754 correlation 9 134241793095360 request_complete correlation_id=57079526-0e29-42b8-8188-192328c80dfb tenant_id=- user_id=2 method=GET path=/api/platform/organizations status=500 duration_ms=6740.93
INFO 2026-03-09 20:59:49,945 correlation 10 134241793095360 request_complete correlation_id=c6a145eb-041a-4d3a-bc21-dd0267ba3a15 tenant_id=- user_id=2 method=GET path=/api/platform/stats status=500 duration_ms=9009.05
INFO 2026-03-09 20:59:51,275 correlation 9 134241631782592 request_complete correlation_id=c4904451-55cf-41dc-9756-a0f811c38e1d tenant_id=- user_id=2 method=GET path=/api/platform/organizations status=500 duration_ms=10338.81
INFO 2026-03-09 21:00:00,325 correlation 9 134241793095360 request_complete correlation_id=a2c3a019-6523-4a98-ae39-eabed0eedd38 tenant_id=- user_id=- method=GET path=/ status=200 duration_ms=1.01
INFO 2026-03-09 21:00:06,649 correlation 10 134241631782592 request_complete correlation_id=d98361e4-d837-4ac2-9a02-97720e951cba tenant_id=- user_id=- method=GET path=/techflow/login status=404 duration_ms=1.91
INFO 2026-03-09 21:00:16,254 correlation 8 134241793095360 request_complete correlation_id=6cc8e6d5-486f-461f-9aa4-b899bb7bf376 tenant_id=- user_id=- method=GET path=/techflow/login status=404 duration_ms=1.53
INFO 2026-03-09 21:00:18,618 correlation 8 134241793095360 request_complete correlation_id=38aacbeb-4932-4712-a3b7-dbc37ead641e tenant_id=- user_id=- method=GET path=/techflow/login status=404 duration_ms=1.21
INFO 2026-03-09 21:00:30,362 correlation 10 134241793095360 request_complete correlation_id=add29d0f-5012-4f52-bef9-3237d31f075e tenant_id=- user_id=- method=GET path=/ status=200 duration_ms=0.83
INFO 2026-03-09 21:01:00,470 correlation 10 134241793095360 request_complete correlation_id=51dcda58-f610-47e6-a672-97046b9d4488 tenant_id=- user_id=- method=GET path=/ status=200 duration_ms=2.45
INFO 2026-03-09 21:01:30,515 correlation 8 134241793095360 request_complete correlation_id=39d2bda8-6e94-4db8-8233-33d6a5e1020f tenant_id=- user_id=- method=GET path=/ status=200 duration_ms=0.82
INFO 2026-03-09 21:02:00,551 correlation 8 134241793095360 request_complete correlation_id=c730519c-6f1c-4c15-9af4-c3c59b3aff9b tenant_id=- user_id=- method=GET path=/ status=200 duration_ms=0.91
INFO 2026-03-09 21:02:30,591 correlation 8 134241793095360 request_complete correlation_id=31bb1ddc-452d-4f1f-9eed-4e102ddcef72 tenant_id=- user_id=- method=GET path=/ status=200 duration_ms=0.77
INFO 2026-03-09 21:03:00,628 correlation 9 134241631782592 request_complete correlation_id=b4eeb64c-8396-49e5-8de5-4d98a102efa5 tenant_id=- user_id=- method=GET path=/ status=200 duration_ms=0.94
INFO 2026-03-09 21:03:30,664 correlation 8 134241793095360 request_complete correlation_id=49c4706b-c6c6-4181-ab53-5b6c2702d04c tenant_id=- user_id=- method=GET path=/ status=200 duration_ms=0.77
INFO 2026-03-09 21:04:00,702 correlation 9 134241793095360 request_complete correlation_id=49ae102f-00e9-43a2-b9e9-fe236ea39986 tenant_id=- user_id=- method=GET path=/ status=200 duration_ms=0.86
INFO 2026-03-09 21:04:11,226 correlation 8 134241793095360 request_complete correlation_id=1da8e752-72ba-477f-baa5-fd00efc13556 tenant_id=- user_id=- method=GET path=/platform/login status=200 duration_ms=0.98
INFO 2026-03-09 21:04:30,740 correlation 10 134241631782592 request_complete correlation_id=91747cca-2e71-4e72-972b-e904e92a60c6 tenant_id=- user_id=- method=GET path=/ status=200 duration_ms=1.09
INFO 2026-03-09 21:04:49,984 correlation 10 134241631782592 request_complete correlation_id=acdddb62-c99c-4c8e-995e-fb6d7b41da48 tenant_id=- user_id=- method=POST path=/api/platform/login status=200 duration_ms=217.21
INFO 2026-03-09 21:04:55,962 correlation 10 134241793095360 request_complete correlation_id=d0ffc26c-d66e-4b6c-afd4-e94fad590850 tenant_id=1 user_id=- method=POST path=/api/demo/auth/login/ status=500 duration_ms=5823.29
INFO 2026-03-09 21:05:00,775 correlation 8 134241793095360 request_complete correlation_id=f845bf4c-a655-4651-a745-177e2be87b9d tenant_id=- user_id=- method=GET path=/ status=200 duration_ms=1.08
INFO 2026-03-09 21:05:30,813 correlation 10 134241631782592 request_complete correlation_id=d2445d2e-1501-4d63-97e4-74f617d29470 tenant_id=- user_id=- method=GET path=/ status=200 duration_ms=0.79
INFO 2026-03-09 21:05:51,034 correlation 10 134241631782592 request_complete correlation_id=9822c167-bccf-47c0-9519-b3e8280dd7bd tenant_id=1 user_id=- method=POST path=/api/demo/auth/login/ status=500 duration_ms=4944.13
INFO 2026-03-09 21:05:51,769 correlation 9 134241631782592 request_complete correlation_id=821e78bd-f2ea-4ccd-bf90-aefd8306f3e4 tenant_id=1 user_id=- method=POST path=/api/demo/auth/login/ status=500 duration_ms=5661.42
INFO 2026-03-09 21:06:00,858 correlation 10 134241793095360 request_complete correlation_id=078b8254-ddcd-4f7f-9615-736b0189c84f tenant_id=- user_id=- method=GET path=/ status=200 duration_ms=1.2
INFO 2026-03-09 21:06:30,897 correlation 9 134241793095360 request_complete correlation_id=fd690085-a3d1-4af1-a772-d3c845856e33 tenant_id=- user_id=- method=GET path=/ status=200 duration_ms=0.83
INFO 2026-03-09 21:06:49,988 correlation 9 134241793095360 request_complete correlation_id=d90f68af-1518-42bd-b32d-df76821c4d93 tenant_id=2 user_id=- method=POST path=/api/acme/auth/login/ status=500 duration_ms=5449.37
INFO 2026-03-09 21:07:00,939 correlation 8 134241793095360 request_complete correlation_id=f0b91164-de8e-4763-89e2-ba3f00931c06 tenant_id=- user_id=- method=GET path=/ status=200 duration_ms=0.86
INFO 2026-03-09 21:07:27,516 correlation 8 134241793095360 request_complete correlation_id=2a84964c-fb78-40f4-a17d-ca18f16e0445 tenant_id=1 user_id=- method=POST path=/api/demo/auth/login/ status=200 duration_ms=254.66
INFO 2026-03-09 21:07:30,975 correlation 9 134241631782592 request_complete correlation_id=23b8900c-de52-4602-bd94-28a0d9b1f1ca tenant_id=- user_id=- method=GET path=/ status=200 duration_ms=1.28
INFO 2026-03-09 21:08:01,017 correlation 8 134241793095360 request_complete correlation_id=c8a1588b-e67d-4ade-ab3d-29c37af9c536 tenant_id=- user_id=- method=GET path=/ status=200 duration_ms=0.93
INFO 2026-03-09 21:08:13,765 correlation 8 134241793095360 request_complete correlation_id=1f3a6898-6b49-4986-ab8d-64286b30c4e2 tenant_id=- user_id=- method=GET path=/platform/login status=200 duration_ms=1.04
INFO 2026-03-09 21:08:31,060 correlation 8 134241793095360 request_complete correlation_id=e29fc2d4-45e6-4133-93a0-702a74154a38 tenant_id=- user_id=- method=GET path=/ status=200 duration_ms=0.77
INFO 2026-03-09 21:09:01,100 correlation 10 134241793095360 request_complete correlation_id=53777687-09dd-45e0-926f-f08e00d59ab7 tenant_id=- user_id=- method=GET path=/ status=200 duration_ms=0.89
INFO 2026-03-09 21:09:15,770 correlation 8 134241793095360 request_complete correlation_id=1b455f2a-748b-48f3-9b09-8951fc7331ca tenant_id=- user_id=- method=POST path=/api/platform/login status=200 duration_ms=204.72
INFO 2026-03-09 21:09:15,776 correlation 10 134241793095360 request_complete correlation_id=c8270fcb-75bd-4166-93ee-51107e7f20a4 tenant_id=- user_id=- method=GET path=/platform/dashboard status=200 duration_ms=0.95
INFO 2026-03-09 21:09:15,791 correlation 8 134241793095360 request_complete correlation_id=5c8499ad-7b19-4676-a023-ca2c3a7c241b tenant_id=- user_id=3 method=GET path=/api/platform/me status=200 duration_ms=1.73
INFO 2026-03-09 21:09:15,795 correlation 8 134241793095360 request_complete correlation_id=f31c84bc-e0fd-429f-81fe-fb513080ced8 tenant_id=- user_id=3 method=GET path=/api/platform/me status=200 duration_ms=2.16
INFO 2026-03-09 21:09:15,806 correlation 8 134241793095360 request_complete correlation_id=33766b7f-f2ed-4fd1-a664-444b3800f2a4 tenant_id=- user_id=3 method=GET path=/api/platform/enquiries status=200 duration_ms=4.12
INFO 2026-03-09 21:09:15,811 correlation 9 134241793095360 request_complete correlation_id=e8964153-e7cb-43ed-8532-5f7e9babba4b tenant_id=- user_id=3 method=GET path=/api/platform/stats status=200 duration_ms=9.74
INFO 2026-03-09 21:09:15,815 correlation 10 134241631782592 request_complete correlation_id=d7c90a35-16f9-404c-801b-473dcdc8f579 tenant_id=- user_id=3 method=GET path=/api/platform/organizations status=200 duration_ms=12.63
INFO 2026-03-09 21:09:31,147 correlation 10 134241793095360 request_complete correlation_id=44a4beab-9733-4167-a705-f3b63c31aed1 tenant_id=- user_id=- method=GET path=/ status=200 duration_ms=0.84
INFO 2026-03-09 21:09:50,656 correlation 10 134241793095360 request_complete correlation_id=1316934f-78b7-41bf-846a-856791ad799b tenant_id=1 user_id=- method=GET path=/demo/login status=200 duration_ms=7.03
INFO 2026-03-09 21:10:01,189 correlation 9 134241631782592 request_complete correlation_id=1433b67b-f927-44e5-bd3d-881ce1a1ee6b tenant_id=- user_id=- method=GET path=/ status=200 duration_ms=0.85
INFO 2026-03-09 21:10:18,993 correlation 9 134241631782592 request_complete correlation_id=940e845c-90b9-4dd1-8ff8-b24a5d12b061 tenant_id=1 user_id=- method=POST path=/api/demo/auth/login/ status=200 duration_ms=209.92
INFO 2026-03-09 21:10:19,807 correlation 10 134241631782592 request_complete correlation_id=587efdbb-2f63-4d5c-8d52-0a1c05e193c5 tenant_id=1 user_id=- method=GET path=/demo/admin/dashboard status=200 duration_ms=7.19
INFO 2026-03-09 21:10:20,160 correlation 9 134241793095360 request_complete correlation_id=c8d18b34-91f8-4835-9d8d-12db4bf1dea9 tenant_id=1 user_id=1 method=GET path=/api/demo/notifications/unread-count/ status=200 duration_ms=5.43
INFO 2026-03-09 21:10:20,172 correlation 8 134241793095360 request_complete correlation_id=df52f0d9-b49a-4823-b172-f2c322410408 tenant_id=1 user_id=1 method=GET path=/api/demo/admin/dashboard/ status=200 duration_ms=17.65
INFO 2026-03-09 21:10:20,233 correlation 10 134241793095360 request_complete correlation_id=8dc625b4-86fe-4bb9-96c0-43ffc16a9099 tenant_id=1 user_id=1 method=GET path=/api/demo/tickets/ status=200 duration_ms=17.83
INFO 2026-03-09 21:10:31,226 correlation 8 134241793095360 request_complete correlation_id=77263274-3d83-45c7-b7a9-ce9374dbe0c3 tenant_id=- user_id=- method=GET path=/ status=200 duration_ms=0.84
INFO 2026-03-09 21:10:32,138 correlation 9 134241631782592 request_complete correlation_id=e0dd091d-5911-4176-903a-7b60ea546ab6 tenant_id=1 user_id=- method=GET path=/demo/tickets status=200 duration_ms=4.1
INFO 2026-03-09 21:10:32,161 correlation 10 134241631782592 request_complete correlation_id=b0140a5c-a79e-4091-b112-94b02c61045c tenant_id=1 user_id=1 method=GET path=/api/demo/notifications/unread-count/ status=200 duration_ms=4.62
INFO 2026-03-09 21:10:32,173 correlation 8 134241793095360 request_complete correlation_id=f3890c1e-c22a-4fcf-bd70-c19bfe92ec10 tenant_id=1 user_id=1 method=GET path=/api/demo/tickets/ status=200 duration_ms=15.99
INFO 2026-03-09 21:10:32,181 correlation 9 134241793095360 request_complete correlation_id=3851ac4d-d49a-4282-8898-c009dfc834c8 tenant_id=1 user_id=1 method=GET path=/api/demo/projects/ status=200 duration_ms=24.46
INFO 2026-03-09 21:10:32,198 correlation 9 134241631782592 request_complete correlation_id=904522aa-8ba2-433a-a1c7-2088f22ad158 tenant_id=1 user_id=1 method=GET path=/api/demo/auth/departments/ status=200 duration_ms=13.17
INFO 2026-03-09 21:11:01,266 correlation 10 134241793095360 request_complete correlation_id=c4d2daee-b8fe-4821-9df4-de8ad512873f tenant_id=- user_id=- method=GET path=/ status=200 duration_ms=0.88
INFO 2026-03-09 21:11:10,297 correlation 9 134241793095360 request_complete correlation_id=eff5f865-2328-4532-aa4d-77ccb317da5a tenant_id=1 user_id=1 method=GET path=/api/demo/tickets/ status=200 duration_ms=12.8
INFO 2026-03-09 21:11:15,388 correlation 9 134241631782592 request_complete correlation_id=f16a32a6-0343-4901-ab15-9a022e9926cc tenant_id=1 user_id=1 method=GET path=/api/demo/tickets/ status=200 duration_ms=11.75
INFO 2026-03-09 21:11:19,328 correlation 8 134241793095360 request_complete correlation_id=fb98841e-be92-4043-b119-d4fab3b32fd8 tenant_id=1 user_id=1 method=GET path=/api/demo/tickets/ status=200 duration_ms=10.7
INFO 2026-03-09 21:11:24,129 correlation 9 134241793095360 request_complete correlation_id=3d7267b3-4536-4cd2-98b9-0a94219458b8 tenant_id=1 user_id=1 method=GET path=/api/demo/tickets/ status=200 duration_ms=11.56
INFO 2026-03-09 21:11:29,920 correlation 8 134241793095360 request_complete correlation_id=f5081c56-1400-49f4-8a94-b585a3f184d6 tenant_id=1 user_id=1 method=GET path=/api/demo/tickets/ status=200 duration_ms=9.03
INFO 2026-03-09 21:11:31,302 correlation 10 134241793095360 request_complete correlation_id=c1291358-89e7-49b4-a672-86f69a59d2dc tenant_id=- user_id=- method=GET path=/ status=200 duration_ms=0.74
INFO 2026-03-09 21:11:32,161 correlation 8 134241793095360 request_complete correlation_id=7c944b64-506e-42c6-a8e9-39561bee2ff1 tenant_id=1 user_id=1 method=GET path=/api/demo/notifications/unread-count/ status=200 duration_ms=4.38
INFO 2026-03-09 21:11:34,027 correlation 8 134241793095360 request_complete correlation_id=f2569f4c-bc7a-46e6-a000-59cb10eea6ef tenant_id=1 user_id=1 method=GET path=/api/demo/tickets/ status=200 duration_ms=11.04
INFO 2026-03-09 21:11:39,500 correlation 8 134241793095360 request_complete correlation_id=51d55b65-91b2-4c7b-9fc3-f34a9fb4a4fd tenant_id=1 user_id=1 method=GET path=/api/demo/tickets/ status=200 duration_ms=11.94
INFO 2026-03-09 21:11:42,577 correlation 9 134241631782592 request_complete correlation_id=becd9c46-6f3f-4595-8197-8f6ddcd0686a tenant_id=1 user_id=- method=GET path=/demo/projects status=200 duration_ms=4.09
INFO 2026-03-09 21:11:42,616 correlation 9 134241793095360 request_complete correlation_id=dbe19735-9cb5-440c-adf6-0b67155c5332 tenant_id=1 user_id=1 method=GET path=/api/demo/projects/ status=200 duration_ms=22.19
INFO 2026-03-09 21:11:42,629 correlation 8 134241793095360 request_complete correlation_id=9e0caf1f-e93a-4158-bb37-b9f0cd1e90be tenant_id=1 user_id=1 method=GET path=/api/demo/notifications/unread-count/ status=200 duration_ms=35.35
INFO 2026-03-09 21:11:42,638 correlation 9 134241631782592 request_complete correlation_id=6c9ab4a4-794b-47b2-8a65-9a479b578e42 tenant_id=1 user_id=1 method=GET path=/api/demo/projects/ status=200 duration_ms=20.06
INFO 2026-03-09 21:11:46,418 correlation 10 134241631782592 request_complete correlation_id=9f15490d-1e66-4fa1-95c3-2067cc3aba2b tenant_id=1 user_id=- method=GET path=/demo/admin/dashboard status=200 duration_ms=4.13
INFO 2026-03-09 21:11:46,441 correlation 10 134241793095360 request_complete correlation_id=77c9057b-4a69-40c6-9c91-1f4e9c223316 tenant_id=1 user_id=1 method=GET path=/api/demo/notifications/unread-count/ status=200 duration_ms=4.5
INFO 2026-03-09 21:11:46,450 correlation 8 134241793095360 request_complete correlation_id=d2ce21b5-a1fc-48fa-874b-95319bc60bd1 tenant_id=1 user_id=1 method=GET path=/api/demo/admin/dashboard/ status=200 duration_ms=13.69
INFO 2026-03-09 21:11:46,487 correlation 10 134241631782592 request_complete correlation_id=ee8aa7a1-8b06-456c-afba-6144c35d82d9 tenant_id=1 user_id=1 method=GET path=/api/demo/tickets/ status=200 duration_ms=14.61
INFO 2026-03-09 21:11:56,511 correlation 8 134241793095360 request_complete correlation_id=a673f1a4-55b4-4d7d-9aea-9b0e902182eb tenant_id=1 user_id=- method=GET path=/demo/admin/users status=200 duration_ms=4.04
INFO 2026-03-09 21:11:56,539 correlation 9 134241793095360 request_complete correlation_id=559a70a1-3fd9-4241-8e8e-5e407f3daa5a tenant_id=1 user_id=1 method=GET path=/api/demo/notifications/unread-count/ status=200 duration_ms=12.44
INFO 2026-03-09 21:11:56,539 correlation 10 134241793095360 request_complete correlation_id=94a07fee-cc5c-4d5e-8477-1c3362d311b9 tenant_id=1 user_id=1 method=GET path=/api/demo/auth/users/ status=200 duration_ms=13.21
INFO 2026-03-09 21:11:56,551 correlation 8 134241793095360 request_complete correlation_id=ad90d02d-f9a0-49a4-b9dd-39641e8b14ba tenant_id=1 user_id=1 method=GET path=/api/demo/auth/departments/ status=200 duration_ms=25.01
INFO 2026-03-09 21:11:59,438 correlation 10 134241631782592 request_complete correlation_id=5e62a721-6e05-4e52-b3aa-3397dc3f225a tenant_id=1 user_id=- method=GET path=/demo/admin/departments status=200 duration_ms=5.29
INFO 2026-03-09 21:11:59,457 correlation 8 134241793095360 request_complete correlation_id=966ce171-ad55-45c3-812e-5525c2c00cb1 tenant_id=1 user_id=1 method=GET path=/api/demo/notifications/unread-count/ status=200 duration_ms=4.45
INFO 2026-03-09 21:11:59,458 correlation 9 134241631782592 request_complete correlation_id=31597cf5-a0f1-4a24-8e3e-1a3faa888432 tenant_id=1 user_id=1 method=GET path=/api/demo/auth/users/ status=200 duration_ms=6.01
INFO 2026-03-09 21:11:59,467 correlation 10 134241793095360 request_complete correlation_id=395b57de-f0f7-4425-993e-1d10c1cfea3e tenant_id=1 user_id=1 method=GET path=/api/demo/auth/departments/ status=200 duration_ms=15.01
INFO 2026-03-09 21:12:01,345 correlation 10 134241631782592 request_complete correlation_id=35786ac0-a6d1-43ec-915d-effb19117cbc tenant_id=- user_id=- method=GET path=/ status=200 duration_ms=0.89
INFO 2026-03-09 21:12:22,310 correlation 9 134241793095360 request_complete correlation_id=a0d55e5e-bf50-47de-876e-f77abcd5f9e4 tenant_id=1 user_id=- method=GET path=/demo/admin/users status=200 duration_ms=4.37
INFO 2026-03-09 21:12:22,330 correlation 8 134241793095360 request_complete correlation_id=fb40485e-5201-4e99-8648-e5118ef6a2da tenant_id=1 user_id=1 method=GET path=/api/demo/notifications/unread-count/ status=200 duration_ms=5.68
INFO 2026-03-09 21:12:22,332 correlation 10 134241793095360 request_complete correlation_id=a4c3c8f2-a023-4d48-a5c8-986d26fa1528 tenant_id=1 user_id=1 method=GET path=/api/demo/auth/users/ status=200 duration_ms=7.72
INFO 2026-03-09 21:12:22,341 correlation 9 134241631782592 request_complete correlation_id=ed8e286f-5275-4fe8-8adf-e843b57ee1c4 tenant_id=1 user_id=1 method=GET path=/api/demo/auth/departments/ status=200 duration_ms=15.74
INFO 2026-03-09 21:12:31,386 correlation 10 134241631782592 request_complete correlation_id=79ab1307-bb56-40ca-bae6-3777b7f36fac tenant_id=- user_id=- method=GET path=/ status=200 duration_ms=1.36
INFO 2026-03-09 21:13:01,431 correlation 8 134241793095360 request_complete correlation_id=48ab8a00-3ac0-41ce-ace4-7025ca80fd52 tenant_id=- user_id=- method=GET path=/ status=200 duration_ms=0.87
INFO 2026-03-09 21:13:20,808 correlation 10 134241631782592 request_complete correlation_id=e3b16972-9f79-482a-8676-74d36374c847 tenant_id=1 user_id=1 method=POST path=/api/demo/auth/register/ status=403 duration_ms=4.93
INFO 2026-03-09 21:13:22,329 correlation 8 134241793095360 request_complete correlation_id=9ef9d5f7-81b2-48e1-969b-5897a2517c29 tenant_id=1 user_id=1 method=GET path=/api/demo/notifications/unread-count/ status=200 duration_ms=3.64
INFO 2026-03-09 21:13:23,926 correlation 8 134241793095360 request_complete correlation_id=baa6132c-6fba-4cc6-8097-d00619763787 tenant_id=1 user_id=1 method=POST path=/api/demo/auth/register/ status=403 duration_ms=3.66
INFO 2026-03-09 21:13:25,500 correlation 10 134241793095360 request_complete correlation_id=59f9bda2-746c-41bd-bf77-f4d55872d7d0 tenant_id=1 user_id=1 method=POST path=/api/demo/auth/register/ status=403 duration_ms=3.64
INFO 2026-03-09 21:13:26,674 correlation 9 134241793095360 request_complete correlation_id=5ac3400c-81d3-4647-9ddb-c20028bc495f tenant_id=1 user_id=1 method=POST path=/api/demo/auth/register/ status=403 duration_ms=4.37
INFO 2026-03-09 21:13:31,468 correlation 8 134241793095360 request_complete correlation_id=8ec5eb7f-e61a-4050-8b5e-a95817ffd9fc tenant_id=- user_id=- method=GET path=/ status=200 duration_ms=0.81
INFO 2026-03-09 21:13:34,702 correlation 8 134241793095360 request_complete correlation_id=440d4dba-dd00-478b-a2f6-caeada11262c tenant_id=1 user_id=1 method=POST path=/api/demo/auth/register/ status=403 duration_ms=4.11
INFO 2026-03-09 21:13:36,190 correlation 9 134241631782592 request_complete correlation_id=ae02d068-b7ff-42d9-abf5-8e3c58117050 tenant_id=1 user_id=1 method=POST path=/api/demo/auth/register/ status=403 duration_ms=4.54
INFO 2026-03-09 21:13:37,049 correlation 9 134241793095360 request_complete correlation_id=de889024-1537-494c-bbc5-5f4643e9e4ea tenant_id=1 user_id=1 method=POST path=/api/demo/auth/register/ status=403 duration_ms=4.37
INFO 2026-03-09 21:13:37,914 correlation 9 134241631782592 request_complete correlation_id=9045227f-8b48-4223-9922-209c3d4963d9 tenant_id=1 user_id=1 method=POST path=/api/demo/auth/register/ status=403 duration_ms=4.38
INFO 2026-03-09 21:13:50,407 correlation 10 134241631782592 request_complete correlation_id=9ea92206-2f87-4716-bf3e-328746b1c254 tenant_id=1 user_id=1 method=POST path=/api/demo/auth/register/ status=403 duration_ms=4.7
INFO 2026-03-09 21:13:51,594 correlation 9 134241793095360 request_complete correlation_id=90cffc4c-716e-4260-8318-072058a45576 tenant_id=1 user_id=1 method=POST path=/api/demo/auth/register/ status=403 duration_ms=4.25
INFO 2026-03-09 21:13:52,046 correlation 9 134241631782592 request_complete correlation_id=59acd43d-8c75-4359-a7e2-94484152081d tenant_id=1 user_id=1 method=POST path=/api/demo/auth/register/ status=403 duration_ms=4.77
INFO 2026-03-09 21:14:01,507 correlation 8 134241793095360 request_complete correlation_id=ec0fb964-a768-4c08-93c8-c09141147b16 tenant_id=- user_id=- method=GET path=/ status=200 duration_ms=0.88
INFO 2026-03-09 21:14:22,329 correlation 8 134241793095360 request_complete correlation_id=4863ef9d-666e-4ea3-ba3a-75a5382910e7 tenant_id=1 user_id=1 method=GET path=/api/demo/notifications/unread-count/ status=200 duration_ms=3.85
INFO 2026-03-09 21:14:31,544 correlation 10 134241793095360 request_complete correlation_id=b200b9ea-8fb4-436e-9360-fbacd7d962b0 tenant_id=- user_id=- method=GET path=/ status=200 duration_ms=0.76
INFO 2026-03-09 21:14:43,424 correlation 8 134241793095360 request_complete correlation_id=937ea895-41d0-48cc-af57-85d47b9c2195 tenant_id=1 user_id=- method=GET path=/demo/admin/dashboard status=200 duration_ms=3.04
INFO 2026-03-09 21:14:43,444 correlation 10 134241793095360 request_complete correlation_id=b1969b6b-1375-431a-9500-f0e3eb1392d7 tenant_id=1 user_id=1 method=GET path=/api/demo/notifications/unread-count/ status=200 duration_ms=4.1
INFO 2026-03-09 21:14:43,452 correlation 8 134241793095360 request_complete correlation_id=c07757c6-92c0-44e3-bbfc-6657fe485d8a tenant_id=1 user_id=1 method=GET path=/api/demo/admin/dashboard/ status=200 duration_ms=11.78
INFO 2026-03-09 21:14:43,488 correlation 9 134241793095360 request_complete correlation_id=d8e302c8-2242-433e-9eeb-595735aad460 tenant_id=1 user_id=1 method=GET path=/api/demo/tickets/ status=200 duration_ms=12.27
INFO 2026-03-09 21:14:52,333 correlation 10 134241631782592 request_complete correlation_id=b4c22630-c1ba-4990-ae86-8feedb42a90c tenant_id=1 user_id=- method=GET path=/demo/tickets/10 status=200 duration_ms=4.1
INFO 2026-03-09 21:14:52,365 correlation 10 134241793095360 request_complete correlation_id=e5fea83f-22dd-4a69-a887-85c3065a293b tenant_id=1 user_id=1 method=GET path=/api/demo/notifications/unread-count/ status=200 duration_ms=3.96
INFO 2026-03-09 21:14:52,376 correlation 8 134241793095360 request_complete correlation_id=faea416c-0aec-4e1d-ad3f-41b950cb6e4f tenant_id=1 user_id=1 method=GET path=/api/demo/tickets/10/ status=200 duration_ms=15.47
INFO 2026-03-09 21:14:52,384 correlation 10 134241631782592 request_complete correlation_id=9a50d87f-6214-4dc6-bf59-186d3b036acf tenant_id=1 user_id=1 method=GET path=/api/demo/tickets/statuses/ status=200 duration_ms=4.08
INFO 2026-03-09 21:15:01,583 correlation 10 134241793095360 request_complete correlation_id=8bcba341-4210-469c-9d25-bdbfcfb9c784 tenant_id=- user_id=- method=GET path=/ status=200 duration_ms=0.84
INFO 2026-03-09 21:15:15,719 correlation 9 134241631782592 request_complete correlation_id=bf7ae1dd-bde1-4727-9ed1-685c8afa1e5d tenant_id=1 user_id=1 method=POST path=/api/demo/tickets/10/comments/ status=201 duration_ms=17.27
INFO 2026-03-09 21:15:15,935 correlation 8 134241793095360 request_complete correlation_id=073c78d1-5102-48bd-bb62-f7f05101ef8b tenant_id=1 user_id=1 method=GET path=/api/demo/tickets/10/ status=200 duration_ms=12.77
INFO 2026-03-09 21:15:15,942 correlation 8 134241793095360 request_complete correlation_id=eb2ff421-d94c-4b14-8b5a-58a2ab970086 tenant_id=1 user_id=1 method=GET path=/api/demo/tickets/statuses/ status=200 duration_ms=3.46
INFO 2026-03-09 21:15:31,622 correlation 10 134241631782592 request_complete correlation_id=a9ca9a6a-8d49-44ef-961c-4bcaecf46e7f tenant_id=- user_id=- method=GET path=/ status=200 duration_ms=0.84
INFO 2026-03-09 21:15:39,073 correlation 10 134241631782592 request_complete correlation_id=1b62f404-7a10-4e18-950c-1f222aee7a09 tenant_id=1 user_id=- method=GET path=/demo/admin/reports status=200 duration_ms=3.72
INFO 2026-03-09 21:15:39,094 correlation 9 134241793095360 request_complete correlation_id=cdfb49af-dbbd-41d3-913f-60da515d3257 tenant_id=1 user_id=1 method=GET path=/api/demo/notifications/unread-count/ status=200 duration_ms=4.93
INFO 2026-03-09 21:15:40,839 correlation 8 134241793095360 request_complete correlation_id=90dd2c38-8ce5-4c97-b66f-313c2f0207e0 tenant_id=1 user_id=- method=GET path=/demo/admin/data-sources status=200 duration_ms=3.21
INFO 2026-03-09 21:15:40,866 correlation 9 134241631782592 request_complete correlation_id=a118b711-3fb9-4c4e-b0bf-ea8fb269d94e tenant_id=1 user_id=1 method=GET path=/api/demo/data-sources/database_types/ status=200 duration_ms=5.76
INFO 2026-03-09 21:15:40,868 correlation 8 134241793095360 request_complete correlation_id=60fd53f4-4888-4bb3-9cf4-a281e1ca66b7 tenant_id=1 user_id=1 method=GET path=/api/demo/notifications/unread-count/ status=200 duration_ms=7.53
INFO 2026-03-09 21:15:40,870 correlation 10 134241793095360 request_complete correlation_id=9c7fd562-ea53-4b33-8ed3-6df494ab1f79 tenant_id=1 user_id=1 method=GET path=/api/demo/data-sources/ status=200 duration_ms=9.43
INFO 2026-03-09 21:16:01,659 correlation 10 134241631782592 request_complete correlation_id=c86185e1-563f-4947-b9b3-2e786867a00a tenant_id=- user_id=- method=GET path=/ status=200 duration_ms=0.84
INFO 2026-03-09 21:16:31,700 correlation 8 134241793095360 request_complete correlation_id=91b1443e-8764-4601-b5ff-faa7108b3d98 tenant_id=- user_id=- method=GET path=/ status=200 duration_ms=0.79
INFO 2026-03-09 21:16:40,864 correlation 9 134241793095360 request_complete correlation_id=40195943-0864-4032-b8d6-0c9e88f24535 tenant_id=1 user_id=1 method=GET path=/api/demo/notifications/unread-count/ status=200 duration_ms=3.96
INFO 2026-03-09 21:17:01,733 correlation 8 134241793095360 request_complete correlation_id=48814929-8e44-42ea-ac36-dd246cd0e116 tenant_id=- user_id=- method=GET path=/ status=200 duration_ms=1.04
INFO 2026-03-09 21:17:16,173 correlation 8 134241793095360 request_complete correlation_id=ae0b39a4-7653-4f73-8917-a12a383d6494 tenant_id=1 user_id=- method=GET path=/demo/tickets status=200 duration_ms=3.32
INFO 2026-03-09 21:17:16,195 correlation 9 134241631782592 request_complete correlation_id=fc6613f3-b1eb-41a5-b332-bbdf4150108b tenant_id=1 user_id=1 method=GET path=/api/demo/notifications/unread-count/ status=200 duration_ms=4.78
INFO 2026-03-09 21:17:16,205 correlation 8 134241793095360 request_complete correlation_id=1fdb30a1-7576-4fe9-9e26-ab98eed783b2 tenant_id=1 user_id=1 method=GET path=/api/demo/tickets/ status=200 duration_ms=15.31
INFO 2026-03-09 21:17:16,214 correlation 10 134241793095360 request_complete correlation_id=65085ea4-1827-497f-be93-ed37c7d66e6b tenant_id=1 user_id=1 method=GET path=/api/demo/projects/ status=200 duration_ms=24.23
INFO 2026-03-09 21:17:16,229 correlation 10 134241631782592 request_complete correlation_id=5d66d13f-3e1d-4136-bce7-ae45fc6ddfd0 tenant_id=1 user_id=1 method=GET path=/api/demo/auth/departments/ status=200 duration_ms=11.4
INFO 2026-03-09 21:17:18,820 correlation 9 134241793095360 request_complete correlation_id=cce09891-f931-4577-a165-564517cbde40 tenant_id=1 user_id=- method=GET path=/demo/tickets/create status=200 duration_ms=3.93
INFO 2026-03-09 21:17:18,840 correlation 8 134241793095360 request_complete correlation_id=3aa031d5-ad32-4606-b846-dcd6baa743bd tenant_id=1 user_id=1 method=GET path=/api/demo/notifications/unread-count/ status=200 duration_ms=5.35
INFO 2026-03-09 21:17:31,767 correlation 9 134241631782592 request_complete correlation_id=0c580e93-52a6-4a08-a043-311c5938314c tenant_id=- user_id=- method=GET path=/ status=200 duration_ms=0.77
INFO 2026-03-09 21:18:01,807 correlation 9 134241631782592 request_complete correlation_id=f79499b3-461c-46fd-8c77-8232bf86a86b tenant_id=- user_id=- method=GET path=/ status=200 duration_ms=0.85
INFO 2026-03-09 21:18:18,838 correlation 8 134241793095360 request_complete correlation_id=f08bc4c7-3518-4237-b134-e81c5d23d54c tenant_id=1 user_id=1 method=GET path=/api/demo/notifications/unread-count/ status=200 duration_ms=3.74
INFO 2026-03-09 21:18:31,851 correlation 8 134241793095360 request_complete correlation_id=1693189f-f806-4b9c-ba91-4298247a040a tenant_id=- user_id=- method=GET path=/ status=200 duration_ms=0.77
INFO 2026-03-09 21:18:49,519 correlation 9 134241631782592 request_complete correlation_id=09a31417-9fb8-47c0-8b3c-d819213208f6 tenant_id=1 user_id=- method=GET path=/demo/admin/users status=200 duration_ms=2.95
INFO 2026-03-09 21:18:49,540 correlation 10 134241793095360 request_complete correlation_id=c7756954-b34f-496f-a4a1-39436e729f88 tenant_id=1 user_id=1 method=GET path=/api/demo/notifications/unread-count/ status=200 duration_ms=5.18
INFO 2026-03-09 21:18:49,540 correlation 9 134241793095360 request_complete correlation_id=8e05e1d7-3370-4b97-ab8c-21002dba4a19 tenant_id=1 user_id=1 method=GET path=/api/demo/auth/users/ status=200 duration_ms=5.41
INFO 2026-03-09 21:18:49,550 correlation 8 134241793095360 request_complete correlation_id=89aec583-1daf-4671-bad6-03f9783eb489 tenant_id=1 user_id=1 method=GET path=/api/demo/auth/departments/ status=200 duration_ms=15.07
INFO 2026-03-09 21:18:53,504 correlation 9 134241631782592 request_complete correlation_id=0bae3924-1b0c-43c6-83ef-b89436cbe9a7 tenant_id=1 user_id=- method=GET path=/demo/admin/departments status=200 duration_ms=3.4
INFO 2026-03-09 21:18:53,523 correlation 10 134241631782592 request_complete correlation_id=1015608c-c329-4f70-91da-b9bd9f761a66 tenant_id=1 user_id=1 method=GET path=/api/demo/auth/users/ status=200 duration_ms=5.14
INFO 2026-03-09 21:18:53,525 correlation 8 134241793095360 request_complete correlation_id=7d191192-1496-47f0-a32e-28a556bd68f8 tenant_id=1 user_id=1 method=GET path=/api/demo/notifications/unread-count/ status=200 duration_ms=6.78
INFO 2026-03-09 21:18:53,534 correlation 9 134241793095360 request_complete correlation_id=c1e3e760-da80-44e3-8677-88aa8d7cf9c8 tenant_id=1 user_id=1 method=GET path=/api/demo/auth/departments/ status=200 duration_ms=15.53
INFO 2026-03-09 21:19:01,889 correlation 10 134241793095360 request_complete correlation_id=8af955c2-c7e0-497c-85e5-016d5df37930 tenant_id=- user_id=- method=GET path=/ status=200 duration_ms=0.9
INFO 2026-03-09 21:19:06,204 correlation 9 134241631782592 request_complete correlation_id=3b9ca08e-3271-492d-9bb1-ad91fad317d4 tenant_id=1 user_id=- method=GET path=/demo/admin/secrets status=200 duration_ms=3.02
INFO 2026-03-09 21:19:06,223 correlation 8 134241793095360 request_complete correlation_id=2bded772-9d63-488b-995c-b06b49433b07 tenant_id=1 user_id=1 method=GET path=/api/demo/notifications/unread-count/ status=200 duration_ms=5.62
INFO 2026-03-09 21:19:09,437 correlation 10 134241793095360 request_complete correlation_id=528156d4-f840-4523-a5bc-cb549b7bd15c tenant_id=1 user_id=- method=GET path=/demo/admin/data-sources status=200 duration_ms=3.29
INFO 2026-03-09 21:19:09,454 correlation 8 134241793095360 request_complete correlation_id=ed5b2340-6390-4600-8b9e-f0cfaa92a858 tenant_id=1 user_id=1 method=GET path=/api/demo/data-sources/database_types/ status=200 duration_ms=3.64
INFO 2026-03-09 21:19:09,455 correlation 10 134241631782592 request_complete correlation_id=92b5733e-6101-4b0d-894c-dacdb599585d tenant_id=1 user_id=1 method=GET path=/api/demo/notifications/unread-count/ status=200 duration_ms=4.58
INFO 2026-03-09 21:19:09,459 correlation 9 134241793095360 request_complete correlation_id=89719762-3c68-41fb-bfc2-e591b622418b tenant_id=1 user_id=1 method=GET path=/api/demo/data-sources/ status=200 duration_ms=7.62
INFO 2026-03-09 21:19:11,797 correlation 9 134241631782592 request_complete correlation_id=6689c765-4eb9-48d7-9fcf-e37602ca70d7 tenant_id=1 user_id=- method=GET path=/demo/admin/dashboard status=200 duration_ms=3.09
INFO 2026-03-09 21:19:11,818 correlation 10 134241793095360 request_complete correlation_id=4f6a1bf5-4124-41d1-b011-be3bd31bc925 tenant_id=1 user_id=1 method=GET path=/api/demo/notifications/unread-count/ status=200 duration_ms=4.97
INFO 2026-03-09 21:19:11,826 correlation 8 134241793095360 request_complete correlation_id=1745e0b1-1c47-4322-8f47-082e8e3b258b tenant_id=1 user_id=1 method=GET path=/api/demo/admin/dashboard/ status=200 duration_ms=12.73
INFO 2026-03-09 21:19:11,864 correlation 9 134241793095360 request_complete correlation_id=cb2348d3-0ebc-4cf6-9d8c-8c8b186bee30 tenant_id=1 user_id=1 method=GET path=/api/demo/tickets/ status=200 duration_ms=16.79
INFO 2026-03-09 21:19:13,378 correlation 8 134241793095360 request_complete correlation_id=edacdb9e-8295-422b-87f2-9b6edd68a860 tenant_id=1 user_id=- method=GET path=/demo/projects status=200 duration_ms=3.15
INFO 2026-03-09 21:19:13,397 correlation 8 134241793095360 request_complete correlation_id=a1fe9863-d598-4c90-9d12-ffba1423f9fc tenant_id=1 user_id=1 method=GET path=/api/demo/notifications/unread-count/ status=200 duration_ms=4.7
INFO 2026-03-09 21:19:13,412 correlation 10 134241631782592 request_complete correlation_id=649a3e0a-7824-4dd9-8a4d-c73fa171dc4e tenant_id=1 user_id=1 method=GET path=/api/demo/projects/ status=200 duration_ms=20.29
INFO 2026-03-09 21:19:13,431 correlation 10 134241793095360 request_complete correlation_id=a6a13ad9-5abd-42fe-83e5-fb121eedf7e3 tenant_id=1 user_id=1 method=GET path=/api/demo/projects/ status=200 duration_ms=16.97
INFO 2026-03-09 21:19:16,541 correlation 9 134241631782592 request_complete correlation_id=1914fc4f-5721-4cfb-a19c-e30717831ba7 tenant_id=1 user_id=- method=GET path=/demo/notifications status=200 duration_ms=4.32
INFO 2026-03-09 21:19:16,562 correlation 10 134241631782592 request_complete correlation_id=01651f03-2086-4798-bd7e-dc10be73409b tenant_id=1 user_id=1 method=GET path=/api/demo/notifications/unread-count/ status=200 duration_ms=6.14
INFO 2026-03-09 21:19:16,566 correlation 9 134241793095360 request_complete correlation_id=161ebde5-c7e3-4bfa-b50a-2a9b5d560ea0 tenant_id=1 user_id=1 method=GET path=/api/demo/notifications/ status=200 duration_ms=10.53
INFO 2026-03-09 21:19:19,376 correlation 8 134241793095360 request_complete correlation_id=e435d919-e94a-4b90-81f2-aa526d59d014 tenant_id=1 user_id=- method=GET path=/demo/knowledge-base status=200 duration_ms=6.22
INFO 2026-03-09 21:19:19,396 correlation 8 134241793095360 request_complete correlation_id=8f5355dd-0d09-416d-a58e-fff133d0375e tenant_id=1 user_id=1 method=GET path=/api/demo/notifications/unread-count/ status=200 duration_ms=5.13
INFO 2026-03-09 21:19:20,468 correlation 8 134241793095360 request_complete correlation_id=6ffb9906-77fd-4775-bc1a-c44b41c7e720 tenant_id=1 user_id=- method=GET path=/demo/projects status=200 duration_ms=2.93
INFO 2026-03-09 21:19:20,486 correlation 8 134241793095360 request_complete correlation_id=3cf81052-e65f-40dd-843a-23455b9e5765 tenant_id=1 user_id=1 method=GET path=/api/demo/notifications/unread-count/ status=200 duration_ms=4.5
INFO 2026-03-09 21:19:20,502 correlation 9 134241631782592 request_complete correlation_id=33cbd655-f49a-4366-843c-f8bafb977f52 tenant_id=1 user_id=1 method=GET path=/api/demo/projects/ status=200 duration_ms=20.05
INFO 2026-03-09 21:19:20,521 correlation 9 134241793095360 request_complete correlation_id=a58b6729-8aaf-4e3c-beea-c91d553e53a5 tenant_id=1 user_id=1 method=GET path=/api/demo/projects/ status=200 duration_ms=17.14
INFO 2026-03-09 21:19:22,700 correlation 10 134241793095360 request_complete correlation_id=1ae01ca8-5866-46cf-b564-620347abb265 tenant_id=1 user_id=- method=GET path=/demo/projects/14/analytics status=200 duration_ms=3.72
INFO 2026-03-09 21:19:22,715 correlation 9 134241631782592 request_complete correlation_id=651e6866-ce3d-4a5b-9f14-fb3293593f7d tenant_id=- user_id=- method=GET path=/api/demo/projects/14/analytics status=301 duration_ms=0.95
INFO 2026-03-09 21:19:22,719 correlation 10 134241631782592 request_complete correlation_id=e955c56a-6d71-4681-99b6-cffb25c01add tenant_id=1 user_id=1 method=GET path=/api/demo/notifications/unread-count/ status=200 duration_ms=5.11
INFO 2026-03-09 21:19:22,728 correlation 10 134241793095360 request_complete correlation_id=624a3f44-6171-4c5d-88e7-b5596468a6a3 tenant_id=1 user_id=1 method=GET path=/api/demo/projects/14/analytics/ status=200 duration_ms=8.42
INFO 2026-03-09 21:19:29,659 correlation 9 134241793095360 request_complete correlation_id=7d865cf7-4f06-44d1-b2bb-1d4372a126b3 tenant_id=1 user_id=- method=GET path=/demo/admin/dashboard status=200 duration_ms=2.86
INFO 2026-03-09 21:19:29,680 correlation 9 134241631782592 request_complete correlation_id=782f06e0-221c-49b4-a74b-1c002925159c tenant_id=1 user_id=1 method=GET path=/api/demo/notifications/unread-count/ status=200 duration_ms=5.34
INFO 2026-03-09 21:19:29,691 correlation 10 134241551644352 request_complete correlation_id=a2e568fd-9eee-40b1-849e-ac7ba9d788cb tenant_id=1 user_id=1 method=GET path=/api/demo/admin/dashboard/ status=200 duration_ms=16.16
INFO 2026-03-09 21:19:29,727 correlation 10 134241793095360 request_complete correlation_id=502143ef-9ab7-4194-8de9-f39b8923d717 tenant_id=1 user_id=1 method=GET path=/api/demo/tickets/ status=200 duration_ms=13.52
INFO 2026-03-09 21:19:31,929 correlation 8 134241793095360 request_complete correlation_id=879dda99-8fbc-46b1-9bb2-cfb7363ba205 tenant_id=- user_id=- method=GET path=/ status=200 duration_ms=0.75
INFO 2026-03-09 21:19:32,753 correlation 8 134241793095360 request_complete correlation_id=a2ca26c4-3ffc-4bd9-9da7-6401d0b414c7 tenant_id=1 user_id=1 method=GET path=/api/demo/admin/dashboard/ status=200 duration_ms=9.92
INFO 2026-03-09 21:19:32,781 correlation 8 134241793095360 request_complete correlation_id=90abc743-659f-4f98-8b44-3fc0b2207ec0 tenant_id=1 user_id=1 method=GET path=/api/demo/tickets/ status=200 duration_ms=11.82
INFO 2026-03-09 21:19:45,453 correlation 9 134241793095360 request_complete correlation_id=c15d8f1b-de0a-4969-9a16-d0bcedfc02fa tenant_id=1 user_id=- method=GET path=/demo/tickets status=200 duration_ms=2.96
INFO 2026-03-09 21:19:45,473 correlation 8 134241793095360 request_complete correlation_id=b1025d04-2726-4f7b-9584-e9debaaecf36 tenant_id=1 user_id=1 method=GET path=/api/demo/notifications/unread-count/ status=200 duration_ms=4.77
INFO 2026-03-09 21:19:45,482 correlation 9 134241631782592 request_complete correlation_id=22e7fb3b-e660-4191-b689-1f5556ee13dd tenant_id=1 user_id=1 method=GET path=/api/demo/tickets/ status=200 duration_ms=13.53
INFO 2026-03-09 21:19:45,492 correlation 10 134241551644352 request_complete correlation_id=790f0300-1ed3-4efc-b285-48f72561b779 tenant_id=1 user_id=1 method=GET path=/api/demo/projects/ status=200 duration_ms=23.79
INFO 2026-03-09 21:19:45,507 correlation 9 134241793095360 request_complete correlation_id=c0cfc90c-021d-48af-bbc6-6b8e66639164 tenant_id=1 user_id=1 method=GET path=/api/demo/auth/departments/ status=200 duration_ms=12.64
INFO 2026-03-09 21:19:49,210 correlation 9 134241631782592 request_complete correlation_id=f126795a-1ecc-4516-ba8c-a527fb5c816c tenant_id=1 user_id=- method=GET path=/demo/tickets/QA36-1 status=200 duration_ms=4.21
INFO 2026-03-09 21:19:49,231 correlation 8 134241793095360 request_complete correlation_id=3b111afc-b033-4f8c-b80f-68ec5c8a29d1 tenant_id=1 user_id=1 method=GET path=/api/demo/notifications/unread-count/ status=200 duration_ms=5.53
INFO 2026-03-09 21:19:49,247 correlation 10 134241793095360 request_complete correlation_id=0cc13d64-e22f-46e9-a5e2-117b22bf52bc tenant_id=1 user_id=1 method=GET path=/api/demo/tickets/QA36-1/ status=200 duration_ms=21.05
INFO 2026-03-09 21:19:49,254 correlation 9 134241793095360 request_complete correlation_id=acb7d151-bd2a-4af0-afb5-f4aac5b83f7e tenant_id=1 user_id=1 method=GET path=/api/demo/tickets/statuses/ status=200 duration_ms=3.66
INFO 2026-03-09 21:20:01,967 correlation 10 134241551644352 request_complete correlation_id=92e6d740-7b36-4128-9022-516e4af92363 tenant_id=- user_id=- method=GET path=/ status=200 duration_ms=1.68
INFO 2026-03-09 21:20:20,568 correlation 8 134241793095360 request_complete correlation_id=a3c652a3-96d3-42d5-8859-7a3f712a394d tenant_id=1 user_id=- method=GET path=/demo/admin/users status=200 duration_ms=3.42
INFO 2026-03-09 21:20:20,590 correlation 8 134241793095360 request_complete correlation_id=f52105b9-41c2-43a0-b724-f9a7e44116b6 tenant_id=1 user_id=1 method=GET path=/api/demo/auth/users/ status=200 duration_ms=6.58
INFO 2026-03-09 21:20:20,593 correlation 9 134241631782592 request_complete correlation_id=9010dd7c-e548-41e3-80f2-b0ea0491d5a1 tenant_id=1 user_id=1 method=GET path=/api/demo/notifications/unread-count/ status=200 duration_ms=9.81
INFO 2026-03-09 21:20:20,599 correlation 10 134241551644352 request_complete correlation_id=f57a39a3-5e34-48bd-b3da-d920ca404343 tenant_id=1 user_id=1 method=GET path=/api/demo/auth/departments/ status=200 duration_ms=16.03
INFO 2026-03-09 21:20:32,006 correlation 10 134241631782592 request_complete correlation_id=ec628394-7dae-4464-9c5f-5ae6666ea467 tenant_id=- user_id=- method=GET path=/ status=200 duration_ms=0.77
INFO 2026-03-09 21:21:02,048 correlation 8 134241793095360 request_complete correlation_id=d2c20cf6-325f-4a87-ab02-04ca4aace1d7 tenant_id=- user_id=- method=GET path=/ status=200 duration_ms=0.89
INFO 2026-03-09 21:21:20,591 correlation 10 134241631782592 request_complete correlation_id=474572f9-6191-4273-a059-33c87da81e38 tenant_id=1 user_id=1 method=GET path=/api/demo/notifications/unread-count/ status=200 duration_ms=7.31
INFO 2026-03-09 21:21:20,828 correlation 9 134241793095360 request_complete correlation_id=ddd8f176-5695-41d3-a583-43501723f9de tenant_id=1 user_id=- method=GET path=/demo/projects status=200 duration_ms=2.81
INFO 2026-03-09 21:21:20,849 correlation 10 134241551644352 request_complete correlation_id=08787679-8d47-4958-a8ad-4ec429253e04 tenant_id=1 user_id=1 method=GET path=/api/demo/notifications/unread-count/ status=200 duration_ms=4.42
INFO 2026-03-09 21:21:20,865 correlation 8 134241793095360 request_complete correlation_id=b59bca6f-97f5-4763-a179-d06d575a4e0a tenant_id=1 user_id=1 method=GET path=/api/demo/projects/ status=200 duration_ms=21.82
INFO 2026-03-09 21:21:20,884 correlation 8 134241793095360 request_complete correlation_id=417337a1-acbf-416d-8d51-2cdfa37befed tenant_id=1 user_id=1 method=GET path=/api/demo/projects/ status=200 duration_ms=17.33
INFO 2026-03-09 21:21:32,091 correlation 8 134241793095360 request_complete correlation_id=1139b7ac-4246-4979-a8a3-e7ad09128835 tenant_id=- user_id=- method=GET path=/ status=200 duration_ms=0.83
INFO 2026-03-09 21:22:02,130 correlation 9 134241631782592 request_complete correlation_id=d4abe57f-6093-4582-b33f-59fbda281957 tenant_id=- user_id=- method=GET path=/ status=200 duration_ms=0.88
INFO 2026-03-09 21:22:20,847 correlation 8 134241793095360 request_complete correlation_id=fa85aec9-bbb7-4bac-bc6a-93004d7a2ffa tenant_id=1 user_id=1 method=GET path=/api/demo/notifications/unread-count/ status=200 duration_ms=3.76
INFO 2026-03-09 21:22:32,170 correlation 9 134241631782592 request_complete correlation_id=ca11e632-795a-4456-a313-ec61b5d47103 tenant_id=- user_id=- method=GET path=/ status=200 duration_ms=0.8
INFO 2026-03-09 21:23:02,219 correlation 10 134241631782592 request_complete correlation_id=a87fbc46-92c5-47f6-9858-63e709308c70 tenant_id=- user_id=- method=GET path=/ status=200 duration_ms=0.86
INFO 2026-03-09 21:23:20,849 correlation 8 134241793095360 request_complete correlation_id=a64dfc30-77fe-40cd-ba2e-28bc78408ab2 tenant_id=1 user_id=1 method=GET path=/api/demo/notifications/unread-count/ status=200 duration_ms=5.18
INFO 2026-03-09 21:23:32,257 correlation 9 134241793095360 request_complete correlation_id=d08c7fb2-b225-45c6-8538-1081549196eb tenant_id=- user_id=- method=GET path=/ status=200 duration_ms=0.77
INFO 2026-03-09 21:24:02,298 correlation 9 134241631782592 request_complete correlation_id=6b550aae-a259-4a56-baee-094f0d15d03f tenant_id=- user_id=- method=GET path=/ status=200 duration_ms=1.03
INFO 2026-03-09 21:24:20,848 correlation 10 134241631782592 request_complete correlation_id=290a54d5-a0e5-41d5-bae5-f0ed2b168a0c tenant_id=1 user_id=1 method=GET path=/api/demo/notifications/unread-count/ status=200 duration_ms=4.44
INFO 2026-03-09 21:24:32,335 correlation 8 134241793095360 request_complete correlation_id=90ec647e-6599-4531-b3f3-4ab42f0d85b2 tenant_id=- user_id=- method=GET path=/ status=200 duration_ms=1.03
INFO 2026-03-09 21:25:02,377 correlation 9 134241793095360 request_complete correlation_id=9275b4a9-c5f2-44f3-ab15-0fe37e744f5d tenant_id=- user_id=- method=GET path=/ status=200 duration_ms=0.92
INFO 2026-03-09 21:25:20,847 correlation 8 134241793095360 request_complete correlation_id=4516981d-fe83-49aa-b132-effc97736c3a tenant_id=1 user_id=- method=GET path=/api/demo/notifications/unread-count/ status=401 duration_ms=3.51
INFO 2026-03-09 21:25:20,856 correlation 9 134241793095360 request_complete correlation_id=aefb5d9c-921c-493f-861c-35127b540667 tenant_id=1 user_id=- method=GET path=/demo/login status=200 duration_ms=3.51
INFO 2026-03-09 21:25:32,419 correlation 8 134241793095360 request_complete correlation_id=25a9721e-10cd-4f96-a69d-580b76954b25 tenant_id=- user_id=- method=GET path=/ status=200 duration_ms=0.79
INFO 2026-03-09 21:26:02,456 correlation 9 134241631782592 request_complete correlation_id=4a12f758-4503-46c0-b70b-f59062619d72 tenant_id=- user_id=- method=GET path=/ status=200 duration_ms=0.89
INFO 2026-03-09 21:26:32,497 correlation 8 134241793095360 request_complete correlation_id=28f0623d-d3cb-4fe5-9bef-9eb16b38a97c tenant_id=- user_id=- method=GET path=/ status=200 duration_ms=1.14
INFO 2026-03-09 21:26:38,009 correlation 8 134241793095360 request_complete correlation_id=8516a1fe-7e67-4624-a039-d2caa686b959 tenant_id=1 user_id=- method=GET path=/demo/login status=200 duration_ms=3.37
INFO 2026-03-09 21:26:43,471 correlation 10 134241793095360 request_complete correlation_id=ab0b74f5-53bb-42e1-b5a7-af259198ed3f tenant_id=1 user_id=- method=POST path=/api/demo/auth/login/ status=200 duration_ms=209.5
INFO 2026-03-09 21:26:44,282 correlation 9 134241631782592 request_complete correlation_id=790cdaef-9455-4c54-953f-39f91e0b7457 tenant_id=1 user_id=- method=GET path=/demo/admin/dashboard status=200 duration_ms=3.23
INFO 2026-03-09 21:26:44,305 correlation 10 134241631782592 request_complete correlation_id=c64952d9-97b6-4af4-9c68-4724fefcf294 tenant_id=1 user_id=1 method=GET path=/api/demo/notifications/unread-count/ status=200 duration_ms=5.59
INFO 2026-03-09 21:26:44,311 correlation 9 134241793095360 request_complete correlation_id=b714f12a-78e9-4e5e-bde2-54c7965769de tenant_id=1 user_id=1 method=GET path=/api/demo/admin/dashboard/ status=200 duration_ms=11.62
INFO 2026-03-09 21:26:44,349 correlation 8 134241793095360 request_complete correlation_id=9a46723e-63c1-41c3-aeb3-0bdee2bfdb10 tenant_id=1 user_id=1 method=GET path=/api/demo/tickets/ status=200 duration_ms=13.49
INFO 2026-03-09 21:26:47,714 correlation 10 134241793095360 request_complete correlation_id=696093d4-d97a-4919-be3d-a58a2a89d777 tenant_id=1 user_id=- method=GET path=/demo/admin/users status=200 duration_ms=3.59
INFO 2026-03-09 21:26:47,744 correlation 9 134241631782592 request_complete correlation_id=706df180-7e0d-4a69-9547-c815cc8b4c2c tenant_id=1 user_id=1 method=GET path=/api/demo/notifications/unread-count/ status=200 duration_ms=6.94
INFO 2026-03-09 21:26:47,745 correlation 8 134241793095360 request_complete correlation_id=3e15beee-39cf-4bd7-a01d-927ebc24bbb5 tenant_id=1 user_id=1 method=GET path=/api/demo/auth/users/ status=200 duration_ms=7.64
INFO 2026-03-09 21:27:00,438 correlation 8 134241793095360 request_complete correlation_id=2764544f-8826-4b6b-bb38-1541471deffe tenant_id=1 user_id=- method=GET path=/demo/admin/departments status=200 duration_ms=4.28
INFO 2026-03-09 21:27:00,461 correlation 9 134241793095360 request_complete correlation_id=6cfd7f3e-1c54-4dbb-b6dd-083c03fa5158 tenant_id=1 user_id=1 method=GET path=/api/demo/notifications/unread-count/ status=200 duration_ms=6.09
INFO 2026-03-09 21:27:00,462 correlation 10 134241631782592 request_complete correlation_id=3c4f4bef-2c00-4cc1-adaa-5c6d521482c4 tenant_id=1 user_id=1 method=GET path=/api/demo/auth/users/ status=200 duration_ms=6.99
INFO 2026-03-09 21:27:00,473 correlation 8 134241793095360 request_complete correlation_id=76dd7d7c-2071-428c-8bac-a85d8eb80081 tenant_id=1 user_id=1 method=GET path=/api/demo/auth/departments/ status=200 duration_ms=18.26
INFO 2026-03-09 21:27:02,542 correlation 10 134241793095360 request_complete correlation_id=83415bc8-9a09-4edb-9a14-91a89551ae75 tenant_id=- user_id=- method=GET path=/ status=200 duration_ms=0.89
INFO 2026-03-09 21:27:13,061 correlation 9 134241631782592 request_complete correlation_id=0717cbd5-6743-429c-acef-ae8ab9e32198 tenant_id=1 user_id=- method=GET path=/demo/admin/users status=200 duration_ms=3.28
INFO 2026-03-09 21:27:13,083 correlation 9 134241793095360 request_complete correlation_id=d0efa96e-f51c-464f-8515-ee87223e1e2b tenant_id=1 user_id=1 method=GET path=/api/demo/notifications/unread-count/ status=200 duration_ms=5.43
INFO 2026-03-09 21:27:13,089 correlation 10 134241793095360 request_complete correlation_id=283cf78f-26c5-4a85-a386-7bbbd77e6d4c tenant_id=1 user_id=1 method=GET path=/api/demo/auth/users/ status=200 duration_ms=11.33
INFO 2026-03-09 21:27:13,101 correlation 10 134241631782592 request_complete correlation_id=e71a4a24-d75e-4b4e-8074-ff8f767a6fda tenant_id=1 user_id=1 method=GET path=/api/demo/auth/departments/ status=200 duration_ms=22.14
INFO 2026-03-09 21:27:19,178 correlation 9 134241631782592 request_complete correlation_id=eb15cfce-c41a-4a2d-b9d2-dc6b6f36a88e tenant_id=1 user_id=- method=GET path=/demo/admin/users status=200 duration_ms=3.14
INFO 2026-03-09 21:27:19,200 correlation 10 134241551644352 request_complete correlation_id=3a9cd16d-a457-4f35-9138-2160616b6f36 tenant_id=1 user_id=1 method=GET path=/api/demo/auth/users/ status=200 duration_ms=6.02
INFO 2026-03-09 21:27:19,200 correlation 8 134241793095360 request_complete correlation_id=2af6c63a-0f3b-4271-9bd5-607d49195220 tenant_id=1 user_id=1 method=GET path=/api/demo/notifications/unread-count/ status=200 duration_ms=6.06
INFO 2026-03-09 21:27:19,211 correlation 9 134241793095360 request_complete correlation_id=559d02a6-a4c7-4b24-8f87-6101e52111fb tenant_id=1 user_id=1 method=GET path=/api/demo/auth/departments/ status=200 duration_ms=16.97
INFO 2026-03-09 21:27:20,109 correlation 9 134241631782592 request_complete correlation_id=ac4e103f-92c1-4757-9fa6-81d894f88490 tenant_id=1 user_id=- method=GET path=/demo/admin/users status=200 duration_ms=2.64
INFO 2026-03-09 21:27:20,130 correlation 10 134241631782592 request_complete correlation_id=b218f3f2-f6e8-4bee-a3cb-6fe5d0bb5842 tenant_id=1 user_id=1 method=GET path=/api/demo/auth/users/ status=200 duration_ms=4.6
INFO 2026-03-09 21:27:20,131 correlation 9 134241793095360 request_complete correlation_id=36d668b5-8b62-461a-b25f-a8e33a0bb2ab tenant_id=1 user_id=1 method=GET path=/api/demo/notifications/unread-count/ status=200 duration_ms=5.53
INFO 2026-03-09 21:27:20,141 correlation 8 134241793095360 request_complete correlation_id=f0c40767-9d65-4643-9225-48c3b0a28bcd tenant_id=1 user_id=1 method=GET path=/api/demo/auth/departments/ status=200 duration_ms=16.15
INFO 2026-03-09 21:27:20,318 correlation 9 134241631782592 request_complete correlation_id=958725f4-a357-4769-932d-af132b28eff0 tenant_id=1 user_id=- method=GET path=/demo/admin/users status=200 duration_ms=2.92
INFO 2026-03-09 21:27:20,337 correlation 9 134241793095360 request_complete correlation_id=6c6d0ede-ea5a-4738-ad01-79aef356e017 tenant_id=1 user_id=1 method=GET path=/api/demo/auth/users/ status=200 duration_ms=5.44
INFO 2026-03-09 21:27:20,337 correlation 10 134241551644352 request_complete correlation_id=3d9de5a9-81d2-445a-8361-fff7e8503e6d tenant_id=1 user_id=1 method=GET path=/api/demo/notifications/unread-count/ status=200 duration_ms=5.58
INFO 2026-03-09 21:27:20,347 correlation 8 134241793095360 request_complete correlation_id=104236e3-3bf1-441d-8f76-0160cc652653 tenant_id=1 user_id=1 method=GET path=/api/demo/auth/departments/ status=200 duration_ms=15.23
INFO 2026-03-09 21:27:20,519 correlation 10 134241631782592 request_complete correlation_id=2464208a-a436-4a96-a969-950cb75aacbb tenant_id=1 user_id=- method=GET path=/demo/admin/users status=200 duration_ms=3.36
INFO 2026-03-09 21:27:20,539 correlation 10 134241551644352 request_complete correlation_id=ca28b779-85c5-4989-87c8-883bafbc5812 tenant_id=1 user_id=1 method=GET path=/api/demo/notifications/unread-count/ status=200 duration_ms=5.81
INFO 2026-03-09 21:27:20,540 correlation 9 134241631782592 request_complete correlation_id=36261607-4135-4c19-b21f-618e8a1b0edb tenant_id=1 user_id=1 method=GET path=/api/demo/auth/users/ status=200 duration_ms=6.6
INFO 2026-03-09 21:27:20,711 correlation 8 134241793095360 request_complete correlation_id=e28d842f-f93a-4e30-a0d3-5b2d9d526c88 tenant_id=1 user_id=- method=GET path=/demo/admin/users status=200 duration_ms=2.67
INFO 2026-03-09 21:27:20,733 correlation 9 134241793095360 request_complete correlation_id=8d03c72f-c24e-4edf-a60e-ba5ccaf786cb tenant_id=1 user_id=1 method=GET path=/api/demo/notifications/unread-count/ status=200 duration_ms=4.99
INFO 2026-03-09 21:27:20,734 correlation 8 134241793095360 request_complete correlation_id=89b71171-0516-4855-be81-d1ebb22057f6 tenant_id=1 user_id=1 method=GET path=/api/demo/auth/users/ status=200 duration_ms=5.39
INFO 2026-03-09 21:27:20,743 correlation 10 134241631782592 request_complete correlation_id=998390a6-8e89-4cd7-ac48-cd835ce20037 tenant_id=1 user_id=1 method=GET path=/api/demo/auth/departments/ status=200 duration_ms=15.11
INFO 2026-03-09 21:27:20,912 correlation 10 134241551644352 request_complete correlation_id=13efc53c-856d-4528-8ee9-c7813b27b6d9 tenant_id=1 user_id=- method=GET path=/demo/admin/users status=200 duration_ms=2.82
INFO 2026-03-09 21:27:20,931 correlation 9 134241631782592 request_complete correlation_id=b5847d1b-8680-4aa8-9013-8ce0feb0af79 tenant_id=1 user_id=1 method=GET path=/api/demo/notifications/unread-count/ status=200 duration_ms=4.35
INFO 2026-03-09 21:27:20,931 correlation 10 134241631782592 request_complete correlation_id=55b1ec50-4c7e-4925-b92a-bbbe15befb90 tenant_id=1 user_id=1 method=GET path=/api/demo/auth/users/ status=200 duration_ms=4.85
INFO 2026-03-09 21:27:21,127 correlation 8 134241793095360 request_complete correlation_id=1d4afd5c-c6be-41f6-baf0-7e0c92b438f2 tenant_id=1 user_id=- method=GET path=/demo/admin/users status=200 duration_ms=2.72
INFO 2026-03-09 21:27:21,147 correlation 9 134241793095360 request_complete correlation_id=bc79b094-9e29-4ab0-a356-5f8903fc5faa tenant_id=1 user_id=1 method=GET path=/api/demo/auth/users/ status=200 duration_ms=4.93
INFO 2026-03-09 21:27:21,147 correlation 8 134241793095360 request_complete correlation_id=e85294ea-d6ee-4fd2-8e54-6a20993a74db tenant_id=1 user_id=1 method=GET path=/api/demo/notifications/unread-count/ status=200 duration_ms=5.52
INFO 2026-03-09 21:27:21,156 correlation 10 134241551644352 request_complete correlation_id=8d084b62-094c-40a8-bcaa-b7d4d825980e tenant_id=1 user_id=1 method=GET path=/api/demo/auth/departments/ status=200 duration_ms=14.5
INFO 2026-03-09 21:27:21,351 correlation 9 134241631782592 request_complete correlation_id=cac7d239-ce54-4182-876c-09eb278062c8 tenant_id=1 user_id=- method=GET path=/demo/admin/users status=200 duration_ms=2.85
INFO 2026-03-09 21:27:21,372 correlation 10 134241631782592 request_complete correlation_id=60e0cc99-2cdd-4521-a7ac-2e79a0c568ba tenant_id=1 user_id=1 method=GET path=/api/demo/notifications/unread-count/ status=200 duration_ms=6.06
INFO 2026-03-09 21:27:21,372 correlation 9 134241793095360 request_complete correlation_id=d185c0f6-f9e6-436b-abfb-9a0365ba6719 tenant_id=1 user_id=1 method=GET path=/api/demo/auth/users/ status=200 duration_ms=6.52
INFO 2026-03-09 21:27:21,382 correlation 8 134241793095360 request_complete correlation_id=23c24d65-ba92-4af7-a80d-dbc0f9636cdb tenant_id=1 user_id=1 method=GET path=/api/demo/auth/departments/ status=200 duration_ms=16.34
INFO 2026-03-09 21:27:21,572 correlation 9 134241631782592 request_complete correlation_id=468b7f44-174c-46e3-ac2c-d2ddf4ebee34 tenant_id=1 user_id=- method=GET path=/demo/admin/users status=200 duration_ms=2.85
INFO 2026-03-09 21:27:21,591 correlation 8 134241793095360 request_complete correlation_id=3d5583ad-1b84-40d5-ae6f-1fa4f0b6ec3a tenant_id=1 user_id=1 method=GET path=/api/demo/notifications/unread-count/ status=200 duration_ms=4.3
INFO 2026-03-09 21:27:21,593 correlation 10 134241551644352 request_complete correlation_id=489bfba9-a724-4434-993c-3e19120d0595 tenant_id=1 user_id=1 method=GET path=/api/demo/auth/users/ status=200 duration_ms=6.13
INFO 2026-03-09 21:27:21,602 correlation 9 134241793095360 request_complete correlation_id=eff87efb-6b4c-4df1-960c-c3f4b77b96d7 tenant_id=1 user_id=1 method=GET path=/api/demo/auth/departments/ status=200 duration_ms=14.6
INFO 2026-03-09 21:27:21,752 correlation 10 134241631782592 request_complete correlation_id=a135b221-81e4-4bed-934c-2dee5031161e tenant_id=1 user_id=- method=GET path=/demo/admin/users status=200 duration_ms=2.98
INFO 2026-03-09 21:27:21,771 correlation 9 134241631782592 request_complete correlation_id=0635c54e-36c6-44ff-80e6-e8c4e5f2c7f1 tenant_id=1 user_id=1 method=GET path=/api/demo/notifications/unread-count/ status=200 duration_ms=4.57
INFO 2026-03-09 21:27:21,772 correlation 8 134241793095360 request_complete correlation_id=2f7ff3bb-30d6-4731-bd41-a9e316057a59 tenant_id=1 user_id=1 method=GET path=/api/demo/auth/users/ status=200 duration_ms=6.15
INFO 2026-03-09 21:27:32,580 correlation 10 134241551644352 request_complete correlation_id=f876c9a0-e764-455e-a818-77e868b4777f tenant_id=- user_id=- method=GET path=/ status=200 duration_ms=0.83
INFO 2026-03-09 21:28:02,619 correlation 10 134241551644352 request_complete correlation_id=8edf0651-1d5c-4727-bba8-9081ddadf42a tenant_id=- user_id=- method=GET path=/ status=200 duration_ms=0.92
INFO 2026-03-09 21:28:21,771 correlation 10 134241551644352 request_complete correlation_id=389b571b-151b-4bf6-a53b-fee9a1cb13f4 tenant_id=1 user_id=1 method=GET path=/api/demo/notifications/unread-count/ status=200 duration_ms=3.81
INFO 2026-03-09 21:28:32,657 correlation 9 134241793095360 request_complete correlation_id=21856e00-7b57-44b7-87e9-31b6e376eabe tenant_id=- user_id=- method=GET path=/ status=200 duration_ms=1.13
INFO 2026-03-09 21:29:02,695 correlation 9 134241793095360 request_complete correlation_id=874b2c1d-6455-41cf-9f4c-2ea96b550457 tenant_id=- user_id=- method=GET path=/ status=200 duration_ms=1.03
INFO 2026-03-09 21:29:21,771 correlation 10 134241793095360 request_complete correlation_id=7085d3e4-43a7-47f2-96bc-5952c439fbac tenant_id=1 user_id=1 method=GET path=/api/demo/notifications/unread-count/ status=200 duration_ms=4.81
INFO 2026-03-09 21:29:32,732 correlation 10 134241551644352 request_complete correlation_id=70e67e3d-d0c0-40dd-9a48-bf5c42321338 tenant_id=- user_id=- method=GET path=/ status=200 duration_ms=0.83
INFO 2026-03-09 21:30:02,772 correlation 9 134241793095360 request_complete correlation_id=9765ce77-473c-462c-b34e-07190b43376d tenant_id=- user_id=- method=GET path=/ status=200 duration_ms=0.85
INFO 2026-03-09 21:30:21,774 correlation 10 134241551644352 request_complete correlation_id=3c54b059-d0d3-4e3a-b0dd-79b434f3539b tenant_id=1 user_id=1 method=GET path=/api/demo/notifications/unread-count/ status=200 duration_ms=7.69
INFO 2026-03-09 21:30:32,812 correlation 10 134241793095360 request_complete correlation_id=01cda7aa-bc38-4ee8-9f9e-c0c7e55ad570 tenant_id=- user_id=- method=GET path=/ status=200 duration_ms=0.91
INFO 2026-03-09 21:31:02,853 correlation 10 134241793095360 request_complete correlation_id=0e9ead32-ccba-4c65-9e10-ca5dcf39fd13 tenant_id=- user_id=- method=GET path=/ status=200 duration_ms=0.92
INFO 2026-03-09 21:31:21,770 correlation 10 134241793095360 request_complete correlation_id=8f660206-f0fc-456f-bef9-86a985e32864 tenant_id=1 user_id=1 method=GET path=/api/demo/notifications/unread-count/ status=200 duration_ms=4.11
INFO 2026-03-09 21:31:32,892 correlation 8 134241793095360 request_complete correlation_id=ce8258ff-b1d7-40d7-917c-9449e847cf6c tenant_id=- user_id=- method=GET path=/ status=200 duration_ms=0.76
INFO 2026-03-09 21:32:02,928 correlation 10 134241631782592 request_complete correlation_id=5aa28397-5aba-43fb-9085-5f32e46d61d1 tenant_id=- user_id=- method=GET path=/ status=200 duration_ms=0.85
INFO 2026-03-09 21:32:21,774 correlation 8 134241793095360 request_complete correlation_id=87fec8f5-d082-40fc-89f2-1e4c72ef5548 tenant_id=1 user_id=1 method=GET path=/api/demo/notifications/unread-count/ status=200 duration_ms=7.4
INFO 2026-03-09 21:32:32,966 correlation 10 134241631782592 request_complete correlation_id=17ad5d6c-8865-4aa5-8885-339ef489d700 tenant_id=- user_id=- method=GET path=/ status=200 duration_ms=1.02
INFO 2026-03-09 21:32:45,184 correlation 10 134241631782592 request_complete correlation_id=a4e851e2-4692-4968-abfa-2f271e524929 tenant_id=1 user_id=- method=GET path=/demo/admin/users status=200 duration_ms=6.18
INFO 2026-03-09 21:32:45,204 correlation 10 134241793095360 request_complete correlation_id=1024b3a4-d3f1-482c-a885-c6cda456f455 tenant_id=1 user_id=1 method=GET path=/api/demo/notifications/unread-count/ status=200 duration_ms=4.07
INFO 2026-03-09 21:32:45,204 correlation 8 134241793095360 request_complete correlation_id=c7077659-f10c-41e3-8a3d-8544e60b972c tenant_id=1 user_id=1 method=GET path=/api/demo/auth/users/ status=200 duration_ms=4.84
INFO 2026-03-09 21:32:46,199 correlation 10 134241631782592 request_complete correlation_id=0e6ccd94-6263-4cb0-bc3b-16982ef7a92a tenant_id=1 user_id=- method=GET path=/demo/admin/users status=200 duration_ms=2.99
INFO 2026-03-09 21:32:46,219 correlation 10 134241793095360 request_complete correlation_id=1bcb1f05-cbd6-436c-8267-c4ce801ddf88 tenant_id=1 user_id=1 method=GET path=/api/demo/notifications/unread-count/ status=200 duration_ms=4.72
INFO 2026-03-09 21:32:46,219 correlation 8 134241793095360 request_complete correlation_id=882911d0-99d4-4ebb-a95d-2876f1490d86 tenant_id=1 user_id=1 method=GET path=/api/demo/auth/users/ status=200 duration_ms=5.37
INFO 2026-03-09 21:32:46,560 correlation 10 134241631782592 request_complete correlation_id=5d24240e-4e0f-46f0-8e78-df78ea81f845 tenant_id=1 user_id=- method=GET path=/demo/admin/users status=200 duration_ms=2.73
INFO 2026-03-09 21:32:46,579 correlation 8 134241793095360 request_complete correlation_id=83dc247d-c2ac-47f9-8e45-8d300805e503 tenant_id=1 user_id=1 method=GET path=/api/demo/auth/users/ status=200 duration_ms=4.64
INFO 2026-03-09 21:32:46,585 correlation 9 134241793095360 request_complete correlation_id=612d9ae2-f036-438e-b77b-f6b51f0c374c tenant_id=1 user_id=1 method=GET path=/api/demo/notifications/unread-count/ status=200 duration_ms=9.66
INFO 2026-03-09 21:32:47,057 correlation 9 134241631782592 request_complete correlation_id=2c0e420f-7e19-49c9-b51b-7e9a96a2a257 tenant_id=1 user_id=- method=GET path=/demo/admin/users status=200 duration_ms=6.03
INFO 2026-03-09 21:32:47,076 correlation 9 134241793095360 request_complete correlation_id=cc745d37-a2cc-4fd5-87cb-a344804d8022 tenant_id=1 user_id=1 method=GET path=/api/demo/notifications/unread-count/ status=200 duration_ms=4.83
INFO 2026-03-09 21:32:47,076 correlation 10 134241793095360 request_complete correlation_id=7f0729bd-3161-4a51-a37f-49f5108fddb8 tenant_id=1 user_id=1 method=GET path=/api/demo/auth/users/ status=200 duration_ms=5.23
INFO 2026-03-09 21:32:47,087 correlation 8 134241793095360 request_complete correlation_id=f115cc42-3770-4f0a-9279-cb03bf05b2f4 tenant_id=1 user_id=1 method=GET path=/api/demo/auth/departments/ status=200 duration_ms=15.41
INFO 2026-03-09 21:33:03,004 correlation 9 134241631782592 request_complete correlation_id=a0b70361-c85e-4876-a5bc-97e9368561dd tenant_id=- user_id=- method=GET path=/ status=200 duration_ms=0.87
INFO 2026-03-09 21:33:33,046 correlation 10 134241631782592 request_complete correlation_id=afcd93aa-671e-4206-8978-8fc4645d17ec tenant_id=- user_id=- method=GET path=/ status=200 duration_ms=0.77
INFO 2026-03-09 21:33:47,075 correlation 8 134241793095360 request_complete correlation_id=dc5be0f7-c1f3-422e-8cef-85a39523afb9 tenant_id=1 user_id=1 method=GET path=/api/demo/notifications/unread-count/ status=200 duration_ms=3.96
INFO 2026-03-09 21:33:49,823 correlation 10 134241631782592 request_complete correlation_id=72a020ac-1447-4ce1-9082-c09231232485 tenant_id=1 user_id=1 method=POST path=/api/demo/auth/register/ status=403 duration_ms=3.78
INFO 2026-03-09 21:33:51,554 correlation 8 134241793095360 request_complete correlation_id=a0a496c7-6261-40cf-b98d-8b4119a577a1 tenant_id=1 user_id=1 method=POST path=/api/demo/auth/register/ status=403 duration_ms=3.7
INFO 2026-03-09 21:33:52,487 correlation 10 134241793095360 request_complete correlation_id=456b65ac-5b6e-4b61-b3da-96a9eb47c4b0 tenant_id=1 user_id=1 method=POST path=/api/demo/auth/register/ status=403 duration_ms=3.76
INFO 2026-03-09 21:33:53,116 correlation 8 134241793095360 request_complete correlation_id=0856b013-6f5c-48e3-8f75-c19175bc9697 tenant_id=1 user_id=1 method=POST path=/api/demo/auth/register/ status=403 duration_ms=3.74
INFO 2026-03-09 21:33:53,617 correlation 8 134241793095360 request_complete correlation_id=98b5eea3-9551-4385-9c15-ec2cf4493843 tenant_id=1 user_id=1 method=POST path=/api/demo/auth/register/ status=403 duration_ms=3.81
INFO 2026-03-09 21:33:54,027 correlation 8 134241793095360 request_complete correlation_id=63bbf7d3-c851-4e9c-b91d-cf84e0b28c0b tenant_id=1 user_id=1 method=POST path=/api/demo/auth/register/ status=403 duration_ms=3.62
INFO 2026-03-09 21:33:54,361 correlation 9 134241631782592 request_complete correlation_id=0295256e-f543-4933-b011-26f487478283 tenant_id=1 user_id=1 method=POST path=/api/demo/auth/register/ status=403 duration_ms=4.99
INFO 2026-03-09 21:33:54,692 correlation 8 134241793095360 request_complete correlation_id=550a5ee8-5c13-4d43-a70f-88ee9a55ce95 tenant_id=1 user_id=1 method=POST path=/api/demo/auth/register/ status=403 duration_ms=4.11
INFO 2026-03-09 21:33:55,039 correlation 9 134241793095360 request_complete correlation_id=53ac3e4a-f4f1-422e-9fc0-9709ac931bee tenant_id=1 user_id=1 method=POST path=/api/demo/auth/register/ status=403 duration_ms=3.78
INFO 2026-03-09 21:33:55,349 correlation 9 134241631782592 request_complete correlation_id=148dd69b-112c-4f66-9434-6b71db7fdc25 tenant_id=1 user_id=1 method=POST path=/api/demo/auth/register/ status=403 duration_ms=4.08
INFO 2026-03-09 21:33:55,738 correlation 10 134241631782592 request_complete correlation_id=7d81d8d4-358d-4a33-993f-8d980445a765 tenant_id=1 user_id=1 method=POST path=/api/demo/auth/register/ status=403 duration_ms=3.64
INFO 2026-03-09 21:34:00,841 correlation 9 134241793095360 request_complete correlation_id=4403e3e8-0b8d-4edd-b5e9-f6e6fdd2779d tenant_id=1 user_id=1 method=POST path=/api/demo/auth/register/ status=403 duration_ms=4.4
INFO 2026-03-09 21:34:01,471 correlation 9 134241631782592 request_complete correlation_id=e557bdd1-d584-477d-9b50-df4a51441a5b tenant_id=1 user_id=1 method=POST path=/api/demo/auth/register/ status=403 duration_ms=4.42
INFO 2026-03-09 21:34:03,089 correlation 8 134241793095360 request_complete correlation_id=49b10652-849c-48ae-a480-e02443bf2977 tenant_id=- user_id=- method=GET path=/ status=200 duration_ms=0.86
INFO 2026-03-09 21:34:08,616 correlation 10 134241793095360 request_complete correlation_id=29369020-7fea-4a0d-a7bc-b7f0128ce766 tenant_id=1 user_id=1 method=POST path=/api/demo/auth/register/ status=403 duration_ms=3.89
INFO 2026-03-09 21:34:09,351 correlation 8 134241793095360 request_complete correlation_id=a9bf5685-7725-444d-8e05-a7b3ca1a9fa9 tenant_id=1 user_id=1 method=POST path=/api/demo/auth/register/ status=403 duration_ms=4.25
INFO 2026-03-09 21:34:09,753 correlation 8 134241793095360 request_complete correlation_id=3d290173-aff9-4855-90c1-cef47ac4af0a tenant_id=1 user_id=1 method=POST path=/api/demo/auth/register/ status=403 duration_ms=3.89
INFO 2026-03-09 21:34:10,092 correlation 8 134241793095360 request_complete correlation_id=940fa413-a7ad-465f-be1c-f4d94211aeb3 tenant_id=1 user_id=1 method=POST path=/api/demo/auth/register/ status=403 duration_ms=3.83
INFO 2026-03-09 21:34:10,357 correlation 9 134241793095360 request_complete correlation_id=e7b7261d-118a-4d38-9d2a-3900903b6a09 tenant_id=1 user_id=1 method=POST path=/api/demo/auth/register/ status=403 duration_ms=3.79
INFO 2026-03-09 21:34:10,562 correlation 9 134241631782592 request_complete correlation_id=716327b4-ac9c-41e1-b5b7-c3b8e5e24223 tenant_id=1 user_id=1 method=POST path=/api/demo/auth/register/ status=403 duration_ms=4.03
INFO 2026-03-09 21:34:10,743 correlation 9 134241793095360 request_complete correlation_id=6b6859fa-98c6-45cb-a2ab-f0858bd7ccb0 tenant_id=1 user_id=1 method=POST path=/api/demo/auth/register/ status=403 duration_ms=4.03
INFO 2026-03-09 21:34:11,104 correlation 8 134241793095360 request_complete correlation_id=2a5d281f-a417-4f13-b511-d98cb0263138 tenant_id=1 user_id=1 method=POST path=/api/demo/auth/register/ status=403 duration_ms=5.02
INFO 2026-03-09 21:34:11,513 correlation 10 134241631782592 request_complete correlation_id=e2f7f779-d3fd-4f90-96d1-a853cc2d2152 tenant_id=1 user_id=1 method=POST path=/api/demo/auth/register/ status=403 duration_ms=4.65
INFO 2026-03-09 21:34:11,989 correlation 8 134241793095360 request_complete correlation_id=f061e945-c1e9-4546-ba3b-b4d56c69f3b8 tenant_id=1 user_id=1 method=POST path=/api/demo/auth/register/ status=403 duration_ms=3.71
INFO 2026-03-09 21:34:12,174 correlation 10 134241793095360 request_complete correlation_id=5cc79a96-df59-4022-879f-4389d194dd80 tenant_id=1 user_id=1 method=POST path=/api/demo/auth/register/ status=403 duration_ms=3.84
INFO 2026-03-09 21:34:12,364 correlation 9 134241631782592 request_complete correlation_id=f4612564-c9d7-43ec-8573-b6a89c78cd7a tenant_id=1 user_id=1 method=POST path=/api/demo/auth/register/ status=403 duration_ms=3.8
INFO 2026-03-09 21:34:12,544 correlation 9 134241793095360 request_complete correlation_id=9c38b10f-92b9-4848-a34a-1812a1a03c26 tenant_id=1 user_id=1 method=POST path=/api/demo/auth/register/ status=403 duration_ms=3.75
INFO 2026-03-09 21:34:13,103 correlation 9 134241631782592 request_complete correlation_id=92d575a1-cd20-47a0-bd46-3b6145e0a48b tenant_id=1 user_id=1 method=POST path=/api/demo/auth/register/ status=403 duration_ms=3.97
INFO 2026-03-09 21:34:33,132 correlation 10 134241631782592 request_complete correlation_id=a52352ea-a618-4748-bcba-74c81a02fd99 tenant_id=- user_id=- method=GET path=/ status=200 duration_ms=0.76
INFO 2026-03-09 21:34:47,076 correlation 8 134241793095360 request_complete correlation_id=13d70169-3173-457c-8900-fe68503b73a0 tenant_id=1 user_id=1 method=GET path=/api/demo/notifications/unread-count/ status=200 duration_ms=4.41
INFO 2026-03-09 21:35:03,176 correlation 8 134241793095360 request_complete correlation_id=7cae1334-d17c-4164-b950-98f0d67daa20 tenant_id=- user_id=- method=GET path=/ status=200 duration_ms=0.99
INFO 2026-03-09 21:35:07,581 correlation 9 134241793095360 request_complete correlation_id=71fbe871-d721-4932-86d8-c4cae73f47ff tenant_id=1 user_id=- method=GET path=/demo/admin/users status=200 duration_ms=2.57
INFO 2026-03-09 21:35:07,603 correlation 8 134241793095360 request_complete correlation_id=5e50f9ec-56bf-4a6d-9a78-b1f42895ffaf tenant_id=1 user_id=1 method=GET path=/api/demo/notifications/unread-count/ status=200 duration_ms=5.84
INFO 2026-03-09 21:35:07,603 correlation 10 134241631782592 request_complete correlation_id=e5bd11af-7857-47ad-87c4-11375d06da94 tenant_id=1 user_id=1 method=GET path=/api/demo/auth/users/ status=200 duration_ms=6.36
INFO 2026-03-09 21:35:07,615 correlation 9 134241631782592 request_complete correlation_id=16c28e17-7542-41bb-a6a2-7e1c465693ef tenant_id=1 user_id=1 method=GET path=/api/demo/auth/departments/ status=200 duration_ms=18.34
INFO 2026-03-09 21:35:33,218 correlation 9 134241793095360 request_complete correlation_id=388ebcd8-06cb-4b7d-a8b3-39739e58954b tenant_id=- user_id=- method=GET path=/ status=200 duration_ms=0.81
INFO 2026-03-09 21:36:03,259 correlation 10 134241551644352 request_complete correlation_id=18ef160b-3021-49d7-88c6-9d9305ce3ba5 tenant_id=- user_id=- method=GET path=/ status=200 duration_ms=1.72
INFO 2026-03-09 21:36:07,600 correlation 9 134241793095360 request_complete correlation_id=529c4e6b-f0e8-49f4-8437-cf538beb8aba tenant_id=1 user_id=1 method=GET path=/api/demo/notifications/unread-count/ status=200 duration_ms=4.03
INFO 2026-03-09 21:36:33,303 correlation 8 134241793095360 request_complete correlation_id=e52d98e6-c54f-4269-b8c7-f37d3606a891 tenant_id=- user_id=- method=GET path=/ status=200 duration_ms=0.93
INFO 2026-03-09 21:37:03,342 correlation 10 134241551644352 request_complete correlation_id=29fc932a-e739-4702-8b9e-5a271048896c tenant_id=- user_id=- method=GET path=/ status=200 duration_ms=0.84
INFO 2026-03-09 21:37:07,602 correlation 10 134241551644352 request_complete correlation_id=2d9c253f-7fec-4538-9f0c-78c9bcc39ab3 tenant_id=1 user_id=1 method=GET path=/api/demo/notifications/unread-count/ status=200 duration_ms=5.25
INFO 2026-03-09 21:37:28,861 correlation 10 134241631782592 request_complete correlation_id=73ddeb5f-0952-4c15-b23e-f9d7fc9b2f89 tenant_id=1 user_id=- method=GET path=/demo/admin/users status=200 duration_ms=2.9
INFO 2026-03-09 21:37:28,880 correlation 9 134241631782592 request_complete correlation_id=fcb63ba3-7f9b-4fc6-b490-41070a193f34 tenant_id=1 user_id=1 method=GET path=/api/demo/notifications/unread-count/ status=200 duration_ms=4.7
INFO 2026-03-09 21:37:28,880 correlation 10 134241551644352 request_complete correlation_id=bbe72eb6-0836-4bc1-b76f-6f7343e071a9 tenant_id=1 user_id=1 method=GET path=/api/demo/auth/users/ status=200 duration_ms=5.13
INFO 2026-03-09 21:37:29,706 correlation 10 134241631782592 request_complete correlation_id=be31a69c-10d8-4a70-bc04-d3bcf97e1f64 tenant_id=1 user_id=- method=GET path=/demo/admin/users status=200 duration_ms=3.62
INFO 2026-03-09 21:37:29,725 correlation 8 134241793095360 request_complete correlation_id=aada3942-95f3-4d80-8c70-66299e5ea5f3 tenant_id=1 user_id=1 method=GET path=/api/demo/notifications/unread-count/ status=200 duration_ms=4.72
INFO 2026-03-09 21:37:29,726 correlation 10 134241551644352 request_complete correlation_id=af986c9d-e184-4076-b592-d5240e274e55 tenant_id=1 user_id=1 method=GET path=/api/demo/auth/users/ status=200 duration_ms=5.3
INFO 2026-03-09 21:37:29,896 correlation 9 134241793095360 request_complete correlation_id=0d587a17-0af4-40e6-8613-4fd0bb42b77c tenant_id=1 user_id=- method=GET path=/demo/admin/users status=200 duration_ms=2.72
INFO 2026-03-09 21:37:29,915 correlation 10 134241631782592 request_complete correlation_id=94f8bbce-420e-48cc-bcc9-5095946e9a40 tenant_id=1 user_id=1 method=GET path=/api/demo/auth/users/ status=200 duration_ms=5.0
INFO 2026-03-09 21:37:29,915 correlation 8 134241793095360 request_complete correlation_id=bdf097f4-d8e8-4386-96f8-444753f54257 tenant_id=1 user_id=1 method=GET path=/api/demo/notifications/unread-count/ status=200 duration_ms=4.85
INFO 2026-03-09 21:37:29,926 correlation 9 134241631782592 request_complete correlation_id=11862a7c-d7a1-4c4a-a438-0d50dc8148f4 tenant_id=1 user_id=1 method=GET path=/api/demo/auth/departments/ status=200 duration_ms=15.51
INFO 2026-03-09 21:37:30,108 correlation 9 134241793095360 request_complete correlation_id=d2add664-bf88-457e-bb8a-232594491298 tenant_id=1 user_id=- method=GET path=/demo/admin/users status=200 duration_ms=2.81
INFO 2026-03-09 21:37:30,127 correlation 9 134241631782592 request_complete correlation_id=d0c5f22c-2169-4e24-8038-00e37b0ce801 tenant_id=1 user_id=1 method=GET path=/api/demo/notifications/unread-count/ status=200 duration_ms=4.79
INFO 2026-03-09 21:37:30,128 correlation 10 134241551644352 request_complete correlation_id=a0d89e5a-5591-41f0-8d4a-ce8a953d51c4 tenant_id=1 user_id=1 method=GET path=/api/demo/auth/users/ status=200 duration_ms=5.83
INFO 2026-03-09 21:37:30,138 correlation 8 134241793095360 request_complete correlation_id=3613066d-0b3b-4b28-8528-bd5a783977d6 tenant_id=1 user_id=1 method=GET path=/api/demo/auth/departments/ status=200 duration_ms=15.65
INFO 2026-03-09 21:37:30,289 correlation 8 134241793095360 request_complete correlation_id=e41d7d19-d421-4473-b56d-d52f0610b2f2 tenant_id=1 user_id=- method=GET path=/demo/admin/users status=200 duration_ms=3.22
INFO 2026-03-09 21:37:30,310 correlation 8 134241793095360 request_complete correlation_id=390af74f-d6a1-463d-a40e-62563147bbd6 tenant_id=1 user_id=1 method=GET path=/api/demo/notifications/unread-count/ status=200 duration_ms=4.79
INFO 2026-03-09 21:37:30,310 correlation 10 134241631782592 request_complete correlation_id=1f0a7ad2-4f86-49cd-856b-ac7d31137b69 tenant_id=1 user_id=1 method=GET path=/api/demo/auth/users/ status=200 duration_ms=5.47
INFO 2026-03-09 21:37:30,320 correlation 9 134241793095360 request_complete correlation_id=13944a97-aaf6-4569-8ed2-415b45c35274 tenant_id=1 user_id=1 method=GET path=/api/demo/auth/departments/ status=200 duration_ms=15.25
INFO 2026-03-09 21:37:33,388 correlation 9 134241631782592 request_complete correlation_id=63683ed8-fa69-436d-a1c1-62df3cbfceee tenant_id=- user_id=- method=GET path=/ status=200 duration_ms=0.79
INFO 2026-03-09 21:38:00,525 correlation 10 134241551644352 request_complete correlation_id=19b0bbda-e03d-42b3-9809-4d03f65d9eb5 tenant_id=1 user_id=1 method=POST path=/api/demo/auth/register/ status=403 duration_ms=4.26
INFO 2026-03-09 21:38:01,723 correlation 9 134241631782592 request_complete correlation_id=2fefe554-a7eb-47b6-b0d6-80de4d66e172 tenant_id=1 user_id=1 method=POST path=/api/demo/auth/register/ status=403 duration_ms=3.69
INFO 2026-03-09 21:38:01,904 correlation 9 134241793095360 request_complete correlation_id=93819772-06d4-4b7f-8f51-580f2db901f4 tenant_id=1 user_id=1 method=POST path=/api/demo/auth/register/ status=403 duration_ms=4.23
INFO 2026-03-09 21:38:02,186 correlation 8 134241793095360 request_complete correlation_id=fbb767e1-e875-4493-9a14-9b493bb8d82f tenant_id=1 user_id=1 method=POST path=/api/demo/auth/register/ status=403 duration_ms=4.01
INFO 2026-03-09 21:38:02,497 correlation 8 134241793095360 request_complete correlation_id=1abf34f3-81f8-47e0-a00d-ab22f61d6de2 tenant_id=1 user_id=1 method=POST path=/api/demo/auth/register/ status=403 duration_ms=3.78
INFO 2026-03-09 21:38:02,790 correlation 9 134241631782592 request_complete correlation_id=dc7cf212-a68e-4063-9af7-12fdc60f0a14 tenant_id=1 user_id=1 method=POST path=/api/demo/auth/register/ status=403 duration_ms=3.62
INFO 2026-03-09 21:38:02,995 correlation 8 134241793095360 request_complete correlation_id=5b3c3024-a19b-4da9-bdcf-cf606bfc4b60 tenant_id=1 user_id=1 method=POST path=/api/demo/auth/register/ status=403 duration_ms=3.86
INFO 2026-03-09 21:38:03,194 correlation 10 134241631782592 request_complete correlation_id=72d2b405-ce97-4f62-8f1f-2c5b1cced9c3 tenant_id=1 user_id=1 method=POST path=/api/demo/auth/register/ status=403 duration_ms=5.54
INFO 2026-03-09 21:38:03,419 correlation 9 134241793095360 request_complete correlation_id=4de5d73e-6a8f-4854-a211-aec0cda2d098 tenant_id=1 user_id=1 method=POST path=/api/demo/auth/register/ status=403 duration_ms=3.76
INFO 2026-03-09 21:38:03,429 correlation 9 134241631782592 request_complete correlation_id=e96622b1-5ae6-4cf6-b68f-6bc469b744ad tenant_id=- user_id=- method=GET path=/ status=200 duration_ms=0.84
INFO 2026-03-09 21:38:03,600 correlation 9 134241631782592 request_complete correlation_id=44658f87-1010-4288-9e72-481f5826ab98 tenant_id=1 user_id=1 method=POST path=/api/demo/auth/register/ status=403 duration_ms=4.05
INFO 2026-03-09 21:38:04,582 correlation 8 134241793095360 request_complete correlation_id=27e6603e-0c02-4e77-b050-1236febb734d tenant_id=1 user_id=1 method=POST path=/api/demo/auth/register/ status=403 duration_ms=3.83
INFO 2026-03-09 21:38:05,402 correlation 9 134241793095360 request_complete correlation_id=845e9e31-fc70-4e8b-be65-a6a9a5503c2e tenant_id=1 user_id=1 method=POST path=/api/demo/auth/register/ status=403 duration_ms=4.07
INFO 2026-03-09 21:38:05,974 correlation 10 134241551644352 request_complete correlation_id=00d42470-8549-41f7-bfc6-b686a13d138d tenant_id=1 user_id=1 method=POST path=/api/demo/auth/register/ status=403 duration_ms=3.78
INFO 2026-03-09 21:38:24,276 correlation 8 134241793095360 request_complete correlation_id=148be59d-e690-4627-b0f1-e1a8db15ae80 tenant_id=1 user_id=1 method=POST path=/api/demo/auth/register/ status=403 duration_ms=3.66
INFO 2026-03-09 21:38:25,067 correlation 10 134241631782592 request_complete correlation_id=a02403c1-6285-4e2b-a403-64a02e50f0ab tenant_id=1 user_id=1 method=POST path=/api/demo/auth/register/ status=403 duration_ms=3.63
INFO 2026-03-09 21:38:25,470 correlation 8 134241793095360 request_complete correlation_id=1004136b-428b-49ee-8518-7e8cb9358ce9 tenant_id=1 user_id=1 method=POST path=/api/demo/auth/register/ status=403 duration_ms=3.98
INFO 2026-03-09 21:38:30,309 correlation 8 134241793095360 request_complete correlation_id=5f18ce2b-edef-460e-9c40-2b5e2379e6a7 tenant_id=1 user_id=1 method=GET path=/api/demo/notifications/unread-count/ status=200 duration_ms=4.3
INFO 2026-03-09 21:38:33,466 correlation 8 134241793095360 request_complete correlation_id=ede181c7-cf63-459d-aba1-a518f3c77d6e tenant_id=- user_id=- method=GET path=/ status=200 duration_ms=1.04
INFO 2026-03-09 21:39:03,503 correlation 9 134241631782592 request_complete correlation_id=419bf0aa-a7df-4bff-ae7d-d50de8e8c25f tenant_id=- user_id=- method=GET path=/ status=200 duration_ms=0.88
INFO 2026-03-09 21:39:30,310 correlation 10 134241551644352 request_complete correlation_id=5f6d34b4-b684-40b5-b40b-47c9be7044ad tenant_id=1 user_id=1 method=GET path=/api/demo/notifications/unread-count/ status=200 duration_ms=4.6
INFO 2026-03-09 21:39:33,545 correlation 8 134241793095360 request_complete correlation_id=ec248b63-afeb-4ab2-a4fc-3fd9d4c2ed97 tenant_id=- user_id=- method=GET path=/ status=200 duration_ms=0.83
INFO 2026-03-09 21:40:03,582 correlation 10 134241631782592 request_complete correlation_id=4a6e5fbd-c9d7-4e41-9be6-0c886c4b68de tenant_id=- user_id=- method=GET path=/ status=200 duration_ms=0.92
INFO 2026-03-09 21:40:30,310 correlation 10 134241631782592 request_complete correlation_id=ce1246a7-dea3-4d24-8ad7-515be3bb42d3 tenant_id=1 user_id=1 method=GET path=/api/demo/notifications/unread-count/ status=200 duration_ms=4.4
INFO 2026-03-09 21:40:33,619 correlation 10 134241793095360 request_complete correlation_id=5ba871c6-7d29-4ce0-8656-7f0ca872d3b1 tenant_id=- user_id=- method=GET path=/ status=200 duration_ms=0.77
INFO 2026-03-09 21:41:03,666 correlation 9 134241631782592 request_complete correlation_id=260d060d-e445-4dec-9f75-0718429169dd tenant_id=- user_id=- method=GET path=/ status=200 duration_ms=0.89
INFO 2026-03-09 21:41:30,309 correlation 9 134241793095360 request_complete correlation_id=1a38b83b-a976-411b-826e-ff6b6b44668a tenant_id=1 user_id=1 method=GET path=/api/demo/notifications/unread-count/ status=200 duration_ms=3.81
INFO 2026-03-09 21:41:33,709 correlation 10 134241793095360 request_complete correlation_id=d4a7d228-e156-45ec-a521-c82ba67aeaa6 tenant_id=- user_id=- method=GET path=/ status=200 duration_ms=0.74
INFO 2026-03-09 21:42:03,752 correlation 8 134241793095360 request_complete correlation_id=b3c6cacc-fcdd-4c2f-bfed-1bfab17b25cb tenant_id=- user_id=- method=GET path=/ status=200 duration_ms=1.01
INFO 2026-03-09 21:42:30,311 correlation 8 134241793095360 request_complete correlation_id=7e3c9ce1-efe8-4460-9bad-9242cf6728ac tenant_id=1 user_id=- method=GET path=/api/demo/notifications/unread-count/ status=401 duration_ms=6.05
INFO 2026-03-09 21:42:30,320 correlation 9 134241631782592 request_complete correlation_id=e03aa21d-3434-4587-b193-0bf97f422bf1 tenant_id=1 user_id=- method=GET path=/demo/login status=200 duration_ms=2.86
INFO 2026-03-09 21:42:33,792 correlation 8 134241793095360 request_complete correlation_id=f549faf0-e9ee-4dc0-9420-3b3bc11ce2d7 tenant_id=- user_id=- method=GET path=/ status=200 duration_ms=0.83
INFO 2026-03-09 21:43:03,829 correlation 9 134241793095360 request_complete correlation_id=b4ee64a9-d9fe-40ae-84a2-b9b37d014784 tenant_id=- user_id=- method=GET path=/ status=200 duration_ms=0.87
INFO 2026-03-09 21:43:33,868 correlation 8 134241793095360 request_complete correlation_id=c0caf3e1-c04f-4e14-a648-6c01101fad90 tenant_id=- user_id=- method=GET path=/ status=200 duration_ms=0.83
INFO 2026-03-09 21:44:03,907 correlation 9 134241793095360 request_complete correlation_id=667e195f-d9a5-48c5-82be-99d8850e6526 tenant_id=- user_id=- method=GET path=/ status=200 duration_ms=0.89
INFO 2026-03-09 21:44:22,118 correlation 8 134241793095360 request_complete correlation_id=280b3019-74ad-41ca-8a96-1970e41c13f1 tenant_id=1 user_id=- method=GET path=/demo/login status=200 duration_ms=2.53
INFO 2026-03-09 21:44:23,116 correlation 8 134241793095360 request_complete correlation_id=ca076763-d35b-4a7f-8848-adbbdf00de1a tenant_id=1 user_id=- method=GET path=/demo/login status=200 duration_ms=4.05
INFO 2026-03-09 21:44:23,617 correlation 10 134241793095360 request_complete correlation_id=9c419aa7-1584-4e22-b4e1-7899df7d7b94 tenant_id=1 user_id=- method=GET path=/demo/login status=200 duration_ms=6.02
INFO 2026-03-09 21:44:23,796 correlation 9 134241793095360 request_complete correlation_id=c282df56-f77c-4361-ad40-9acb5277aa46 tenant_id=1 user_id=- method=GET path=/demo/login status=200 duration_ms=5.77
INFO 2026-03-09 21:44:27,027 correlation 10 134241631782592 request_complete correlation_id=d6c6912a-39eb-4eef-b861-a1aa8a294689 tenant_id=1 user_id=- method=POST path=/api/demo/auth/login/ status=200 duration_ms=219.15
INFO 2026-03-09 21:44:27,840 correlation 9 134241631782592 request_complete correlation_id=0b2a938c-9ad4-4c71-88db-a02cbea1ee76 tenant_id=1 user_id=- method=GET path=/demo/admin/dashboard status=200 duration_ms=6.43
INFO 2026-03-09 21:44:27,872 correlation 9 134241793095360 request_complete correlation_id=dcf099a5-bcd4-4e75-a7ff-13c69c936191 tenant_id=1 user_id=1 method=GET path=/api/demo/notifications/unread-count/ status=200 duration_ms=6.83
INFO 2026-03-09 21:44:27,882 correlation 10 134241793095360 request_complete correlation_id=d44da99d-7e32-446c-b9b1-802691143ce0 tenant_id=1 user_id=1 method=GET path=/api/demo/admin/dashboard/ status=200 duration_ms=16.67
INFO 2026-03-09 21:44:27,922 correlation 10 134241631782592 request_complete correlation_id=31d06f02-06f3-4c07-a288-b3a45a2d6285 tenant_id=1 user_id=1 method=GET path=/api/demo/tickets/ status=200 duration_ms=13.93
INFO 2026-03-09 21:44:30,791 correlation 9 134241631782592 request_complete correlation_id=09d231aa-3498-4f09-bea0-6c8c59c1de28 tenant_id=1 user_id=- method=GET path=/demo/projects status=200 duration_ms=2.95
INFO 2026-03-09 21:44:30,813 correlation 9 134241793095360 request_complete correlation_id=ed5c653f-7906-4fb1-9632-ef894a7aedac tenant_id=1 user_id=1 method=GET path=/api/demo/notifications/unread-count/ status=200 duration_ms=5.58
INFO 2026-03-09 21:44:30,827 correlation 10 134241793095360 request_complete correlation_id=0cd49cb1-1f58-4bc6-a887-2fdccee22ea2 tenant_id=1 user_id=1 method=GET path=/api/demo/projects/ status=200 duration_ms=20.05
INFO 2026-03-09 21:44:30,847 correlation 10 134241631782592 request_complete correlation_id=d11383d8-36a0-44e2-9d29-13cb18161f7e tenant_id=1 user_id=1 method=GET path=/api/demo/projects/ status=200 duration_ms=18.02
INFO 2026-03-09 21:44:32,199 correlation 10 134241793095360 request_complete correlation_id=9c171cbd-714c-4426-9d94-793c64826ab5 tenant_id=1 user_id=- method=GET path=/demo/admin/users status=200 duration_ms=3.14
INFO 2026-03-09 21:44:32,220 correlation 9 134241631782592 request_complete correlation_id=dc0782ee-3e22-476f-9454-728edb416fb2 tenant_id=1 user_id=1 method=GET path=/api/demo/notifications/unread-count/ status=200 duration_ms=4.89
INFO 2026-03-09 21:44:32,220 correlation 10 134241631782592 request_complete correlation_id=e6271653-dd1c-43f5-9572-ec4f10183673 tenant_id=1 user_id=1 method=GET path=/api/demo/auth/users/ status=200 duration_ms=5.68
INFO 2026-03-09 21:44:33,946 correlation 10 134241793095360 request_complete correlation_id=534ef1be-78b7-4f75-b058-ce0fc963bf77 tenant_id=- user_id=- method=GET path=/ status=200 duration_ms=0.79
INFO 2026-03-09 21:45:03,319 correlation 9 134241793095360 request_complete correlation_id=8dabc3dc-f03b-4c41-ba44-e4800f12a4b3 tenant_id=1 user_id=- method=GET path=/demo/admin/users status=200 duration_ms=3.14
INFO 2026-03-09 21:45:03,341 correlation 9 134241631782592 request_complete correlation_id=ab030bfc-f37c-45bd-ba73-68458b2354cb tenant_id=1 user_id=1 method=GET path=/api/demo/auth/users/ status=200 duration_ms=5.55
INFO 2026-03-09 21:45:03,344 correlation 8 134241793095360 request_complete correlation_id=c83bc7a6-1481-4f57-a67c-54cd3e025cb0 tenant_id=1 user_id=1 method=GET path=/api/demo/notifications/unread-count/ status=200 duration_ms=7.57
INFO 2026-03-09 21:45:03,353 correlation 10 134241793095360 request_complete correlation_id=34607dd9-896a-40f6-8566-45f6933d858c tenant_id=1 user_id=1 method=GET path=/api/demo/auth/departments/ status=200 duration_ms=17.53
INFO 2026-03-09 21:45:03,622 correlation 9 134241793095360 request_complete correlation_id=b56b757d-1c5a-418b-8b40-37ddf7c507ca tenant_id=1 user_id=- method=GET path=/demo/admin/users status=200 duration_ms=2.69
INFO 2026-03-09 21:45:03,641 correlation 9 134241631782592 request_complete correlation_id=cc9f8be9-20db-4e43-8779-09b377eb5652 tenant_id=1 user_id=1 method=GET path=/api/demo/notifications/unread-count/ status=200 duration_ms=4.79
INFO 2026-03-09 21:45:03,641 correlation 10 134241631782592 request_complete correlation_id=1f2b6044-65d8-4f6b-9dd9-5c23f1166b0b tenant_id=1 user_id=1 method=GET path=/api/demo/auth/users/ status=200 duration_ms=5.44
INFO 2026-03-09 21:45:03,652 correlation 8 134241793095360 request_complete correlation_id=8d491ffc-a397-480a-b90d-3ca553b66510 tenant_id=1 user_id=1 method=GET path=/api/demo/auth/departments/ status=200 duration_ms=15.73
INFO 2026-03-09 21:45:03,982 correlation 10 134241793095360 request_complete correlation_id=b34f854b-2219-4d83-8219-26bde0eda2d9 tenant_id=- user_id=- method=GET path=/ status=200 duration_ms=0.93
INFO 2026-03-09 21:45:04,294 correlation 8 134241793095360 request_complete correlation_id=066206a1-4519-4ec5-a484-b43ce72518bb tenant_id=1 user_id=- method=GET path=/demo/admin/users status=200 duration_ms=2.85
INFO 2026-03-09 21:45:04,314 correlation 10 134241793095360 request_complete correlation_id=6a2d6ce7-bc22-427c-be83-73507b59935a tenant_id=1 user_id=1 method=GET path=/api/demo/notifications/unread-count/ status=200 duration_ms=5.29
INFO 2026-03-09 21:45:04,314 correlation 9 134241793095360 request_complete correlation_id=e57ab9dd-6589-4dd4-b385-60d18a2b2e3c tenant_id=1 user_id=1 method=GET path=/api/demo/auth/users/ status=200 duration_ms=5.74
INFO 2026-03-09 21:45:04,325 correlation 8 134241793095360 request_complete correlation_id=85371575-b4ec-4d8e-b9ce-1cc3f6ad8c77 tenant_id=1 user_id=1 method=GET path=/api/demo/auth/departments/ status=200 duration_ms=16.05
INFO 2026-03-09 21:45:04,959 correlation 8 134241793095360 request_complete correlation_id=5897ba0e-57c4-43fe-b6a9-a520854b4e43 tenant_id=1 user_id=- method=GET path=/demo/admin/users status=200 duration_ms=2.77
INFO 2026-03-09 21:45:04,980 correlation 10 134241631782592 request_complete correlation_id=7513d69f-8026-442b-9951-fb231141775a tenant_id=1 user_id=1 method=GET path=/api/demo/auth/users/ status=200 duration_ms=5.78
INFO 2026-03-09 21:45:04,980 correlation 9 134241631782592 request_complete correlation_id=498f85b8-5df6-402a-b584-ead8922f2567 tenant_id=1 user_id=1 method=GET path=/api/demo/notifications/unread-count/ status=200 duration_ms=5.92
INFO 2026-03-09 21:45:04,990 correlation 8 134241793095360 request_complete correlation_id=54198aa5-67fc-4133-b516-01db5e6eb0f7 tenant_id=1 user_id=1 method=GET path=/api/demo/auth/departments/ status=200 duration_ms=15.01
INFO 2026-03-09 21:45:26,091 correlation 9 134241793095360 request_complete correlation_id=22402624-ca18-4c33-9d9f-36f4d86198e2 tenant_id=1 user_id=1 method=POST path=/api/demo/auth/register/ status=403 duration_ms=3.67
INFO 2026-03-09 21:45:27,780 correlation 9 134241631782592 request_complete correlation_id=d12d3f7f-ea0a-4615-be9c-f8edd647d4cd tenant_id=1 user_id=1 method=POST path=/api/demo/auth/register/ status=403 duration_ms=3.95
INFO 2026-03-09 21:45:28,529 correlation 8 134241793095360 request_complete correlation_id=f1df5862-5785-43e4-a2ad-f82a854d360b tenant_id=1 user_id=1 method=POST path=/api/demo/auth/register/ status=403 duration_ms=4.38
INFO 2026-03-09 21:45:28,858 correlation 8 134241793095360 request_complete correlation_id=850d9a48-ce7b-4b5a-b6b1-9ec10937865c tenant_id=1 user_id=1 method=POST path=/api/demo/auth/register/ status=403 duration_ms=3.92
INFO 2026-03-09 21:45:29,063 correlation 8 134241793095360 request_complete correlation_id=573eb7ec-0bf6-4059-84a9-3bd793ba7a2d tenant_id=1 user_id=1 method=POST path=/api/demo/auth/register/ status=403 duration_ms=3.68
INFO 2026-03-09 21:45:29,260 correlation 9 134241793095360 request_complete correlation_id=a28c2cab-2b22-45f5-9a36-2ac852f940e0 tenant_id=1 user_id=1 method=POST path=/api/demo/auth/register/ status=403 duration_ms=4.0
INFO 2026-03-09 21:45:29,440 correlation 8 134241793095360 request_complete correlation_id=618ed1c9-a075-45db-96f8-aade46d2b390 tenant_id=1 user_id=1 method=POST path=/api/demo/auth/register/ status=403 duration_ms=3.65
INFO 2026-03-09 21:45:29,809 correlation 9 134241631782592 request_complete correlation_id=720fb55f-cb2d-401a-9590-9e5c9ea26117 tenant_id=1 user_id=1 method=POST path=/api/demo/auth/register/ status=403 duration_ms=4.85
INFO 2026-03-09 21:45:34,020 correlation 10 134241793095360 request_complete correlation_id=b244c1ed-d0e9-4634-980a-056915963432 tenant_id=- user_id=- method=GET path=/ status=200 duration_ms=0.8
INFO 2026-03-09 21:46:04,058 correlation 8 134241793095360 request_complete correlation_id=cd89c2f5-53b0-4560-8a37-d8fea6aca715 tenant_id=- user_id=- method=GET path=/ status=200 duration_ms=0.85
INFO 2026-03-09 21:46:04,979 correlation 9 134241793095360 request_complete correlation_id=7d8a6070-bea4-4bc6-beff-65c0e70ae0e3 tenant_id=1 user_id=1 method=GET path=/api/demo/notifications/unread-count/ status=200 duration_ms=3.88
INFO 2026-03-09 21:46:34,098 correlation 10 134241793095360 request_complete correlation_id=c19d8b8f-6011-477d-ba9e-065b563c791f tenant_id=- user_id=- method=GET path=/ status=200 duration_ms=0.88
INFO 2026-03-09 21:47:04,138 correlation 8 134241793095360 request_complete correlation_id=7abe5d00-c4dd-47cf-b565-6c30e309848b tenant_id=- user_id=- method=GET path=/ status=200 duration_ms=0.9
INFO 2026-03-09 21:47:05,962 correlation 8 134241793095360 request_complete correlation_id=cfc9f4ca-3858-4dea-8e68-76d037405aad tenant_id=1 user_id=1 method=GET path=/api/demo/notifications/unread-count/ status=200 duration_ms=3.89
INFO 2026-03-09 21:47:34,180 correlation 10 134241793095360 request_complete correlation_id=ed5afdc7-2543-4ca2-93cb-7497dbea8648 tenant_id=- user_id=- method=GET path=/ status=200 duration_ms=0.8
INFO 2026-03-09 21:48:04,215 correlation 8 134241793095360 request_complete correlation_id=ba2a8a7c-7351-4808-b6e6-ffbef0df3005 tenant_id=- user_id=- method=GET path=/ status=200 duration_ms=0.99
INFO 2026-03-09 21:48:05,963 correlation 10 134241793095360 request_complete correlation_id=26d414e4-6401-49ac-a469-2cf221392dda tenant_id=1 user_id=1 method=GET path=/api/demo/notifications/unread-count/ status=200 duration_ms=4.3
INFO 2026-03-09 21:48:34,252 correlation 9 134241631782592 request_complete correlation_id=f78690cf-b10a-4b63-8af2-2a8fcd7f445e tenant_id=- user_id=- method=GET path=/ status=200 duration_ms=0.78
INFO 2026-03-09 21:49:04,310 correlation 10 134241551644352 request_complete correlation_id=3555046b-d264-4755-8cbb-9014bdad3299 tenant_id=- user_id=- method=GET path=/ status=200 duration_ms=1.34
INFO 2026-03-09 21:49:05,981 correlation 10 134241551644352 request_complete correlation_id=260d0411-86f5-4b1c-ab7c-7b4710467819 tenant_id=1 user_id=1 method=GET path=/api/demo/notifications/unread-count/ status=200 duration_ms=15.29
INFO 2026-03-09 21:49:34,350 correlation 9 134241631782592 request_complete correlation_id=42a3717a-f34f-47bd-bef7-c8c85709cf3a tenant_id=- user_id=- method=GET path=/ status=200 duration_ms=0.73
INFO 2026-03-09 21:50:04,386 correlation 10 134241793095360 request_complete correlation_id=4fb7724b-5f24-4fe3-932d-a83cb2d3a81d tenant_id=- user_id=- method=GET path=/ status=200 duration_ms=0.88
INFO 2026-03-09 21:50:05,963 correlation 9 134241631782592 request_complete correlation_id=23e11672-3d3f-4b48-ae75-f953a98b3e35 tenant_id=1 user_id=1 method=GET path=/api/demo/notifications/unread-count/ status=200 duration_ms=4.7
INFO 2026-03-09 21:50:34,428 correlation 9 134241793095360 request_complete correlation_id=a473a050-f968-4744-8edc-b601fbf01cf7 tenant_id=- user_id=- method=GET path=/ status=200 duration_ms=0.81
INFO 2026-03-09 21:51:04,473 correlation 9 134241631782592 request_complete correlation_id=e30b01df-ff51-40d2-87bb-ccd9977a0f33 tenant_id=- user_id=- method=GET path=/ status=200 duration_ms=0.98
INFO 2026-03-09 21:51:05,966 correlation 10 134241793095360 request_complete correlation_id=d7a1a28b-1b67-4fbb-bad9-5b79872fd35d tenant_id=1 user_id=1 method=GET path=/api/demo/notifications/unread-count/ status=200 duration_ms=6.68
INFO 2026-03-09 21:51:34,512 correlation 10 134241551644352 request_complete correlation_id=24cd2b8c-6f45-4e14-b9f3-a5579acdf64b tenant_id=- user_id=- method=GET path=/ status=200 duration_ms=1.18
INFO 2026-03-09 21:52:04,549 correlation 9 134241793095360 request_complete correlation_id=8661aa96-63d9-4e48-865f-1a9259cc89e3 tenant_id=- user_id=- method=GET path=/ status=200 duration_ms=0.88
INFO 2026-03-09 21:52:05,963 correlation 10 134241551644352 request_complete correlation_id=8c9cf106-be16-41b9-9546-7b658df3aee9 tenant_id=1 user_id=1 method=GET path=/api/demo/notifications/unread-count/ status=200 duration_ms=3.92
INFO 2026-03-09 21:52:06,499 correlation 10 134241793095360 request_complete correlation_id=2e16ffec-4a79-49e5-92ad-b1efd6a18bd5 tenant_id=- user_id=- method=GET path=/platform/dashboard status=200 duration_ms=0.67
INFO 2026-03-09 21:52:06,748 correlation 8 134241793095360 request_complete correlation_id=e4c4e15b-6c18-4471-aade-6e94af578fdd tenant_id=- user_id=- method=GET path=/platform/dashboard status=200 duration_ms=0.75
INFO 2026-03-09 21:52:06,972 correlation 9 134241793095360 request_complete correlation_id=348297dc-54fb-43e1-8737-f3119e8c168d tenant_id=- user_id=- method=GET path=/api/platform/me status=401 duration_ms=1.59
INFO 2026-03-09 21:52:06,972 correlation 10 134241551644352 request_complete correlation_id=673363fb-12f4-4a95-91fd-911822549cda tenant_id=- user_id=- method=GET path=/api/platform/me status=401 duration_ms=1.88
INFO 2026-03-09 21:52:06,978 correlation 10 134241793095360 request_complete correlation_id=2a14e4b5-0b29-4319-bdf6-bfba96bbfc7a tenant_id=- user_id=- method=GET path=/platform/login status=200 duration_ms=0.9
INFO 2026-03-09 21:52:06,981 correlation 10 134241551644352 request_complete correlation_id=b75b207c-3458-4813-8e38-608fe925c815 tenant_id=- user_id=- method=GET path=/platform/login status=200 duration_ms=0.84
INFO 2026-03-09 21:52:06,984 correlation 10 134241793095360 request_complete correlation_id=4f0f037f-1155-4d03-bdf5-a5357cefb316 tenant_id=- user_id=- method=GET path=/platform/login status=200 duration_ms=0.89
INFO 2026-03-09 21:52:06,986 correlation 10 134241551644352 request_complete correlation_id=2a7cec3c-33cf-4ef9-86ca-1e15b1e7814d tenant_id=- user_id=- method=GET path=/platform/login status=200 duration_ms=1.01
INFO 2026-03-09 21:52:07,027 correlation 9 134241631782592 request_complete correlation_id=3a1c41f5-8dee-4624-a76d-8abaa66a3a03 tenant_id=- user_id=- method=GET path=/platform/login status=200 duration_ms=1.13
INFO 2026-03-09 21:52:19,322 correlation 9 134241793095360 request_complete correlation_id=23f68da2-62fa-4768-bfb3-d4ac2b2dc43b tenant_id=- user_id=- method=POST path=/api/platform/login status=200 duration_ms=195.87
INFO 2026-03-09 21:52:19,329 correlation 8 134241793095360 request_complete correlation_id=8f6ce45d-18c4-4a44-aca6-d1730e33a096 tenant_id=- user_id=- method=GET path=/platform/dashboard status=200 duration_ms=0.75
INFO 2026-03-09 21:52:19,342 correlation 8 134241793095360 request_complete correlation_id=daecf73f-a801-4c6a-a55c-45cf8f884fe4 tenant_id=- user_id=2 method=GET path=/api/platform/me status=200 duration_ms=2.09
INFO 2026-03-09 21:52:19,346 correlation 8 134241793095360 request_complete correlation_id=461fc4bc-c1a1-4415-bdb2-e71df66a838a tenant_id=- user_id=2 method=GET path=/api/platform/me status=200 duration_ms=1.81
INFO 2026-03-09 21:52:19,353 correlation 9 134241631782592 request_complete correlation_id=52724630-fb2e-4f6a-88b7-a3c4b42bf63a tenant_id=- user_id=2 method=GET path=/api/platform/enquiries status=200 duration_ms=3.74
INFO 2026-03-09 21:52:19,354 correlation 8 134241793095360 request_complete correlation_id=059ae8d3-e0ac-44c6-93bd-bd54a9eca27b tenant_id=- user_id=2 method=GET path=/api/platform/stats status=200 duration_ms=5.44
INFO 2026-03-09 21:52:19,359 correlation 10 134241793095360 request_complete correlation_id=4453e7b1-dc0c-4383-95fa-7e1169c4e6fe tenant_id=- user_id=2 method=GET path=/api/platform/organizations status=200 duration_ms=10.3
INFO 2026-03-09 21:52:34,589 correlation 10 134241551644352 request_complete correlation_id=767cc211-f382-4e6d-bc43-2aa6c93e2388 tenant_id=- user_id=- method=GET path=/ status=200 duration_ms=0.77
INFO 2026-03-09 21:53:04,627 correlation 9 134241793095360 request_complete correlation_id=2069cf9a-55e7-48b1-ab51-d60181b77c24 tenant_id=- user_id=- method=GET path=/ status=200 duration_ms=0.85
INFO 2026-03-09 21:53:06,963 correlation 10 134241551644352 request_complete correlation_id=3cfbf77c-ea6d-4500-bf0f-ff4814800302 tenant_id=1 user_id=1 method=GET path=/api/demo/notifications/unread-count/ status=200 duration_ms=4.01
INFO 2026-03-09 21:53:25,630 correlation 10 134241631782592 request_complete correlation_id=7d293ce7-0fa8-494d-9cee-bfc5f9a16996 tenant_id=- user_id=2 method=POST path=/api/platform/organizations status=201 duration_ms=214.64
INFO 2026-03-09 21:53:25,643 correlation 8 134241793095360 request_complete correlation_id=51687b0e-038c-42b2-939d-cd2e085608cc tenant_id=- user_id=2 method=GET path=/api/platform/stats status=200 duration_ms=7.58
INFO 2026-03-09 21:53:25,645 correlation 10 134241551644352 request_complete correlation_id=8c6afe6f-11ba-4bf5-adf1-e79b9850eb63 tenant_id=- user_id=2 method=GET path=/api/platform/organizations status=200 duration_ms=9.01
INFO 2026-03-09 21:53:34,666 correlation 10 134241631782592 request_complete correlation_id=00235fd3-6f6b-4b2f-945b-da0464d40966 tenant_id=- user_id=- method=GET path=/ status=200 duration_ms=0.83
INFO 2026-03-09 21:53:45,274 correlation 10 134241631782592 request_complete correlation_id=4718bf38-82cc-4035-add0-ce715c8bc303 tenant_id=- user_id=- method=GET path=/platform/dashboard status=200 duration_ms=0.77
INFO 2026-03-09 21:53:45,288 correlation 8 134241793095360 request_complete correlation_id=bde6cb6d-0111-46d7-978f-4f8991121a18 tenant_id=- user_id=2 method=GET path=/api/platform/me status=200 duration_ms=1.73
INFO 2026-03-09 21:53:45,291 correlation 8 134241793095360 request_complete correlation_id=381ee405-8568-4e83-86b3-fc30b886f0b1 tenant_id=- user_id=2 method=GET path=/api/platform/me status=200 duration_ms=1.85
INFO 2026-03-09 21:53:45,297 correlation 8 134241793095360 request_complete correlation_id=1c66a43a-9eea-4d8c-a455-fa07f2ae9af2 tenant_id=- user_id=2 method=GET path=/api/platform/enquiries status=200 duration_ms=2.96
INFO 2026-03-09 21:53:45,300 correlation 9 134241793095360 request_complete correlation_id=170e8b55-32ff-43a5-98a6-2cbbf88b3175 tenant_id=- user_id=2 method=GET path=/api/platform/stats status=200 duration_ms=6.02
INFO 2026-03-09 21:53:45,306 correlation 10 134241551644352 request_complete correlation_id=ba2143d0-60ed-4c0c-bdb2-275aae8c2591 tenant_id=- user_id=2 method=GET path=/api/platform/organizations status=200 duration_ms=12.56
INFO 2026-03-09 21:53:49,705 correlation 8 134241793095360 request_complete correlation_id=eb744b0d-3a83-4614-8d41-b887ed2d3b49 tenant_id=- user_id=- method=GET path=/platform/dashboard status=200 duration_ms=0.77
INFO 2026-03-09 21:53:49,719 correlation 9 134241631782592 request_complete correlation_id=ee219b29-3a95-485a-b858-295c8f8a812f tenant_id=- user_id=2 method=GET path=/api/platform/me status=200 duration_ms=1.81
INFO 2026-03-09 21:53:49,723 correlation 9 134241793095360 request_complete correlation_id=8a5c5375-be58-452f-a89e-ff21210cebcb tenant_id=- user_id=2 method=GET path=/api/platform/me status=200 duration_ms=1.84
INFO 2026-03-09 21:53:49,728 correlation 8 134241793095360 request_complete correlation_id=325d6d41-defe-467e-8d04-44a2a59c068a tenant_id=- user_id=2 method=GET path=/api/platform/enquiries status=200 duration_ms=3.27
INFO 2026-03-09 21:53:49,730 correlation 9 134241631782592 request_complete correlation_id=d753a529-012a-4dee-83b5-31b58df1b313 tenant_id=- user_id=2 method=GET path=/api/platform/stats status=200 duration_ms=4.76
INFO 2026-03-09 21:53:49,736 correlation 10 134241631782592 request_complete correlation_id=b55da4bc-24f9-4060-828f-f9eb1b996c1e tenant_id=- user_id=2 method=GET path=/api/platform/organizations status=200 duration_ms=11.1
INFO 2026-03-09 21:54:04,704 correlation 10 134241551644352 request_complete correlation_id=183fe11e-d1b6-41e3-98da-07b4fd0536cd tenant_id=- user_id=- method=GET path=/ status=200 duration_ms=0.89
INFO 2026-03-09 21:54:07,963 correlation 9 134241793095360 request_complete correlation_id=59940e4c-ccf8-44c6-aef1-e638b513c65a tenant_id=1 user_id=1 method=GET path=/api/demo/notifications/unread-count/ status=200 duration_ms=3.85
INFO 2026-03-09 21:54:34,744 correlation 10 134241551644352 request_complete correlation_id=02c46ab2-a2c1-49bb-ab79-7aace5d46d52 tenant_id=- user_id=- method=GET path=/ status=200 duration_ms=0.73
INFO 2026-03-09 21:55:04,786 correlation 10 134241551644352 request_complete correlation_id=d0289e8c-ca55-4e5e-b3c1-4571ed8ebf0f tenant_id=- user_id=- method=GET path=/ status=200 duration_ms=0.95
INFO 2026-03-09 21:55:08,966 correlation 10 134241551644352 request_complete correlation_id=5eda5242-1d38-4ad3-be75-0bb0a57ea7a7 tenant_id=1 user_id=1 method=GET path=/api/demo/notifications/unread-count/ status=200 duration_ms=6.72
INFO 2026-03-09 21:55:34,840 correlation 9 134241631782592 request_complete correlation_id=bbce35d5-2d6c-4c0c-8284-47a08b15596d tenant_id=- user_id=- method=GET path=/ status=200 duration_ms=2.3
INFO 2026-03-09 21:56:04,901 correlation 9 134241631782592 request_complete correlation_id=822775f2-eb52-4454-8656-1da36698647c tenant_id=- user_id=- method=GET path=/ status=200 duration_ms=1.46
INFO 2026-03-09 21:56:09,972 correlation 10 134241793095360 request_complete correlation_id=78c76d81-a76f-4a3f-bf63-0c9c9fd1ad32 tenant_id=1 user_id=1 method=GET path=/api/demo/notifications/unread-count/ status=200 duration_ms=12.18
INFO 2026-03-09 21:56:34,954 correlation 10 134241551644352 request_complete correlation_id=d0300ed5-cb7a-487d-b28b-eba8e6c58e80 tenant_id=- user_id=- method=GET path=/ status=200 duration_ms=1.15
INFO 2026-03-09 21:57:05,010 correlation 10 134241551644352 request_complete correlation_id=a303eb1d-c42a-471d-acef-ccb152ba1511 tenant_id=- user_id=- method=GET path=/ status=200 duration_ms=1.22
INFO 2026-03-09 21:57:10,973 correlation 9 134241631782592 request_complete correlation_id=7426600d-ba60-446b-8eb4-be9448a45d95 tenant_id=1 user_id=1 method=GET path=/api/demo/notifications/unread-count/ status=200 duration_ms=12.62
INFO 2026-03-09 21:57:35,064 correlation 8 134241793095360 request_complete correlation_id=f6aef21e-b8c6-4b71-97d1-92f5ce739972 tenant_id=- user_id=- method=GET path=/ status=200 duration_ms=1.07
INFO 2026-03-09 21:58:04,047 correlation 8 134241793095360 request_complete correlation_id=1d08c264-527f-4724-a9cf-6ead8099b3dd tenant_id=- user_id=- method=GET path=/platform/dashboard status=200 duration_ms=0.99
INFO 2026-03-09 21:58:04,074 correlation 9 134241793095360 request_complete correlation_id=725c436f-bfac-428f-8bb1-ab217d715c68 tenant_id=- user_id=2 method=GET path=/api/platform/me status=200 duration_ms=9.13
INFO 2026-03-09 21:58:04,079 correlation 9 134241631782592 request_complete correlation_id=490e6ed4-d3a4-48f2-ba8c-950b1e5d2081 tenant_id=- user_id=2 method=GET path=/api/platform/me status=200 duration_ms=3.08
INFO 2026-03-09 21:58:04,091 correlation 10 134241551644352 request_complete correlation_id=c54ae0fc-eddc-4dc3-a68c-c0e65d41bb2c tenant_id=- user_id=2 method=GET path=/api/platform/stats status=200 duration_ms=11.95
INFO 2026-03-09 21:58:04,094 correlation 10 134241631782592 request_complete correlation_id=54727de6-c27d-4faf-827f-c00b75da9637 tenant_id=- user_id=2 method=GET path=/api/platform/enquiries status=200 duration_ms=13.35
INFO 2026-03-09 21:58:04,101 correlation 9 134241793095360 request_complete correlation_id=42ed0ac3-5748-4309-adfe-9da07977b4b1 tenant_id=- user_id=2 method=GET path=/api/platform/organizations status=200 duration_ms=20.78
INFO 2026-03-09 21:58:05,116 correlation 9 134241631782592 request_complete correlation_id=20790471-7f47-4a21-8c9d-e88ae5713653 tenant_id=- user_id=- method=GET path=/ status=200 duration_ms=1.22
INFO 2026-03-09 21:58:05,984 correlation 8 134241793095360 request_complete correlation_id=1f22182f-0e06-4f1b-867c-7fb41b39c5d1 tenant_id=- user_id=- method=GET path=/platform/dashboard status=200 duration_ms=1.15
INFO 2026-03-09 21:58:06,226 correlation 10 134241793095360 request_complete correlation_id=23e92131-fa48-45c2-ad6e-6c4e3869d96b tenant_id=- user_id=- method=GET path=/platform/dashboard status=200 duration_ms=1.03
INFO 2026-03-09 21:58:06,430 correlation 8 134241793095360 request_complete correlation_id=2ad1452f-982d-4acd-9e8b-fce665ed2ada tenant_id=- user_id=2 method=GET path=/api/platform/me status=200 duration_ms=4.14
INFO 2026-03-09 21:58:06,430 correlation 10 134241631782592 request_complete correlation_id=3852632e-8f52-4907-8031-bd8c7c58c113 tenant_id=- user_id=2 method=GET path=/api/platform/me status=200 duration_ms=4.14
INFO 2026-03-09 21:58:06,442 correlation 8 134241793095360 request_complete correlation_id=766bdb53-5bbd-469d-bf93-c32476d50859 tenant_id=- user_id=2 method=GET path=/api/platform/enquiries status=200 duration_ms=5.43
INFO 2026-03-09 21:58:06,449 correlation 9 134241793095360 request_complete correlation_id=05c0318f-b8e4-47b9-9bfd-457faa72db87 tenant_id=- user_id=- method=GET path=/platform/dashboard status=200 duration_ms=1.35
INFO 2026-03-09 21:58:06,457 correlation 9 134241631782592 request_complete correlation_id=8d092f12-ea48-423b-a8db-c712a736e5d5 tenant_id=- user_id=2 method=GET path=/api/platform/stats status=200 duration_ms=20.52
INFO 2026-03-09 21:58:06,475 correlation 10 134241793095360 request_complete correlation_id=d7ca9886-9d2f-493b-8a44-b9eca4321478 tenant_id=- user_id=2 method=GET path=/api/platform/organizations status=200 duration_ms=38.97
INFO 2026-03-09 21:58:06,557 correlation 10 134241631782592 request_complete correlation_id=e114e0de-7f7b-4ac4-a3c6-ecd99f54a62f tenant_id=- user_id=2 method=GET path=/api/platform/me status=200 duration_ms=3.51
INFO 2026-03-09 21:58:06,557 correlation 9 134241793095360 request_complete correlation_id=21cf4ecf-efa8-440f-a27d-4a251b795283 tenant_id=- user_id=2 method=GET path=/api/platform/me status=200 duration_ms=3.64
INFO 2026-03-09 21:58:06,570 correlation 8 134241793095360 request_complete correlation_id=2a655d9b-395a-48ad-81cc-ccc9729b6510 tenant_id=- user_id=2 method=GET path=/api/platform/enquiries status=200 duration_ms=5.21
INFO 2026-03-09 21:58:06,575 correlation 9 134241631782592 request_complete correlation_id=d9f60ce9-ad26-4c25-bf41-fa9651af785f tenant_id=- user_id=2 method=GET path=/api/platform/stats status=200 duration_ms=10.06
INFO 2026-03-09 21:58:06,582 correlation 10 134241793095360 request_complete correlation_id=959829cf-1116-42c8-b0ee-5d28a4976cb1 tenant_id=- user_id=2 method=GET path=/api/platform/organizations status=200 duration_ms=17.75
INFO 2026-03-09 21:58:06,646 correlation 10 134241631782592 request_complete correlation_id=740cbda0-84b6-41de-9a90-d42f7b34edf3 tenant_id=- user_id=- method=GET path=/platform/dashboard status=200 duration_ms=1.08
INFO 2026-03-09 21:58:06,755 correlation 8 134241793095360 request_complete correlation_id=24dc32e9-007b-4120-b5b1-76874fe7f8f2 tenant_id=- user_id=2 method=GET path=/api/platform/me status=200 duration_ms=2.25
INFO 2026-03-09 21:58:06,755 correlation 9 134241793095360 request_complete correlation_id=3f76a543-b4f0-4797-a983-d224b86a5321 tenant_id=- user_id=2 method=GET path=/api/platform/me status=200 duration_ms=2.12
INFO 2026-03-09 21:58:06,769 correlation 8 134241793095360 request_complete correlation_id=b42cfb73-abaf-4a50-a0c3-6110bacc9e23 tenant_id=- user_id=2 method=GET path=/api/platform/enquiries status=200 duration_ms=4.16
INFO 2026-03-09 21:58:06,770 correlation 9 134241631782592 request_complete correlation_id=5ee9a884-28e8-4a9d-b015-60831bd0f11a tenant_id=- user_id=2 method=GET path=/api/platform/stats status=200 duration_ms=8.99
INFO 2026-03-09 21:58:06,782 correlation 10 134241793095360 request_complete correlation_id=6f79ea84-1016-4440-b760-08aed0662ed1 tenant_id=- user_id=2 method=GET path=/api/platform/organizations status=200 duration_ms=20.18
INFO 2026-03-09 21:58:06,856 correlation 10 134241631782592 request_complete correlation_id=38dbf303-3eeb-4360-9be6-8b3b38dc1101 tenant_id=- user_id=- method=GET path=/platform/dashboard status=200 duration_ms=1.29
INFO 2026-03-09 21:58:07,089 correlation 9 134241793095360 request_complete correlation_id=b169029a-e2a2-400c-9cb8-812645c9b96b tenant_id=- user_id=2 method=GET path=/api/platform/me status=200 duration_ms=3.99
INFO 2026-03-09 21:58:07,089 correlation 8 134241793095360 request_complete correlation_id=64f7df8d-244a-4cf7-ab35-39f39d81abf0 tenant_id=- user_id=2 method=GET path=/api/platform/me status=200 duration_ms=4.24
INFO 2026-03-09 21:58:07,101 correlation 8 134241793095360 request_complete correlation_id=958c75f1-0edd-4a08-940c-650fabe358dc tenant_id=- user_id=2 method=GET path=/api/platform/enquiries status=200 duration_ms=3.92
INFO 2026-03-09 21:58:07,105 correlation 10 134241793095360 request_complete correlation_id=7feb7293-ded6-41fd-8052-124a9ba6970a tenant_id=- user_id=2 method=GET path=/api/platform/stats status=200 duration_ms=8.58
INFO 2026-03-09 21:58:07,115 correlation 9 134241631782592 request_complete correlation_id=f52fd744-4ae8-44c8-ac2f-63af5d967a37 tenant_id=- user_id=2 method=GET path=/api/platform/organizations status=200 duration_ms=18.81
INFO 2026-03-09 21:58:07,123 correlation 10 134241631782592 request_complete correlation_id=93ac624e-b3bf-49c2-8082-c308cf48a008 tenant_id=- user_id=- method=GET path=/platform/dashboard status=200 duration_ms=1.36
INFO 2026-03-09 21:58:07,237 correlation 10 134241793095360 request_complete correlation_id=34a436be-4544-4f84-a05c-24200fe23c49 tenant_id=- user_id=2 method=GET path=/api/platform/me status=200 duration_ms=2.71
INFO 2026-03-09 21:58:07,237 correlation 9 134241793095360 request_complete correlation_id=267079ac-2c27-4a19-a8c3-4ec843bd8062 tenant_id=- user_id=2 method=GET path=/api/platform/me status=200 duration_ms=2.65
INFO 2026-03-09 21:58:07,248 correlation 8 134241793095360 request_complete correlation_id=6b642ba6-d496-4907-9e5a-e453f46ec100 tenant_id=- user_id=2 method=GET path=/api/platform/enquiries status=200 duration_ms=5.01
INFO 2026-03-09 21:58:07,251 correlation 10 134241631782592 request_complete correlation_id=488012f1-097c-4466-9f4b-c11b7376eb4a tenant_id=- user_id=2 method=GET path=/api/platform/stats status=200 duration_ms=8.78
INFO 2026-03-09 21:58:07,261 correlation 9 134241631782592 request_complete correlation_id=a50baa2a-0e49-429a-8494-ee0279620cdd tenant_id=- user_id=2 method=GET path=/api/platform/organizations status=200 duration_ms=18.22
INFO 2026-03-09 21:58:07,367 correlation 8 134241793095360 request_complete correlation_id=0177097d-9b8f-477a-8d8a-fd70cb6ee764 tenant_id=- user_id=- method=GET path=/platform/dashboard status=200 duration_ms=1.21
INFO 2026-03-09 21:58:07,481 correlation 10 134241793095360 request_complete correlation_id=d3cb2943-916f-40a2-95be-a6f16ed38213 tenant_id=- user_id=2 method=GET path=/api/platform/me status=200 duration_ms=3.54
INFO 2026-03-09 21:58:07,481 correlation 8 134241793095360 request_complete correlation_id=0f3501b0-e5dc-4b3f-9fb3-42dcd7ccd08b tenant_id=- user_id=2 method=GET path=/api/platform/me status=200 duration_ms=3.85
INFO 2026-03-09 21:58:07,491 correlation 8 134241793095360 request_complete correlation_id=df65a427-5805-4c41-ab69-8577ea6f819c tenant_id=- user_id=2 method=GET path=/api/platform/enquiries status=200 duration_ms=4.52
INFO 2026-03-09 21:58:07,497 correlation 9 134241793095360 request_complete correlation_id=06cd6e62-a368-49be-a73e-a9191f09ca54 tenant_id=- user_id=2 method=GET path=/api/platform/stats status=200 duration_ms=10.71
INFO 2026-03-09 21:58:07,505 correlation 10 134241631782592 request_complete correlation_id=ecaa687c-04b7-467d-99ab-d5c7fa45de17 tenant_id=- user_id=2 method=GET path=/api/platform/organizations status=200 duration_ms=18.49
INFO 2026-03-09 21:58:07,573 correlation 8 134241793095360 request_complete correlation_id=bdfd9d26-50e4-407e-97ac-591a09966691 tenant_id=- user_id=- method=GET path=/platform/dashboard status=200 duration_ms=1.31
INFO 2026-03-09 21:58:07,730 correlation 9 134241631782592 request_complete correlation_id=3ba77978-8646-4573-ab4e-805f89758256 tenant_id=- user_id=2 method=GET path=/api/platform/me status=200 duration_ms=3.32
INFO 2026-03-09 21:58:07,732 correlation 8 134241793095360 request_complete correlation_id=f5b3650e-144e-47a9-95fe-9cbfd10cfbd2 tenant_id=- user_id=2 method=GET path=/api/platform/me status=200 duration_ms=2.97
INFO 2026-03-09 21:58:07,739 correlation 10 134241793095360 request_complete correlation_id=e663038d-61b2-40e4-afc8-5349d75d1365 tenant_id=- user_id=2 method=GET path=/api/platform/enquiries status=200 duration_ms=4.08
INFO 2026-03-09 21:58:07,745 correlation 9 134241793095360 request_complete correlation_id=c929e33d-ee2b-425f-8c18-656b9dffe1d2 tenant_id=- user_id=2 method=GET path=/api/platform/stats status=200 duration_ms=9.94
INFO 2026-03-09 21:58:07,755 correlation 8 134241793095360 request_complete correlation_id=1fdb34c8-52ce-4d01-b8be-7f5330170aba tenant_id=- user_id=2 method=GET path=/api/platform/organizations status=200 duration_ms=20.14
INFO 2026-03-09 21:58:07,759 correlation 8 134241631782592 request_complete correlation_id=fc867f9e-6bc6-4cd8-be30-0c13c20c2d86 tenant_id=- user_id=- method=GET path=/platform/dashboard status=200 duration_ms=2.42
INFO 2026-03-09 21:58:07,951 correlation 8 134241793095360 request_complete correlation_id=5d1221b8-03e8-456e-a2fc-a1e27d7e67e7 tenant_id=- user_id=- method=GET path=/platform/dashboard status=200 duration_ms=0.99
INFO 2026-03-09 21:58:08,059 correlation 10 134241631782592 request_complete correlation_id=672a286d-259a-43fa-bc73-6fe98c027f3e tenant_id=- user_id=2 method=GET path=/api/platform/me status=200 duration_ms=3.13
INFO 2026-03-09 21:58:08,064 correlation 8 134241631782592 request_complete correlation_id=2a89755e-cddb-45aa-a9f2-0878373a7a38 tenant_id=- user_id=2 method=GET path=/api/platform/me status=200 duration_ms=9.04
INFO 2026-03-09 21:58:08,070 correlation 8 134241631782592 request_complete correlation_id=53f5a74b-7822-440b-a8b4-0bead8ef1cb9 tenant_id=- user_id=2 method=GET path=/api/platform/enquiries status=200 duration_ms=4.07
INFO 2026-03-09 21:58:08,074 correlation 10 134241793095360 request_complete correlation_id=42fb6ab7-beff-456e-a338-af3e11e78c9e tenant_id=- user_id=2 method=GET path=/api/platform/stats status=200 duration_ms=8.94
INFO 2026-03-09 21:58:08,083 correlation 9 134241631782592 request_complete correlation_id=df41f7d5-7a66-4bf5-8c5f-4183c15a29af tenant_id=- user_id=2 method=GET path=/api/platform/organizations status=200 duration_ms=17.23
INFO 2026-03-09 21:58:08,137 correlation 9 134241793095360 request_complete correlation_id=bbcf8e4f-089f-4491-8d42-be322d95759e tenant_id=- user_id=- method=GET path=/platform/dashboard status=200 duration_ms=1.0
INFO 2026-03-09 21:58:08,345 correlation 8 134241793095360 request_complete correlation_id=3e057c13-0a79-43d3-9cd9-7411113ba93a tenant_id=- user_id=- method=GET path=/platform/dashboard status=200 duration_ms=1.46
INFO 2026-03-09 21:58:08,356 correlation 10 134241631782592 request_complete correlation_id=9d72630a-e29f-4856-8f2d-fda806967bd9 tenant_id=- user_id=2 method=GET path=/api/platform/me status=200 duration_ms=4.06
INFO 2026-03-09 21:58:08,356 correlation 8 134241631782592 request_complete correlation_id=354fcdf6-e058-4859-adf3-b647a8a858bb tenant_id=- user_id=2 method=GET path=/api/platform/me status=200 duration_ms=4.52
INFO 2026-03-09 21:58:08,450 correlation 10 134241793095360 request_complete correlation_id=a776b0a4-97cb-4b75-b3f0-24deb2d69cbe tenant_id=- user_id=2 method=GET path=/api/platform/me status=200 duration_ms=2.61
INFO 2026-03-09 21:58:08,450 correlation 9 134241631782592 request_complete correlation_id=730848ab-6ced-4405-89d4-2abc21279b61 tenant_id=- user_id=2 method=GET path=/api/platform/me status=200 duration_ms=3.32
INFO 2026-03-09 21:58:08,459 correlation 8 134241793095360 request_complete correlation_id=473f2e1a-07b6-4dc3-b55d-09bdccbc55a9 tenant_id=- user_id=2 method=GET path=/api/platform/enquiries status=200 duration_ms=4.59
INFO 2026-03-09 21:58:08,466 correlation 10 134241631782592 request_complete correlation_id=69d4c095-231b-4669-8b66-f6af1b2d4308 tenant_id=- user_id=2 method=GET path=/api/platform/stats status=200 duration_ms=10.73
INFO 2026-03-09 21:58:08,473 correlation 9 134241793095360 request_complete correlation_id=fdc68204-7a98-4d11-889e-39875b87835c tenant_id=- user_id=2 method=GET path=/api/platform/organizations status=200 duration_ms=18.45
INFO 2026-03-09 21:58:08,571 correlation 9 134241631782592 request_complete correlation_id=8abd495c-5180-4d14-a388-fdcd3bfe4256 tenant_id=- user_id=- method=GET path=/platform/dashboard status=200 duration_ms=1.03
INFO 2026-03-09 21:58:08,675 correlation 9 134241793095360 request_complete correlation_id=664d250c-f46d-4e61-ae12-8fd80045f1c1 tenant_id=- user_id=2 method=GET path=/api/platform/me status=200 duration_ms=3.48
INFO 2026-03-09 21:58:08,675 correlation 10 134241793095360 request_complete correlation_id=295a34b5-83fe-448d-91fb-25688d0a2783 tenant_id=- user_id=2 method=GET path=/api/platform/me status=200 duration_ms=3.43
INFO 2026-03-09 21:58:08,687 correlation 9 134241631782592 request_complete correlation_id=8447d43e-722a-4fc2-92f3-f6143c1bb44d tenant_id=- user_id=2 method=GET path=/api/platform/enquiries status=200 duration_ms=3.64
INFO 2026-03-09 21:58:08,691 correlation 10 134241631782592 request_complete correlation_id=048995ff-3ead-441d-9a54-3974271968cb tenant_id=- user_id=2 method=GET path=/api/platform/stats status=200 duration_ms=8.2
INFO 2026-03-09 21:58:08,701 correlation 8 134241631782592 request_complete correlation_id=cd435b70-1b23-4aa5-b83e-c51486e49064 tenant_id=- user_id=2 method=GET path=/api/platform/organizations status=200 duration_ms=18.15
INFO 2026-03-09 21:58:11,965 correlation 10 134241793095360 request_complete correlation_id=5a14d361-9b71-4229-8074-58cdffb626f0 tenant_id=1 user_id=1 method=GET path=/api/demo/notifications/unread-count/ status=200 duration_ms=5.64
INFO 2026-03-09 21:58:35,170 correlation 10 134241631782592 request_complete correlation_id=e8136b51-a43d-47e7-947a-ff90ff282044 tenant_id=- user_id=- method=GET path=/ status=200 duration_ms=1.13
INFO 2026-03-09 21:59:05,225 correlation 8 134241793095360 request_complete correlation_id=0c647bdd-1d51-4ec8-b9e8-9c9099b923b5 tenant_id=- user_id=- method=GET path=/ status=200 duration_ms=1.21
INFO 2026-03-09 21:59:12,966 correlation 10 134241631782592 request_complete correlation_id=d9d79851-b5e1-4aaf-89ac-cf68cddb8450 tenant_id=1 user_id=1 method=GET path=/api/demo/notifications/unread-count/ status=200 duration_ms=6.53
INFO 2026-03-09 21:59:35,276 correlation 9 134241793095360 request_complete correlation_id=3c11095a-da3a-44e3-8b61-04c11cfee22e tenant_id=- user_id=- method=GET path=/ status=200 duration_ms=1.6
INFO 2026-03-09 22:00:05,328 correlation 8 134241631782592 request_complete correlation_id=690262fb-01cd-4711-af50-4a1248556b34 tenant_id=- user_id=- method=GET path=/ status=200 duration_ms=1.32
INFO 2026-03-09 22:00:13,963 correlation 9 134241793095360 request_complete correlation_id=9eef6068-47d9-4845-8a26-749a154e48ba tenant_id=1 user_id=- method=GET path=/api/demo/notifications/unread-count/ status=401 duration_ms=3.52
INFO 2026-03-09 22:00:13,980 correlation 8 134241793095360 request_complete correlation_id=03697874-6d76-4503-8f30-da1848e5cadb tenant_id=1 user_id=- method=GET path=/demo/login status=200 duration_ms=5.0
INFO 2026-03-09 22:00:35,381 correlation 10 134241793095360 request_complete correlation_id=b7e1dd81-f6de-4d72-a667-d5c54b54d6e2 tenant_id=- user_id=- method=GET path=/ status=200 duration_ms=1.97
INFO 2026-03-09 22:01:05,427 correlation 10 134241793095360 request_complete correlation_id=c09811d2-303f-40b9-b091-8a22dd8708d5 tenant_id=- user_id=- method=GET path=/ status=200 duration_ms=1.02
INFO 2026-03-09 22:01:08,075 correlation 9 134241631782592 request_complete correlation_id=1c08c6d2-dab8-4335-bf1f-cb8b6d338bb2 tenant_id=1 user_id=- method=POST path=/api/demo/auth/login/ status=200 duration_ms=262.77
INFO 2026-03-09 22:01:08,888 correlation 8 134241631782592 request_complete correlation_id=a65686b8-62a6-44ff-99bf-aa82e97224c8 tenant_id=1 user_id=- method=GET path=/demo/admin/dashboard status=200 duration_ms=5.66
INFO 2026-03-09 22:01:08,932 correlation 8 134241793095360 request_complete correlation_id=5d1d8cee-2a40-4e71-b70c-c99ca446f3ca tenant_id=1 user_id=1 method=GET path=/api/demo/notifications/unread-count/ status=200 duration_ms=6.86
INFO 2026-03-09 22:01:08,941 correlation 10 134241793095360 request_complete correlation_id=da76a099-2a3e-432f-b2c9-36bdf363ef8d tenant_id=1 user_id=1 method=GET path=/api/demo/admin/dashboard/ status=200 duration_ms=15.79
INFO 2026-03-09 22:01:09,011 correlation 9 134241793095360 request_complete correlation_id=9976d0ec-03eb-4187-a632-16625b468b86 tenant_id=1 user_id=1 method=GET path=/api/demo/tickets/ status=200 duration_ms=31.06
INFO 2026-03-09 22:01:12,177 correlation 9 134241631782592 request_complete correlation_id=25b4e6a1-5309-4e4e-9158-ee2d0dd6b3f5 tenant_id=1 user_id=- method=GET path=/demo/tickets status=200 duration_ms=3.79
INFO 2026-03-09 22:01:12,217 correlation 9 134241631782592 request_complete correlation_id=86cbf9c9-b605-40d6-86ea-bb23740b7cc0 tenant_id=1 user_id=1 method=GET path=/api/demo/notifications/unread-count/ status=200 duration_ms=13.11
INFO 2026-03-09 22:01:12,235 correlation 9 134241793095360 request_complete correlation_id=f18fd4fd-f7bb-4bd2-a26a-8ba13f1f74c7 tenant_id=1 user_id=1 method=GET path=/api/demo/tickets/ status=200 duration_ms=32.27
INFO 2026-03-09 22:01:12,251 correlation 10 134241551644352 request_complete correlation_id=9df3f069-3a92-483e-a354-e164a66a01d7 tenant_id=1 user_id=1 method=GET path=/api/demo/projects/ status=200 duration_ms=48.86
INFO 2026-03-09 22:01:12,276 correlation 9 134241631782592 request_complete correlation_id=fdf59876-2465-4c4d-87b8-d041d8959ed0 tenant_id=1 user_id=1 method=GET path=/api/demo/auth/departments/ status=200 duration_ms=19.45
INFO 2026-03-09 22:01:14,862 correlation 10 134241793095360 request_complete correlation_id=1bd7c14c-c516-4df1-a0ca-bfa5a5b1268b tenant_id=1 user_id=- method=GET path=/demo/tickets/create status=200 duration_ms=3.98
INFO 2026-03-09 22:01:14,888 correlation 9 134241793095360 request_complete correlation_id=58c63dc4-cf70-463d-85ac-e5a855b20a71 tenant_id=1 user_id=1 method=GET path=/api/demo/notifications/unread-count/ status=200 duration_ms=5.67
INFO 2026-03-09 22:01:35,467 correlation 8 134241631782592 request_complete correlation_id=830cbe0a-7591-4cd3-bed4-4a51a2125174 tenant_id=- user_id=- method=GET path=/ status=200 duration_ms=0.93
INFO 2026-03-09 22:02:05,523 correlation 10 134241551644352 request_complete correlation_id=2f46af35-b7fb-4f34-940a-a5ba4b862d51 tenant_id=- user_id=- method=GET path=/ status=200 duration_ms=4.68
INFO 2026-03-09 22:02:14,965 correlation 9 134241631782592 request_complete correlation_id=65667e8d-da91-4987-9ada-19bba17651ff tenant_id=1 user_id=1 method=GET path=/api/demo/notifications/unread-count/ status=200 duration_ms=5.07
INFO 2026-03-09 22:02:35,575 correlation 8 134241793095360 request_complete correlation_id=f06327c7-c50d-4dd8-a4ea-99630c338eec tenant_id=- user_id=- method=GET path=/ status=200 duration_ms=1.35
INFO 2026-03-09 22:03:05,622 correlation 8 134241793095360 request_complete correlation_id=d9cf05c2-0e22-47e8-a2f8-564de73961cf tenant_id=- user_id=- method=GET path=/ status=200 duration_ms=0.95
INFO 2026-03-09 22:03:14,967 correlation 8 134241793095360 request_complete correlation_id=5fd32977-a089-4bb3-af2c-3a46fdd8d6ac tenant_id=1 user_id=1 method=GET path=/api/demo/notifications/unread-count/ status=200 duration_ms=7.39
INFO 2026-03-09 22:03:35,666 correlation 8 134241631782592 request_complete correlation_id=0a4293dc-fb5e-4398-9e55-04e6807c4c0d tenant_id=- user_id=- method=GET path=/ status=200 duration_ms=0.89
INFO 2026-03-09 22:04:05,713 correlation 8 134241631782592 request_complete correlation_id=f82f0356-4d88-433a-8601-aaf9fe4cbf15 tenant_id=- user_id=- method=GET path=/ status=200 duration_ms=1.01
INFO 2026-03-09 22:04:11,256 correlation 10 134241551644352 request_complete correlation_id=f4acebf8-550c-4e4c-80b3-cb0ad540640b tenant_id=1 user_id=- method=GET path=/demo/admin/users status=200 duration_ms=4.16
INFO 2026-03-09 22:04:11,281 correlation 10 134241631782592 request_complete correlation_id=df136928-e062-4722-8507-dc3bb1a9b51a tenant_id=1 user_id=1 method=GET path=/api/demo/auth/users/ status=200 duration_ms=6.6
INFO 2026-03-09 22:04:11,283 correlation 8 134241631782592 request_complete correlation_id=e3071e84-23d1-404d-8cea-e66eddd283a1 tenant_id=1 user_id=1 method=GET path=/api/demo/notifications/unread-count/ status=200 duration_ms=7.95
INFO 2026-03-09 22:04:35,755 correlation 9 134241793095360 request_complete correlation_id=e9c4d469-0634-46cf-97c0-a4eeebd8d1c4 tenant_id=- user_id=- method=GET path=/ status=200 duration_ms=1.12
INFO 2026-03-09 22:05:05,798 correlation 10 134241551644352 request_complete correlation_id=cec4bf9f-7cb5-40ec-a686-6d86325ff087 tenant_id=- user_id=- method=GET path=/ status=200 duration_ms=1.02
INFO 2026-03-09 22:05:11,280 correlation 10 134241551644352 request_complete correlation_id=d73fb4c8-f509-4e0a-8667-8a5c6b4cb5bc tenant_id=1 user_id=1 method=GET path=/api/demo/notifications/unread-count/ status=200 duration_ms=6.67
INFO 2026-03-09 22:05:35,838 correlation 8 134241793095360 request_complete correlation_id=5cac4b9b-0800-48ae-8ee9-846d3f5b4a07 tenant_id=- user_id=- method=GET path=/ status=200 duration_ms=0.86
INFO 2026-03-09 22:06:05,888 correlation 10 134241631782592 request_complete correlation_id=49c5ed1f-74b1-4a17-b40b-5b9a875a8768 tenant_id=- user_id=- method=GET path=/ status=200 duration_ms=0.94
INFO 2026-03-09 22:06:11,278 correlation 10 134241631782592 request_complete correlation_id=a116b993-1e49-4fc0-9da3-422635e935e4 tenant_id=1 user_id=1 method=GET path=/api/demo/notifications/unread-count/ status=200 duration_ms=4.31
INFO 2026-03-09 22:06:35,932 correlation 9 134241793095360 request_complete correlation_id=8756bb23-eec2-420f-9796-a4091919580f tenant_id=- user_id=- method=GET path=/ status=200 duration_ms=0.86
INFO 2026-03-09 22:07:05,980 correlation 9 134241793095360 request_complete correlation_id=05c241ee-768d-4494-99ba-ddd05b52e8e4 tenant_id=- user_id=- method=GET path=/ status=200 duration_ms=0.99
INFO 2026-03-09 22:07:11,278 correlation 8 134241631782592 request_complete correlation_id=824b4a0a-1d76-41a7-ad2f-e8f49ff3a9d1 tenant_id=1 user_id=1 method=GET path=/api/demo/notifications/unread-count/ status=200 duration_ms=4.24
INFO 2026-03-09 22:07:36,021 correlation 8 134241793095360 request_complete correlation_id=de40499a-abb4-40d2-bb7c-74cbfa76cbf4 tenant_id=- user_id=- method=GET path=/ status=200 duration_ms=0.89
INFO 2026-03-09 22:08:06,066 correlation 8 134241631782592 request_complete correlation_id=b5aed205-88a7-4ea4-92b1-da8e6c0e776e tenant_id=- user_id=- method=GET path=/ status=200 duration_ms=1.14
INFO 2026-03-09 22:08:11,285 correlation 9 134241631782592 request_complete correlation_id=c0db1011-0bc1-44d5-9433-8c17f5c39048 tenant_id=1 user_id=1 method=GET path=/api/demo/notifications/unread-count/ status=200 duration_ms=10.79
INFO 2026-03-09 22:08:36,109 correlation 10 134241551644352 request_complete correlation_id=021f2de9-adbe-4302-b1c3-a7eb26ca47f9 tenant_id=- user_id=- method=GET path=/ status=200 duration_ms=0.89
INFO 2026-03-09 22:09:06,159 correlation 9 134241793095360 request_complete correlation_id=0a4c5fc6-dfa0-4c65-978e-fa94d437cf8b tenant_id=- user_id=- method=GET path=/ status=200 duration_ms=1.22
INFO 2026-03-09 22:09:11,286 correlation 10 134241551644352 request_complete correlation_id=612a5abf-1cea-4b35-b9f3-1d652c7a9bc9 tenant_id=1 user_id=1 method=GET path=/api/demo/notifications/unread-count/ status=200 duration_ms=7.82
INFO 2026-03-09 22:09:36,202 correlation 10 134241631782592 request_complete correlation_id=07500451-2f0a-4c63-b748-788a1f55b74d tenant_id=- user_id=- method=GET path=/ status=200 duration_ms=0.86
INFO 2026-03-09 22:10:06,248 correlation 10 134241631782592 request_complete correlation_id=19926197-5be8-485b-bfd4-3a0d36fccac7 tenant_id=- user_id=- method=GET path=/ status=200 duration_ms=1.15
INFO 2026-03-09 22:10:11,285 correlation 10 134241631782592 request_complete correlation_id=452bf365-1910-478c-bcc0-586405829b42 tenant_id=1 user_id=1 method=GET path=/api/demo/notifications/unread-count/ status=200 duration_ms=10.22
INFO 2026-03-09 22:10:36,290 correlation 9 134241631782592 request_complete correlation_id=834936dc-dc0a-451c-b2d9-99caa215c78d tenant_id=- user_id=- method=GET path=/ status=200 duration_ms=0.87
INFO 2026-03-09 22:11:06,333 correlation 9 134241631782592 request_complete correlation_id=9dd6b55f-a095-4de9-9fe1-fa9b5be604b1 tenant_id=- user_id=- method=GET path=/ status=200 duration_ms=1.39
INFO 2026-03-09 22:11:11,289 correlation 10 134241793095360 request_complete correlation_id=3d2ee3ab-d1d4-4dfd-baf0-012498efc6fa tenant_id=1 user_id=1 method=GET path=/api/demo/notifications/unread-count/ status=200 duration_ms=15.25
INFO 2026-03-09 22:11:36,379 correlation 8 134241631782592 request_complete correlation_id=eed5a70d-671a-4700-8eda-50b296b3463a tenant_id=- user_id=- method=GET path=/ status=200 duration_ms=1.25
INFO 2026-03-09 22:12:06,424 correlation 9 134241631782592 request_complete correlation_id=e7f7450c-45a5-4d2c-9f58-427518a0ade6 tenant_id=- user_id=- method=GET path=/ status=200 duration_ms=1.02
INFO 2026-03-09 22:12:11,283 correlation 9 134241793095360 request_complete correlation_id=aa2f8bd7-5b99-4e48-9ab6-07801c4e6878 tenant_id=1 user_id=1 method=GET path=/api/demo/notifications/unread-count/ status=200 duration_ms=8.64
INFO 2026-03-09 22:12:36,464 correlation 8 134241631782592 request_complete correlation_id=70914d39-4077-4452-b8bc-a3f6183db868 tenant_id=- user_id=- method=GET path=/ status=200 duration_ms=0.86
INFO 2026-03-09 22:13:06,511 correlation 9 134241631782592 request_complete correlation_id=a4c889c8-dc07-4dd3-8451-c6e07eb16563 tenant_id=- user_id=- method=GET path=/ status=200 duration_ms=1.24
INFO 2026-03-09 22:13:11,281 correlation 9 134241631782592 request_complete correlation_id=f5ecfe01-dfaf-4186-a41c-042a563635ce tenant_id=1 user_id=1 method=GET path=/api/demo/notifications/unread-count/ status=200 duration_ms=6.65
INFO 2026-03-09 22:13:36,558 correlation 10 134241631782592 request_complete correlation_id=06218059-af24-4da8-bb3b-84adc0468ee8 tenant_id=- user_id=- method=GET path=/ status=200 duration_ms=1.01
INFO 2026-03-09 22:14:06,606 correlation 8 134241793095360 request_complete correlation_id=37508d27-883e-4eff-95a6-7bb80e7a708d tenant_id=- user_id=- method=GET path=/ status=200 duration_ms=1.01
INFO 2026-03-09 22:14:11,279 correlation 9 134241793095360 request_complete correlation_id=bcbe42e8-9f01-471e-8d9b-b556eca50cca tenant_id=1 user_id=1 method=GET path=/api/demo/notifications/unread-count/ status=200 duration_ms=5.26
INFO 2026-03-09 22:14:36,648 correlation 10 134241631782592 request_complete correlation_id=4d26c0c2-b1f1-4bdf-b73b-38041366e3e1 tenant_id=- user_id=- method=GET path=/ status=200 duration_ms=0.91
INFO 2026-03-09 22:15:06,694 correlation 8 134241793095360 request_complete correlation_id=a55e63ce-658d-47ff-89e7-f3a599814d9f tenant_id=- user_id=- method=GET path=/ status=200 duration_ms=1.11
INFO 2026-03-09 22:15:11,281 correlation 10 134241631782592 request_complete correlation_id=3979d16f-1420-40c7-9f7d-d2a87665b834 tenant_id=1 user_id=1 method=GET path=/api/demo/notifications/unread-count/ status=200 duration_ms=7.0
INFO 2026-03-09 22:15:36,771 correlation 8 134241793095360 request_complete correlation_id=2e611d31-bda8-4682-a7dd-fdb53e67e8c8 tenant_id=- user_id=- method=GET path=/ status=200 duration_ms=1.23
INFO 2026-03-09 22:16:06,812 correlation 10 134241793095360 request_complete correlation_id=0097d712-e21f-49a0-b177-2cb8e19df10e tenant_id=- user_id=- method=GET path=/ status=200 duration_ms=0.99
INFO 2026-03-09 22:16:11,277 correlation 9 134241631782592 request_complete correlation_id=49cfa3e4-5c02-4516-bfe4-681d5cd8ff31 tenant_id=1 user_id=- method=GET path=/api/demo/notifications/unread-count/ status=401 duration_ms=3.04
INFO 2026-03-09 22:16:11,288 correlation 10 134241793095360 request_complete correlation_id=52149c5a-2601-43b1-979a-7e1051508217 tenant_id=1 user_id=- method=GET path=/demo/login status=200 duration_ms=3.89
INFO 2026-03-09 22:16:36,860 correlation 9 134241793095360 request_complete correlation_id=28d40d28-2a92-425a-b1f2-b78cde2b0b49 tenant_id=- user_id=- method=GET path=/ status=200 duration_ms=0.93
INFO 2026-03-09 22:17:06,899 correlation 8 134241631782592 request_complete correlation_id=3c0a3b6a-222b-4a1b-9cca-52db828c844c tenant_id=- user_id=- method=GET path=/ status=200 duration_ms=0.98
INFO 2026-03-09 22:17:36,940 correlation 10 134241551644352 request_complete correlation_id=26ff3373-78d0-41e5-915c-66cfbbbf6c9b tenant_id=- user_id=- method=GET path=/ status=200 duration_ms=0.83
INFO 2026-03-09 22:18:06,986 correlation 10 134241551644352 request_complete correlation_id=766b41b5-4463-4ff6-b037-d1d965bdbda7 tenant_id=- user_id=- method=GET path=/ status=200 duration_ms=1.03
INFO 2026-03-09 22:18:37,027 correlation 10 134241551644352 request_complete correlation_id=4d51432c-0aaa-431d-b51d-37020e96e1fc tenant_id=- user_id=- method=GET path=/ status=200 duration_ms=0.99
INFO 2026-03-09 22:19:07,105 correlation 10 134241551644352 request_complete correlation_id=a7349f21-bdd5-4d70-9dd6-6a40e03535d2 tenant_id=- user_id=- method=GET path=/ status=200 duration_ms=1.54
INFO 2026-03-09 22:19:37,154 correlation 9 134241793095360 request_complete correlation_id=48c386e1-e17a-4c05-acbc-a9678a0c8dc3 tenant_id=- user_id=- method=GET path=/ status=200 duration_ms=1.11
INFO 2026-03-09 22:20:07,195 correlation 8 134241631782592 request_complete correlation_id=d21377a1-f354-438a-8ab1-3baf9d088aee tenant_id=- user_id=- method=GET path=/ status=200 duration_ms=1.07
INFO 2026-03-09 22:20:37,234 correlation 9 134241793095360 request_complete correlation_id=62ecc6a8-8509-4130-8bc1-037549d12bf4 tenant_id=- user_id=- method=GET path=/ status=200 duration_ms=0.85
INFO 2026-03-09 22:20:37,552 correlation 10 134241551644352 request_complete correlation_id=55708390-c46b-4f8e-9728-8ab92d9ee04f tenant_id=1 user_id=- method=GET path=/demo/login status=200 duration_ms=6.92
INFO 2026-03-09 22:20:40,663 correlation 10 134241631782592 request_complete correlation_id=46d8837d-49cb-4235-b1be-7b4eb0341269 tenant_id=1 user_id=- method=POST path=/api/demo/auth/login/ status=200 duration_ms=236.4
INFO 2026-03-09 22:20:41,480 correlation 8 134241793095360 request_complete correlation_id=3e0c3c3b-6c47-4192-a172-4a3b8684e80f tenant_id=1 user_id=- method=GET path=/demo/admin/dashboard status=200 duration_ms=8.03
INFO 2026-03-09 22:20:41,528 correlation 10 134241551644352 request_complete correlation_id=29922716-5211-433e-a3aa-2a990066e730 tenant_id=1 user_id=1 method=GET path=/api/demo/notifications/unread-count/ status=200 duration_ms=20.02
INFO 2026-03-09 22:20:41,540 correlation 9 134241793095360 request_complete correlation_id=1593c4c2-d330-4891-8828-4b3ae791e08e tenant_id=1 user_id=1 method=GET path=/api/demo/admin/dashboard/ status=200 duration_ms=31.94
INFO 2026-03-09 22:20:41,591 correlation 10 134241631782592 request_complete correlation_id=035078d5-2131-4ef7-ba18-8749a165a42b tenant_id=1 user_id=1 method=GET path=/api/demo/tickets/ status=200 duration_ms=21.33
INFO 2026-03-09 22:20:44,065 correlation 10 134241551644352 request_complete correlation_id=b6134c1a-9a52-4f99-9610-6b698489aad9 tenant_id=1 user_id=- method=GET path=/demo/admin/users status=200 duration_ms=3.6
INFO 2026-03-09 22:20:44,089 correlation 10 134241631782592 request_complete correlation_id=c4b3b963-2e67-4943-a65c-8bf827c2bfd8 tenant_id=1 user_id=1 method=GET path=/api/demo/notifications/unread-count/ status=200 duration_ms=5.8
INFO 2026-03-09 22:20:44,097 correlation 9 134241631782592 request_complete correlation_id=478f11a8-8f31-4d5f-8017-fbf6aa99b2b6 tenant_id=1 user_id=1 method=GET path=/api/demo/auth/users/ status=200 duration_ms=13.59
INFO 2026-03-09 22:21:07,275 correlation 9 134241793095360 request_complete correlation_id=5004bbb3-171d-434d-86a0-acd1afd3e45f tenant_id=- user_id=- method=GET path=/ status=200 duration_ms=1.04
INFO 2026-03-09 22:21:26,446 correlation 9 134241793095360 request_complete correlation_id=1d7cfb2c-f97d-4dab-b1e5-dba1ca94181e tenant_id=1 user_id=- method=GET path=/demo/admin/users status=200 duration_ms=3.43
INFO 2026-03-09 22:21:26,676 correlation 9 134241631782592 request_complete correlation_id=05047187-3cbe-4f06-81cf-a1648ba44c30 tenant_id=1 user_id=- method=GET path=/demo/admin/users status=200 duration_ms=4.85
INFO 2026-03-09 22:21:26,867 correlation 8 134241631782592 request_complete correlation_id=29a3d495-8f44-4b93-84b8-fa1734675d81 tenant_id=1 user_id=- method=GET path=/demo/admin/users status=200 duration_ms=6.98
INFO 2026-03-09 22:21:27,046 correlation 10 134241551644352 request_complete correlation_id=f87cf794-4b99-4d8f-876e-a588d49f1399 tenant_id=1 user_id=- method=GET path=/demo/admin/users status=200 duration_ms=2.87
INFO 2026-03-09 22:21:27,217 correlation 9 134241793095360 request_complete correlation_id=5efc65d0-b417-41f5-82eb-4ab855703710 tenant_id=1 user_id=- method=GET path=/demo/admin/users status=200 duration_ms=3.45
INFO 2026-03-09 22:21:27,225 correlation 10 134241631782592 request_complete correlation_id=4f9b3627-9ff3-4552-9852-c62d8a73d6ae tenant_id=1 user_id=1 method=GET path=/api/demo/notifications/unread-count/ status=200 duration_ms=6.83
INFO 2026-03-09 22:21:27,225 correlation 8 134241793095360 request_complete correlation_id=cb2e9a06-6f4b-4b9a-832f-ca31c53f89b6 tenant_id=1 user_id=1 method=GET path=/api/demo/auth/users/ status=200 duration_ms=7.9
INFO 2026-03-09 22:21:27,397 correlation 8 134241631782592 request_complete correlation_id=e128e95f-1655-4375-b2b6-bdc73c4e794c tenant_id=1 user_id=- method=GET path=/demo/admin/users status=200 duration_ms=2.93
INFO 2026-03-09 22:21:27,577 correlation 10 134241551644352 request_complete correlation_id=2bca5231-af86-4af5-b35f-2f45cbb01797 tenant_id=1 user_id=- method=GET path=/demo/admin/users status=200 duration_ms=3.78
INFO 2026-03-09 22:21:27,763 correlation 9 134241631782592 request_complete correlation_id=30916ee3-6f08-4002-8e38-5db0d23d429a tenant_id=1 user_id=- method=GET path=/demo/admin/users status=200 duration_ms=3.63
INFO 2026-03-09 22:21:27,956 correlation 9 134241793095360 request_complete correlation_id=e5ae2f54-437b-47ca-9f8e-8930ee6f5f5c tenant_id=1 user_id=- method=GET path=/demo/admin/users status=200 duration_ms=3.15
INFO 2026-03-09 22:21:28,127 correlation 8 134241793095360 request_complete correlation_id=3d978e13-958d-409a-8572-f90c64318d82 tenant_id=1 user_id=- method=GET path=/demo/admin/users status=200 duration_ms=3.86
INFO 2026-03-09 22:21:28,309 correlation 8 134241631782592 request_complete correlation_id=1650b79f-4f8a-4539-96d9-18dd5a8770cd tenant_id=1 user_id=- method=GET path=/demo/admin/users status=200 duration_ms=4.15
INFO 2026-03-09 22:21:28,330 correlation 9 134241631782592 request_complete correlation_id=05f81208-7875-4a23-a1f2-ea064a3aa735 tenant_id=1 user_id=1 method=GET path=/api/demo/auth/users/ status=200 duration_ms=14.43
INFO 2026-03-09 22:21:28,331 correlation 8 134241793095360 request_complete correlation_id=6dc02289-4317-4259-8923-5a015813ed02 tenant_id=1 user_id=1 method=GET path=/api/demo/notifications/unread-count/ status=200 duration_ms=15.36
INFO 2026-03-09 22:21:28,341 correlation 10 134241631782592 request_complete correlation_id=c52fd2a9-f15f-4b39-b0fb-b3dfcaac0412 tenant_id=1 user_id=1 method=GET path=/api/demo/auth/departments/ status=200 duration_ms=25.23
INFO 2026-03-09 22:21:28,539 correlation 8 134241631782592 request_complete correlation_id=63bd81ac-af97-4ac3-9a94-2304fbc2ed39 tenant_id=1 user_id=1 method=GET path=/api/demo/auth/users/ status=200 duration_ms=7.09
INFO 2026-03-09 22:21:28,540 correlation 10 134241551644352 request_complete correlation_id=e32b7e8c-aa44-4e39-b006-c00865ee9ea3 tenant_id=1 user_id=1 method=GET path=/api/demo/notifications/unread-count/ status=200 duration_ms=8.14
INFO 2026-03-09 22:21:28,552 correlation 9 134241793095360 request_complete correlation_id=2a76bba7-615e-4e56-8ffb-5b601a908f20 tenant_id=1 user_id=1 method=GET path=/api/demo/auth/departments/ status=200 duration_ms=20.12
INFO 2026-03-09 22:21:37,317 correlation 10 134241631782592 request_complete correlation_id=917daa02-702e-48ea-9023-f01ab6d15160 tenant_id=- user_id=- method=GET path=/ status=200 duration_ms=0.9
INFO 2026-03-09 22:21:55,644 correlation 8 134241793095360 request_complete correlation_id=89d3028f-be5c-4c06-a75d-e88f10f74de3 tenant_id=1 user_id=1 method=POST path=/api/demo/auth/register/ status=403 duration_ms=5.33
INFO 2026-03-09 22:21:56,940 correlation 10 134241631782592 request_complete correlation_id=22839a90-cf72-4334-897d-8add9a6d4a7a tenant_id=1 user_id=1 method=POST path=/api/demo/auth/register/ status=403 duration_ms=4.76
INFO 2026-03-09 22:21:57,148 correlation 10 134241793095360 request_complete correlation_id=3154f462-b595-450a-855f-e536da6b5627 tenant_id=1 user_id=1 method=POST path=/api/demo/auth/register/ status=403 duration_ms=8.03
INFO 2026-03-09 22:21:57,355 correlation 10 134241631782592 request_complete correlation_id=402ba9f5-54c4-4639-b2b1-ca0b692e4bd9 tenant_id=1 user_id=1 method=POST path=/api/demo/auth/register/ status=403 duration_ms=3.94
INFO 2026-03-09 22:21:57,561 correlation 10 134241793095360 request_complete correlation_id=61972d3e-fc12-4e6c-b713-94ec69bae6ba tenant_id=1 user_id=1 method=POST path=/api/demo/auth/register/ status=403 duration_ms=4.11
INFO 2026-03-09 22:21:57,742 correlation 9 134241631782592 request_complete correlation_id=2cbbe713-dfba-4bcc-9e87-370807fca48b tenant_id=1 user_id=1 method=POST path=/api/demo/auth/register/ status=403 duration_ms=4.25
INFO 2026-03-09 22:21:58,511 correlation 10 134241631782592 request_complete correlation_id=363a0028-592f-4f24-bc58-5494b560cc44 tenant_id=1 user_id=1 method=POST path=/api/demo/auth/register/ status=403 duration_ms=4.46
INFO 2026-03-09 22:22:01,085 correlation 10 134241793095360 request_complete correlation_id=1f83abf2-d132-4c2a-8132-3d0bec02037e tenant_id=- user_id=- method=GET path=/.well-known/appspecific/com.chrome.devtools.json status=404 duration_ms=0.83
INFO 2026-03-09 22:22:05,811 correlation 9 134241793095360 request_complete correlation_id=617eec59-ef52-4ba9-82bb-0f667644d5b7 tenant_id=1 user_id=1 method=POST path=/api/demo/auth/register/ status=403 duration_ms=4.47
INFO 2026-03-09 22:22:07,358 correlation 10 134241631782592 request_complete correlation_id=4b966b60-e5ed-43a5-b7cd-00d91b39b49a tenant_id=- user_id=- method=GET path=/ status=200 duration_ms=0.98
INFO 2026-03-09 22:22:16,996 correlation 9 134241631782592 request_complete correlation_id=61e4ed09-67b1-47dc-b7dc-1cb59617c926 tenant_id=1 user_id=1 method=POST path=/api/demo/auth/register/ status=403 duration_ms=4.54
INFO 2026-03-09 22:22:28,541 correlation 9 134241793095360 request_complete correlation_id=c9a0ca68-6ae5-4932-baca-09407b04afed tenant_id=1 user_id=1 method=GET path=/api/demo/notifications/unread-count/ status=200 duration_ms=7.78
INFO 2026-03-09 22:22:37,406 correlation 8 134241631782592 request_complete correlation_id=c3f3c7ac-0fa1-4258-8fb4-ab61eb450b8a tenant_id=- user_id=- method=GET path=/ status=200 duration_ms=0.92
INFO 2026-03-09 22:23:07,447 correlation 8 134241793095360 request_complete correlation_id=77431c0b-3703-4b29-ae3f-1d102288e5b7 tenant_id=- user_id=- method=GET path=/ status=200 duration_ms=0.93
INFO 2026-03-09 22:23:28,541 correlation 10 134241631782592 request_complete correlation_id=371c7e58-5404-4691-aace-595f8c157848 tenant_id=1 user_id=1 method=GET path=/api/demo/notifications/unread-count/ status=200 duration_ms=8.32
INFO 2026-03-09 22:23:37,488 correlation 10 134241793095360 request_complete correlation_id=117e916b-b4a9-4a91-b91f-002e5a2b34a2 tenant_id=- user_id=- method=GET path=/ status=200 duration_ms=0.86
INFO 2026-03-09 22:24:07,530 correlation 9 134241631782592 request_complete correlation_id=e26fe0f6-68e3-4ffb-9ba7-e49f06365900 tenant_id=- user_id=- method=GET path=/ status=200 duration_ms=1.25
INFO 2026-03-09 22:24:28,538 correlation 8 134241793095360 request_complete correlation_id=986cf2a1-f569-4725-8425-871ae78c2f84 tenant_id=1 user_id=1 method=GET path=/api/demo/notifications/unread-count/ status=200 duration_ms=5.06
INFO 2026-03-09 22:24:37,572 correlation 9 134241631782592 request_complete correlation_id=99ac15ea-544a-46cd-ba06-9027aafa6b93 tenant_id=- user_id=- method=GET path=/ status=200 duration_ms=0.87
INFO 2026-03-09 22:25:07,616 correlation 9 134241793095360 request_complete correlation_id=7978eccc-95ac-447e-b374-ba9461f70adc tenant_id=- user_id=- method=GET path=/ status=200 duration_ms=1.24
INFO 2026-03-09 22:25:28,537 correlation 8 134241631782592 request_complete correlation_id=3c3b781a-7866-4454-b62f-52e2b58f596b tenant_id=1 user_id=1 method=GET path=/api/demo/notifications/unread-count/ status=200 duration_ms=4.72
INFO 2026-03-09 22:25:37,655 correlation 10 134241793095360 request_complete correlation_id=bd7edd68-c491-40c9-9ffe-a33b538aa2b3 tenant_id=- user_id=- method=GET path=/ status=200 duration_ms=0.81
INFO 2026-03-09 22:26:07,695 correlation 10 134241793095360 request_complete correlation_id=31b24c31-e80a-483a-a341-3df3be07e6ab tenant_id=- user_id=- method=GET path=/ status=200 duration_ms=0.93
INFO 2026-03-09 22:26:12,316 correlation 10 134241793095360 request_complete correlation_id=818d28fd-4426-4d97-a518-3f5456e22730 tenant_id=1 user_id=- method=GET path=/demo/admin/users status=200 duration_ms=3.67
INFO 2026-03-09 22:26:12,340 correlation 10 134241551644352 request_complete correlation_id=bee731f7-bfe5-4bed-a196-3a6be0a74a28 tenant_id=- user_id=- method=GET path=/.well-known/appspecific/com.chrome.devtools.json status=404 duration_ms=0.44
INFO 2026-03-09 22:26:12,382 correlation 9 134241793095360 request_complete correlation_id=90e3d308-22bb-469b-9206-2de18127f13c tenant_id=1 user_id=1 method=GET path=/api/demo/auth/users/ status=200 duration_ms=8.55
INFO 2026-03-09 22:26:12,383 correlation 10 134241793095360 request_complete correlation_id=41fcd557-3420-4de4-8114-47d6d41d51f6 tenant_id=1 user_id=1 method=GET path=/api/demo/notifications/unread-count/ status=200 duration_ms=7.7
INFO 2026-03-09 22:26:13,380 correlation 9 134241631782592 request_complete correlation_id=ecd8eb95-83c3-4da8-957a-4e4d1c86f052 tenant_id=1 user_id=- method=GET path=/demo/admin/users status=200 duration_ms=2.99
INFO 2026-03-09 22:26:13,400 correlation 8 134241793095360 request_complete correlation_id=c6dd0fb4-1278-4b26-8d19-a90156acce65 tenant_id=- user_id=- method=GET path=/.well-known/appspecific/com.chrome.devtools.json status=404 duration_ms=1.03
INFO 2026-03-09 22:26:13,423 correlation 10 134241551644352 request_complete correlation_id=4b8587c4-2786-4ee5-be51-ccd34ee57e7d tenant_id=1 user_id=1 method=GET path=/api/demo/auth/users/ status=200 duration_ms=7.06
INFO 2026-03-09 22:26:13,424 correlation 8 134241631782592 request_complete correlation_id=73931b96-5520-4231-9f72-a6dc6fff1eb5 tenant_id=1 user_id=1 method=GET path=/api/demo/notifications/unread-count/ status=200 duration_ms=7.51
INFO 2026-03-09 22:26:13,436 correlation 9 134241793095360 request_complete correlation_id=d4e75f80-a792-4134-86db-70f8d439b52e tenant_id=1 user_id=1 method=GET path=/api/demo/auth/departments/ status=200 duration_ms=19.87
INFO 2026-03-09 22:26:37,741 correlation 8 134241793095360 request_complete correlation_id=a68a9d96-f65b-47fb-9151-da9a0573138d tenant_id=- user_id=- method=GET path=/ status=200 duration_ms=0.86
INFO 2026-03-09 22:26:49,207 correlation 10 134241793095360 request_complete correlation_id=6fd8cad1-b329-45a7-825a-1b95b877d1c8 tenant_id=1 user_id=1 method=POST path=/api/demo/auth/register/ status=403 duration_ms=4.54
INFO 2026-03-09 22:27:07,779 correlation 10 134241551644352 request_complete correlation_id=af005a97-7e47-4bba-aca7-f64c70838ff2 tenant_id=- user_id=- method=GET path=/ status=200 duration_ms=0.95
INFO 2026-03-09 22:27:08,608 correlation 8 134241631782592 request_complete correlation_id=93c0f653-9286-493a-9e5f-dd799d27baa8 tenant_id=1 user_id=- method=GET path=/demo/admin/users status=200 duration_ms=3.61
INFO 2026-03-09 22:27:08,640 correlation 10 134241551644352 request_complete correlation_id=42ac2e50-5e70-4585-86f3-a5e2a6c14efc tenant_id=- user_id=- method=GET path=/.well-known/appspecific/com.chrome.devtools.json status=404 duration_ms=1.1
INFO 2026-03-09 22:27:08,865 correlation 8 134241793095360 request_complete correlation_id=91aa0507-f22c-4aad-b7f4-286bae3e9698 tenant_id=1 user_id=- method=GET path=/demo/admin/users status=200 duration_ms=5.37
INFO 2026-03-09 22:27:08,880 correlation 9 134241631782592 request_complete correlation_id=fc40edfd-7a5f-48df-a415-1c9a0f4b178c tenant_id=1 user_id=1 method=GET path=/api/demo/notifications/unread-count/ status=200 duration_ms=7.86
INFO 2026-03-09 22:27:08,884 correlation 10 134241631782592 request_complete correlation_id=bf96043a-c42c-413d-b556-4c875bffde6b tenant_id=1 user_id=1 method=GET path=/api/demo/auth/users/ status=200 duration_ms=13.65
INFO 2026-03-09 22:27:08,899 correlation 10 134241793095360 request_complete correlation_id=82098a0c-f859-438d-8673-8bc0e1d667d9 tenant_id=1 user_id=1 method=GET path=/api/demo/auth/departments/ status=200 duration_ms=30.6
INFO 2026-03-09 22:27:08,922 correlation 10 134241551644352 request_complete correlation_id=c21ba667-6ecc-480b-8aa7-0314d8a5a6c2 tenant_id=- user_id=- method=GET path=/.well-known/appspecific/com.chrome.devtools.json status=404 duration_ms=0.78
INFO 2026-03-09 22:27:09,046 correlation 9 134241793095360 request_complete correlation_id=4abd8132-7c2f-42f5-9e84-e812aa7cc19f tenant_id=1 user_id=- method=GET path=/demo/admin/users status=200 duration_ms=4.01
INFO 2026-03-09 22:27:09,064 correlation 10 134241793095360 request_complete correlation_id=8b6a262b-ce4f-4da4-9d71-a9420006b311 tenant_id=- user_id=- method=GET path=/.well-known/appspecific/com.chrome.devtools.json status=404 duration_ms=0.5
INFO 2026-03-09 22:27:09,231 correlation 8 134241631782592 request_complete correlation_id=94e963c9-92a3-4cd5-a819-92183b3b607e tenant_id=1 user_id=- method=GET path=/demo/admin/users status=200 duration_ms=3.56
INFO 2026-03-09 22:27:09,250 correlation 10 134241551644352 request_complete correlation_id=1b3c8b74-cb0d-4c7d-854b-3761459066e9 tenant_id=- user_id=- method=GET path=/.well-known/appspecific/com.chrome.devtools.json status=404 duration_ms=1.23
INFO 2026-03-09 22:27:09,414 correlation 9 134241631782592 request_complete correlation_id=0f501219-e097-464d-bafd-1e616f7a1b36 tenant_id=1 user_id=- method=GET path=/demo/admin/users status=200 duration_ms=2.97
INFO 2026-03-09 22:27:09,429 correlation 9 134241793095360 request_complete correlation_id=49ac0968-1f4a-4e2b-a22a-e22b55a5ab62 tenant_id=- user_id=- method=GET path=/.well-known/appspecific/com.chrome.devtools.json status=404 duration_ms=0.47
INFO 2026-03-09 22:27:09,603 correlation 9 134241631782592 request_complete correlation_id=b485b2a3-7c1a-4c3b-a509-32599a8e497b tenant_id=1 user_id=- method=GET path=/demo/admin/users status=200 duration_ms=2.9
INFO 2026-03-09 22:27:09,621 correlation 9 134241793095360 request_complete correlation_id=48358630-1bc5-4b3d-b0da-be917e6c5630 tenant_id=- user_id=- method=GET path=/.well-known/appspecific/com.chrome.devtools.json status=404 duration_ms=0.86
INFO 2026-03-09 22:27:09,774 correlation 10 134241793095360 request_complete correlation_id=0ca9fbfb-01b9-4f3d-9ad9-7c6e5533fb26 tenant_id=1 user_id=- method=GET path=/demo/admin/users status=200 duration_ms=3.01
INFO 2026-03-09 22:27:09,792 correlation 9 134241631782592 request_complete correlation_id=2e1c1a7e-9ad2-4327-ba24-89ee6e5d3caf tenant_id=- user_id=- method=GET path=/.well-known/appspecific/com.chrome.devtools.json status=404 duration_ms=1.1
INFO 2026-03-09 22:27:09,955 correlation 8 134241793095360 request_complete correlation_id=4f82ce1d-ae65-470e-a71e-77a5734d78cd tenant_id=1 user_id=- method=GET path=/demo/admin/users status=200 duration_ms=2.94
INFO 2026-03-09 22:27:09,975 correlation 9 134241793095360 request_complete correlation_id=b61d7e64-ab4e-4da6-8d62-b2f6c7093b66 tenant_id=- user_id=- method=GET path=/.well-known/appspecific/com.chrome.devtools.json status=404 duration_ms=0.78
INFO 2026-03-09 22:27:10,146 correlation 10 134241551644352 request_complete correlation_id=45d9868b-e32e-4cd5-babf-a8083671e4a1 tenant_id=1 user_id=- method=GET path=/demo/admin/users status=200 duration_ms=3.44
INFO 2026-03-09 22:27:10,168 correlation 10 134241793095360 request_complete correlation_id=17213e74-2c9b-40ed-97c8-2a73fbbd36e5 tenant_id=- user_id=- method=GET path=/.well-known/appspecific/com.chrome.devtools.json status=404 duration_ms=0.57
INFO 2026-03-09 22:27:10,329 correlation 10 134241551644352 request_complete correlation_id=5b6f74cf-cf7c-4977-9ef7-2242dcbf8037 tenant_id=1 user_id=- method=GET path=/demo/admin/users status=200 duration_ms=3.88
INFO 2026-03-09 22:27:10,374 correlation 8 134241631782592 request_complete correlation_id=6f4ad792-cabd-47e2-b828-d7bb28a74160 tenant_id=- user_id=- method=GET path=/.well-known/appspecific/com.chrome.devtools.json status=404 duration_ms=0.7
INFO 2026-03-09 22:27:10,515 correlation 9 134241631782592 request_complete correlation_id=96ce487d-4474-48d0-a863-1e69cd416499 tenant_id=1 user_id=- method=GET path=/demo/admin/users status=200 duration_ms=3.75
INFO 2026-03-09 22:27:10,541 correlation 10 134241631782592 request_complete correlation_id=65f1daed-84ce-4d49-b39f-3c5a4b8eddcf tenant_id=- user_id=- method=GET path=/.well-known/appspecific/com.chrome.devtools.json status=404 duration_ms=0.7
INFO 2026-03-09 22:27:10,710 correlation 10 134241551644352 request_complete correlation_id=0efa07da-4613-4985-bd2c-d07754e5e480 tenant_id=1 user_id=- method=GET path=/demo/admin/users status=200 duration_ms=3.91
INFO 2026-03-09 22:27:10,739 correlation 8 134241631782592 request_complete correlation_id=621dd156-ce80-4fcb-a2ea-40e2c3cb9b5a tenant_id=- user_id=- method=GET path=/.well-known/appspecific/com.chrome.devtools.json status=404 duration_ms=0.52
INFO 2026-03-09 22:27:10,928 correlation 9 134241793095360 request_complete correlation_id=84c3ec48-edc0-4cb3-b2f1-f2fa8789957b tenant_id=1 user_id=1 method=GET path=/api/demo/auth/users/ status=200 duration_ms=11.82
INFO 2026-03-09 22:27:10,928 correlation 10 134241631782592 request_complete correlation_id=23e6fe1b-6ddb-453a-bddf-dc4817497e0f tenant_id=1 user_id=- method=GET path=/demo/admin/users status=200 duration_ms=5.46
INFO 2026-03-09 22:27:10,931 correlation 9 134241631782592 request_complete correlation_id=1dcf5521-f782-4ef6-93af-21f5111d454e tenant_id=1 user_id=1 method=GET path=/api/demo/notifications/unread-count/ status=200 duration_ms=12.12
INFO 2026-03-09 22:27:10,972 correlation 10 134241551644352 request_complete correlation_id=976da5bf-6707-42fe-ab33-bbe70fca408f tenant_id=- user_id=- method=GET path=/.well-known/appspecific/com.chrome.devtools.json status=404 duration_ms=0.45
INFO 2026-03-09 22:27:11,103 correlation 10 134241631782592 request_complete correlation_id=6d26fa80-f2e5-4633-b2a2-dbc4ead4950f tenant_id=1 user_id=- method=GET path=/demo/admin/users status=200 duration_ms=3.2
INFO 2026-03-09 22:27:11,137 correlation 9 134241793095360 request_complete correlation_id=c5d1c27d-93bd-426d-9920-df72be083702 tenant_id=- user_id=- method=GET path=/.well-known/appspecific/com.chrome.devtools.json status=404 duration_ms=0.53
INFO 2026-03-09 22:27:11,313 correlation 9 134241631782592 request_complete correlation_id=9aae86a9-8dd2-412d-8af3-345729b36b27 tenant_id=1 user_id=- method=GET path=/demo/admin/users status=200 duration_ms=4.87
INFO 2026-03-09 22:27:11,323 correlation 8 134241631782592 request_complete correlation_id=6642dd3f-fedc-4483-b947-b062ed50b829 tenant_id=1 user_id=1 method=GET path=/api/demo/auth/users/ status=200 duration_ms=11.48
INFO 2026-03-09 22:27:11,324 correlation 10 134241551644352 request_complete correlation_id=cf49395a-b10c-4c3f-b8de-a5466f31796f tenant_id=1 user_id=1 method=GET path=/api/demo/notifications/unread-count/ status=200 duration_ms=12.44
INFO 2026-03-09 22:27:11,361 correlation 9 134241793095360 request_complete correlation_id=2e5b3066-68ac-4697-a96e-e0c16ae76ee3 tenant_id=- user_id=- method=GET path=/.well-known/appspecific/com.chrome.devtools.json status=404 duration_ms=0.61
INFO 2026-03-09 22:27:11,824 correlation 9 134241793095360 request_complete correlation_id=94030035-e336-4588-8e8b-679b14bdd0e7 tenant_id=1 user_id=1 method=GET path=/api/demo/auth/users/ status=200 duration_ms=10.48
INFO 2026-03-09 22:27:11,824 correlation 9 134241631782592 request_complete correlation_id=75243c21-47f5-4d8c-9beb-5a518c6ea2c3 tenant_id=1 user_id=1 method=GET path=/api/demo/notifications/unread-count/ status=200 duration_ms=7.76
INFO 2026-03-09 22:27:11,831 correlation 10 134241631782592 request_complete correlation_id=cd5d7ad5-11ca-4b57-aa47-2aa04194d15c tenant_id=1 user_id=1 method=GET path=/api/demo/auth/departments/ status=200 duration_ms=16.61
INFO 2026-03-09 22:27:37,217 correlation 9 134241793095360 request_complete correlation_id=a54561cb-d89c-4ffe-aa3f-03bc148eebd5 tenant_id=1 user_id=1 method=POST path=/api/demo/auth/register/ status=403 duration_ms=4.36
INFO 2026-03-09 22:27:37,819 correlation 9 134241631782592 request_complete correlation_id=f69b64f5-7e10-41d3-ae6d-2844ad5dca7e tenant_id=- user_id=- method=GET path=/ status=200 duration_ms=0.87
INFO 2026-03-09 22:28:07,861 correlation 9 134241631782592 request_complete correlation_id=61fa7681-ecfc-41c0-b66c-3a5fe227528b tenant_id=- user_id=- method=GET path=/ status=200 duration_ms=0.98
INFO 2026-03-09 22:28:11,815 correlation 9 134241631782592 request_complete correlation_id=69973631-18f9-41e7-a801-60d014b62784 tenant_id=1 user_id=1 method=GET path=/api/demo/notifications/unread-count/ status=200 duration_ms=4.12
INFO 2026-03-09 22:28:37,903 correlation 8 134241793095360 request_complete correlation_id=11c9f24e-fcad-4d7f-89d6-45d3609aa17b tenant_id=- user_id=- method=GET path=/ status=200 duration_ms=0.85
INFO 2026-03-09 22:29:07,954 correlation 9 134241793095360 request_complete correlation_id=0d583e98-0118-4fbd-b1ac-20be0c2b1f04 tenant_id=- user_id=- method=GET path=/ status=200 duration_ms=0.98
INFO 2026-03-09 22:29:11,816 correlation 10 134241551644352 request_complete correlation_id=5f05a0ca-09b2-4f49-82c8-1de4be761454 tenant_id=1 user_id=1 method=GET path=/api/demo/notifications/unread-count/ status=200 duration_ms=4.22
INFO 2026-03-09 22:29:37,994 correlation 8 134241631782592 request_complete correlation_id=8e82edbb-2562-469e-8de2-771bada73705 tenant_id=- user_id=- method=GET path=/ status=200 duration_ms=1.11
INFO 2026-03-09 22:30:08,042 correlation 10 134241631782592 request_complete correlation_id=9089f8d9-7faa-4971-8e17-a57aea109096 tenant_id=- user_id=- method=GET path=/ status=200 duration_ms=0.96
INFO 2026-03-09 22:30:11,816 correlation 8 134241631782592 request_complete correlation_id=8ffd69f3-02f2-4634-bba1-db2ca7003236 tenant_id=1 user_id=1 method=GET path=/api/demo/notifications/unread-count/ status=200 duration_ms=4.27
INFO 2026-03-09 22:30:38,086 correlation 8 134241793095360 request_complete correlation_id=33c2c742-202d-4012-8658-6bdf289f998b tenant_id=- user_id=- method=GET path=/ status=200 duration_ms=0.93
INFO 2026-03-09 22:31:16,512 correlation 9 134241793095360 request_complete correlation_id=6aa7082c-e96f-42dc-a341-8fcb9ed6193b tenant_id=- user_id=- method=GET path=/ status=200 duration_ms=0.92
INFO 2026-03-09 22:31:20,200 correlation 10 134241631782592 request_complete correlation_id=3723287a-1908-48a1-b478-e66b791fe262 tenant_id=1 user_id=1 method=GET path=/api/demo/notifications/unread-count/ status=200 duration_ms=7.04
INFO 2026-03-09 22:31:46,556 correlation 9 134241793095360 request_complete correlation_id=c1121830-c8d6-4da7-b985-84774b7bac1d tenant_id=- user_id=- method=GET path=/ status=200 duration_ms=0.82
INFO 2026-03-09 22:32:16,597 correlation 10 134241551644352 request_complete correlation_id=0e241e23-9028-4896-b511-bded962b069e tenant_id=- user_id=- method=GET path=/ status=200 duration_ms=1.08
INFO 2026-03-09 22:32:20,201 correlation 9 134241631782592 request_complete correlation_id=ad63caba-3818-4176-bbf9-134f3fd46b46 tenant_id=1 user_id=1 method=GET path=/api/demo/notifications/unread-count/ status=200 duration_ms=8.38
INFO 2026-03-09 22:32:46,635 correlation 8 134241793095360 request_complete correlation_id=3edf4d37-51b9-494a-a274-380c56724cf9 tenant_id=- user_id=- method=GET path=/ status=200 duration_ms=0.78
INFO 2026-03-09 22:33:16,674 correlation 9 134241793095360 request_complete correlation_id=5cf11430-8071-48a7-8e10-c6e535ad4a8b tenant_id=- user_id=- method=GET path=/ status=200 duration_ms=1.0
INFO 2026-03-09 22:33:20,201 correlation 8 134241631782592 request_complete correlation_id=f022e850-e91a-40e3-986e-019c4bb449ce tenant_id=1 user_id=1 method=GET path=/api/demo/notifications/unread-count/ status=200 duration_ms=7.42
INFO 2026-03-09 22:33:46,716 correlation 9 134241631782592 request_complete correlation_id=d97e5cae-a8fa-489b-b777-d19454ddadea tenant_id=- user_id=- method=GET path=/ status=200 duration_ms=0.84
INFO 2026-03-09 22:34:16,761 correlation 9 134241793095360 request_complete correlation_id=917af169-a12c-4537-b6b3-5e3fab424287 tenant_id=- user_id=- method=GET path=/ status=200 duration_ms=1.51
INFO 2026-03-09 22:34:20,204 correlation 9 134241793095360 request_complete correlation_id=2676a9eb-db04-4ef8-8a5a-69dea103cb7d tenant_id=1 user_id=1 method=GET path=/api/demo/notifications/unread-count/ status=200 duration_ms=10.42
INFO 2026-03-09 22:34:46,800 correlation 10 134241551644352 request_complete correlation_id=a1821e0c-0205-40b6-8554-04109e52a64d tenant_id=- user_id=- method=GET path=/ status=200 duration_ms=0.82
INFO 2026-03-09 22:35:16,840 correlation 10 134241551644352 request_complete correlation_id=341058e2-00ea-4049-a72c-36fc37221527 tenant_id=- user_id=- method=GET path=/ status=200 duration_ms=0.87
INFO 2026-03-09 22:35:20,198 correlation 9 134241631782592 request_complete correlation_id=146537a1-f68d-4076-8952-4b023948094b tenant_id=1 user_id=1 method=GET path=/api/demo/notifications/unread-count/ status=200 duration_ms=4.6
INFO 2026-03-09 22:35:46,881 correlation 9 134241793095360 request_complete correlation_id=546107b2-0e3d-49b2-a809-4fac08cd8d6b tenant_id=- user_id=- method=GET path=/ status=200 duration_ms=1.05
INFO 2026-03-09 22:36:16,918 correlation 8 134241793095360 request_complete correlation_id=5a42d525-d146-40bd-8e38-fa10c1d4c31b tenant_id=- user_id=- method=GET path=/ status=200 duration_ms=0.95
INFO 2026-03-09 22:36:20,201 correlation 10 134241551644352 request_complete correlation_id=9b365ef4-54e1-44dc-a75b-621fccb4dcb7 tenant_id=1 user_id=- method=GET path=/api/demo/notifications/unread-count/ status=401 duration_ms=6.8
INFO 2026-03-09 22:36:20,211 correlation 9 134241793095360 request_complete correlation_id=932e0894-8be2-4071-ba30-cb6fef7c7c1b tenant_id=1 user_id=- method=GET path=/demo/login status=200 duration_ms=3.42
INFO 2026-03-09 22:36:20,230 correlation 10 134241793095360 request_complete correlation_id=a00e1506-fa5c-4dca-9166-26320079e009 tenant_id=- user_id=- method=GET path=/.well-known/appspecific/com.chrome.devtools.json status=404 duration_ms=0.74
INFO 2026-03-09 22:36:46,955 correlation 10 134241551644352 request_complete correlation_id=b7e19be8-65e8-4e56-a077-6c41140c2ce8 tenant_id=- user_id=- method=GET path=/ status=200 duration_ms=0.81
INFO 2026-03-09 22:37:17,000 correlation 10 134241551644352 request_complete correlation_id=f55f2167-ed1f-4020-9caa-a7812af5353e tenant_id=- user_id=- method=GET path=/ status=200 duration_ms=0.86
INFO 2026-03-09 22:37:47,040 correlation 8 134241793095360 request_complete correlation_id=28861464-1f61-44bb-885b-9327d04f7e2f tenant_id=- user_id=- method=GET path=/ status=200 duration_ms=0.81
INFO 2026-03-09 22:38:17,080 correlation 10 134241551644352 request_complete correlation_id=11b3f963-baff-4b47-a8e2-e994cb4f2ce3 tenant_id=- user_id=- method=GET path=/ status=200 duration_ms=0.85
INFO 2026-03-09 22:38:47,118 correlation 8 134241793095360 request_complete correlation_id=9c930858-4c95-46ef-b1e6-645fe9006682 tenant_id=- user_id=- method=GET path=/ status=200 duration_ms=0.8
INFO 2026-03-09 22:39:17,162 correlation 10 134241551644352 request_complete correlation_id=3e838b3e-b4a0-4823-be1d-f3a3e0bf1d6c tenant_id=- user_id=- method=GET path=/ status=200 duration_ms=1.13
INFO 2026-03-09 22:39:47,202 correlation 9 134241631782592 request_complete correlation_id=6ef51205-ea96-40f6-beee-ab1be1c31a2d tenant_id=- user_id=- method=GET path=/ status=200 duration_ms=0.87
INFO 2026-03-09 22:40:17,244 correlation 10 134241551644352 request_complete correlation_id=c351d7c1-4254-4814-8117-5fa33c93208a tenant_id=- user_id=- method=GET path=/ status=200 duration_ms=0.93
INFO 2026-03-09 22:40:47,285 correlation 8 134241631782592 request_complete correlation_id=5a347128-1333-4399-83ee-adc86b38ea28 tenant_id=- user_id=- method=GET path=/ status=200 duration_ms=1.01
INFO 2026-03-09 22:41:17,329 correlation 9 134241631782592 request_complete correlation_id=c7e2844d-17f3-4d31-844e-1b741c245a74 tenant_id=- user_id=- method=GET path=/ status=200 duration_ms=0.92
INFO 2026-03-09 22:41:47,365 correlation 10 134241551644352 request_complete correlation_id=c6301df7-c969-4b54-858b-f96806ef6954 tenant_id=- user_id=- method=GET path=/ status=200 duration_ms=0.79
INFO 2026-03-09 22:42:17,401 correlation 8 134241631782592 request_complete correlation_id=ed13b0a1-8a15-49ff-a8af-d427b3a09b93 tenant_id=- user_id=- method=GET path=/ status=200 duration_ms=0.86
INFO 2026-03-09 22:42:47,449 correlation 9 134241793095360 request_complete correlation_id=bbed5480-4c52-4876-8ee8-da66c33eb366 tenant_id=- user_id=- method=GET path=/ status=200 duration_ms=0.78
INFO 2026-03-09 22:43:17,497 correlation 9 134241793095360 request_complete correlation_id=f5a5196c-8ed6-45e9-8845-7c5a235aba02 tenant_id=- user_id=- method=GET path=/ status=200 duration_ms=0.9
INFO 2026-03-09 22:43:47,540 correlation 10 134241551644352 request_complete correlation_id=d1925460-a463-4eff-ad21-1d16c653fdc9 tenant_id=- user_id=- method=GET path=/ status=200 duration_ms=0.81
INFO 2026-03-09 22:44:17,582 correlation 9 134241793095360 request_complete correlation_id=8ad56b5f-c566-4592-840a-c5b153d00b8d tenant_id=- user_id=- method=GET path=/ status=200 duration_ms=0.98
INFO 2026-03-09 22:44:47,623 correlation 10 134241551644352 request_complete correlation_id=7e862a59-52e9-4b8e-8faa-cda316737dee tenant_id=- user_id=- method=GET path=/ status=200 duration_ms=0.83
INFO 2026-03-09 22:45:17,658 correlation 10 134241551644352 request_complete correlation_id=0a8525c7-c750-4b91-a5f0-e099328efb95 tenant_id=- user_id=- method=GET path=/ status=200 duration_ms=0.88
INFO 2026-03-09 22:45:47,699 correlation 8 134241631782592 request_complete correlation_id=b051a1d0-c619-459e-acd1-9e881b7e69e7 tenant_id=- user_id=- method=GET path=/ status=200 duration_ms=0.75
INFO 2026-03-09 22:46:17,745 correlation 10 134241551644352 request_complete correlation_id=10cf48b3-892d-42d0-a623-ea573e29610a tenant_id=- user_id=- method=GET path=/ status=200 duration_ms=0.9
INFO 2026-03-09 22:46:47,781 correlation 10 134241551644352 request_complete correlation_id=19c34236-36c5-4b1b-90c1-0801e6458f0a tenant_id=- user_id=- method=GET path=/ status=200 duration_ms=0.72
INFO 2026-03-09 22:47:17,820 correlation 10 134241551644352 request_complete correlation_id=2b35064d-1065-4f63-84b4-edf571d3ec19 tenant_id=- user_id=- method=GET path=/ status=200 duration_ms=0.88
INFO 2026-03-09 22:47:47,868 correlation 10 134241551644352 request_complete correlation_id=0d662641-4891-496a-bf37-bbcf35e634cb tenant_id=- user_id=- method=GET path=/ status=200 duration_ms=0.8
INFO 2026-03-09 22:48:17,908 correlation 8 134241631782592 request_complete correlation_id=208dc4f4-20e1-400f-8d19-f2fd4190e78b tenant_id=- user_id=- method=GET path=/ status=200 duration_ms=0.82
INFO 2026-03-09 22:48:47,947 correlation 8 134241631782592 request_complete correlation_id=be302fd3-ef4c-4db2-b221-78e06fb1f6da tenant_id=- user_id=- method=GET path=/ status=200 duration_ms=0.76
INFO 2026-03-09 22:49:17,990 correlation 10 134241551644352 request_complete correlation_id=96df53f0-ff77-4a93-9c74-2dee47235ed1 tenant_id=- user_id=- method=GET path=/ status=200 duration_ms=1.52
INFO 2026-03-09 22:49:48,028 correlation 9 134241793095360 request_complete correlation_id=ff54855a-4b6b-49a6-b1dd-c603da145570 tenant_id=- user_id=- method=GET path=/ status=200 duration_ms=0.76
INFO 2026-03-09 22:50:18,067 correlation 10 134241551644352 request_complete correlation_id=09fa6de4-5a26-4df7-a666-f179b89925aa tenant_id=- user_id=- method=GET path=/ status=200 duration_ms=0.89
INFO 2026-03-09 22:50:48,103 correlation 9 134241631782592 request_complete correlation_id=e98d3fc1-66b4-4734-92dd-42426bbd2acd tenant_id=- user_id=- method=GET path=/ status=200 duration_ms=0.8
INFO 2026-03-09 22:51:18,145 correlation 9 134241631782592 request_complete correlation_id=f3669e4c-942f-48aa-a16d-d97e1a13550c tenant_id=- user_id=- method=GET path=/ status=200 duration_ms=0.96
INFO 2026-03-09 22:51:48,182 correlation 9 134241793095360 request_complete correlation_id=d49a2bcf-8c33-4969-9fde-b4a2ec95fe1e tenant_id=- user_id=- method=GET path=/ status=200 duration_ms=0.77
INFO 2026-03-09 22:52:18,221 correlation 8 134241793095360 request_complete correlation_id=08f1f150-c6ab-41dc-b80c-abdad86a02b5 tenant_id=- user_id=- method=GET path=/ status=200 duration_ms=0.86
INFO 2026-03-09 22:52:48,261 correlation 9 134241793095360 request_complete correlation_id=9c2dcfe5-3cac-47cc-86e8-ae1d87d0123a tenant_id=- user_id=- method=GET path=/ status=200 duration_ms=1.02
INFO 2026-03-09 22:53:18,299 correlation 10 134241551644352 request_complete correlation_id=09d02a53-c6b8-4779-8877-aac42797e51d tenant_id=- user_id=- method=GET path=/ status=200 duration_ms=0.82
INFO 2026-03-09 22:53:48,338 correlation 9 134241631782592 request_complete correlation_id=d81342aa-370f-48ad-a3b1-dfc635be5370 tenant_id=- user_id=- method=GET path=/ status=200 duration_ms=1.37
INFO 2026-03-09 22:54:18,375 correlation 9 134241631782592 request_complete correlation_id=debd537d-b695-4ed5-ab58-565585455f5a tenant_id=- user_id=- method=GET path=/ status=200 duration_ms=0.88
INFO 2026-03-09 22:54:48,413 correlation 9 134241793095360 request_complete correlation_id=7f7591ad-7f7d-49bd-ba05-e3f82ae908eb tenant_id=- user_id=- method=GET path=/ status=200 duration_ms=0.81
INFO 2026-03-09 22:55:18,456 correlation 10 134241551644352 request_complete correlation_id=29655154-f585-4515-b246-490f65299461 tenant_id=- user_id=- method=GET path=/ status=200 duration_ms=0.87
INFO 2026-03-09 22:55:48,495 correlation 9 134241793095360 request_complete correlation_id=bb07d0ab-ebbd-4836-a4d3-9d790d827574 tenant_id=- user_id=- method=GET path=/ status=200 duration_ms=0.74
INFO 2026-03-09 22:56:18,538 correlation 8 134241793095360 request_complete correlation_id=7f475ba1-ba16-4951-a9ce-132b50f6b79c tenant_id=- user_id=- method=GET path=/ status=200 duration_ms=0.86
INFO 2026-03-09 22:56:48,574 correlation 9 134241631782592 request_complete correlation_id=fb4e988c-3137-4b35-bbef-e0110d3125f0 tenant_id=- user_id=- method=GET path=/ status=200 duration_ms=0.76
INFO 2026-03-09 22:57:18,612 correlation 9 134241793095360 request_complete correlation_id=420c2833-b49f-4df5-a143-60db9a448733 tenant_id=- user_id=- method=GET path=/ status=200 duration_ms=0.89
INFO 2026-03-09 22:57:48,649 correlation 10 134241551644352 request_complete correlation_id=fe029627-7713-4a5c-b9f3-61ae9a47268d tenant_id=- user_id=- method=GET path=/ status=200 duration_ms=0.78
INFO 2026-03-09 22:58:18,691 correlation 8 134241793095360 request_complete correlation_id=c0aee848-cf0c-4955-a92e-97fa00feb6e0 tenant_id=- user_id=- method=GET path=/ status=200 duration_ms=0.86
INFO 2026-03-09 22:58:48,730 correlation 9 134241631782592 request_complete correlation_id=291dde77-c284-4ab7-bd53-346c699c9175 tenant_id=- user_id=- method=GET path=/ status=200 duration_ms=0.75
INFO 2026-03-09 22:59:18,770 correlation 9 134241631782592 request_complete correlation_id=14b30bd1-a37a-4a92-a399-4c3c94c3b0a7 tenant_id=- user_id=- method=GET path=/ status=200 duration_ms=1.05
INFO 2026-03-09 22:59:48,804 correlation 9 134241631782592 request_complete correlation_id=45c3c4e4-f8da-4ae5-aa6c-5aad7e1f4d81 tenant_id=- user_id=- method=GET path=/ status=200 duration_ms=0.75
INFO 2026-03-09 23:00:18,842 correlation 10 134241551644352 request_complete correlation_id=acfe0c65-408c-44a1-874e-9fd47e2ddc0c tenant_id=- user_id=- method=GET path=/ status=200 duration_ms=0.83
INFO 2026-03-09 23:00:48,880 correlation 10 134241551644352 request_complete correlation_id=087ac7c9-fcb4-489e-897f-4ffce30ee6fd tenant_id=- user_id=- method=GET path=/ status=200 duration_ms=0.74
INFO 2026-03-09 23:01:18,920 correlation 10 134241551644352 request_complete correlation_id=a6a512ed-14b5-470d-b503-104dc18c9e10 tenant_id=- user_id=- method=GET path=/ status=200 duration_ms=0.86
INFO 2026-03-09 23:01:48,959 correlation 9 134241631782592 request_complete correlation_id=c6734234-3368-4d2e-80c3-7daca67f3996 tenant_id=- user_id=- method=GET path=/ status=200 duration_ms=1.4
INFO 2026-03-09 23:02:18,996 correlation 9 134241631782592 request_complete correlation_id=fc58ad5d-6ef8-4614-a377-6a450e5cbcaf tenant_id=- user_id=- method=GET path=/ status=200 duration_ms=0.87
INFO 2026-03-09 23:02:49,041 correlation 10 134241551644352 request_complete correlation_id=f01271e7-dc1b-4af9-ae5c-abfcae3a1876 tenant_id=- user_id=- method=GET path=/ status=200 duration_ms=0.75
INFO 2026-03-09 23:03:19,081 correlation 10 134241551644352 request_complete correlation_id=e282d0f9-92bf-402e-be5a-37964d433f16 tenant_id=- user_id=- method=GET path=/ status=200 duration_ms=0.88
INFO 2026-03-09 23:03:49,122 correlation 10 134241551644352 request_complete correlation_id=f706dc6a-5acd-4526-ba1e-45a22c0d31a3 tenant_id=- user_id=- method=GET path=/ status=200 duration_ms=0.95
INFO 2026-03-09 23:04:19,158 correlation 9 134241631782592 request_complete correlation_id=82889fde-adc3-4bd3-b59c-89064979158e tenant_id=- user_id=- method=GET path=/ status=200 duration_ms=0.85
INFO 2026-03-09 23:04:49,201 correlation 10 134241551644352 request_complete correlation_id=fbbc1acc-17e6-4c7d-9bbf-6a31acc7fb7a tenant_id=- user_id=- method=GET path=/ status=200 duration_ms=0.79
INFO 2026-03-09 23:05:20,108 correlation 10 134241551644352 request_complete correlation_id=32c99726-3f13-4c49-8157-70a4d671d73e tenant_id=- user_id=- method=GET path=/ status=200 duration_ms=0.87
INFO 2026-03-09 23:05:50,145 correlation 9 134241631782592 request_complete correlation_id=15aea448-e226-41ec-8c27-e6472f725f29 tenant_id=- user_id=- method=GET path=/ status=200 duration_ms=0.8
INFO 2026-03-09 23:06:20,183 correlation 10 134241551644352 request_complete correlation_id=e96bacd6-1c04-4a1a-873b-746c60dad11b tenant_id=- user_id=- method=GET path=/ status=200 duration_ms=0.93
INFO 2026-03-09 23:06:50,230 correlation 9 134241793095360 request_complete correlation_id=43de8397-f7e1-4b8c-8573-e93738e150b6 tenant_id=- user_id=- method=GET path=/ status=200 duration_ms=0.74
INFO 2026-03-09 23:07:20,265 correlation 8 134241793095360 request_complete correlation_id=a5c42b18-80bc-4063-9cf8-b7cb1261e592 tenant_id=- user_id=- method=GET path=/ status=200 duration_ms=0.89
INFO 2026-03-09 23:07:50,308 correlation 10 134241551644352 request_complete correlation_id=7d3f5d1b-3480-4fb5-a10e-71c1f69182d2 tenant_id=- user_id=- method=GET path=/ status=200 duration_ms=0.74
INFO 2026-03-09 23:08:20,345 correlation 10 134241551644352 request_complete correlation_id=c563a8bc-fe13-4ba5-a8db-2f399ee97243 tenant_id=- user_id=- method=GET path=/ status=200 duration_ms=0.85
INFO 2026-03-09 23:08:50,386 correlation 9 134241793095360 request_complete correlation_id=6b126948-1d4a-4d2b-826d-4d504e115e5a tenant_id=- user_id=- method=GET path=/ status=200 duration_ms=0.75
INFO 2026-03-09 23:09:20,430 correlation 10 134241551644352 request_complete correlation_id=72ad0225-d51e-4d05-9ccd-eee6809b909a tenant_id=- user_id=- method=GET path=/ status=200 duration_ms=0.88
INFO 2026-03-09 23:09:50,469 correlation 8 134241631782592 request_complete correlation_id=6007d111-04a0-4f7b-8b45-17f64c383126 tenant_id=- user_id=- method=GET path=/ status=200 duration_ms=0.79
INFO 2026-03-09 23:10:20,504 correlation 9 134241793095360 request_complete correlation_id=88a4c134-f8f0-4d50-a67b-0f355554c50f tenant_id=- user_id=- method=GET path=/ status=200 duration_ms=0.87
INFO 2026-03-09 23:10:50,541 correlation 10 134241551644352 request_complete correlation_id=b7807305-e692-46f7-aec6-f6403192013d tenant_id=- user_id=- method=GET path=/ status=200 duration_ms=0.77
INFO 2026-03-09 23:11:20,578 correlation 10 134241551644352 request_complete correlation_id=bf8bb218-48bf-4321-b4ad-b4203371824d tenant_id=- user_id=- method=GET path=/ status=200 duration_ms=0.88
INFO 2026-03-09 23:11:50,614 correlation 10 134241551644352 request_complete correlation_id=32a82962-4107-41c0-bff4-562af36d788b tenant_id=- user_id=- method=GET path=/ status=200 duration_ms=0.77
INFO 2026-03-09 23:12:20,656 correlation 8 134241793095360 request_complete correlation_id=445f9d7f-4666-4dd8-ae87-f54d5c454182 tenant_id=- user_id=- method=GET path=/ status=200 duration_ms=1.1
INFO 2026-03-09 23:12:50,698 correlation 8 134241631782592 request_complete correlation_id=ac484f20-d54a-4f7b-ba78-d3c31d44bf3e tenant_id=- user_id=- method=GET path=/ status=200 duration_ms=0.76
INFO 2026-03-09 23:13:20,734 correlation 9 134241631782592 request_complete correlation_id=14a068e1-6b7a-432f-a576-c72f3031b7c8 tenant_id=- user_id=- method=GET path=/ status=200 duration_ms=0.85
INFO 2026-03-09 23:13:50,772 correlation 8 134241631782592 request_complete correlation_id=28657662-d5ba-4831-8a5a-670a12b2b192 tenant_id=- user_id=- method=GET path=/ status=200 duration_ms=0.81
INFO 2026-03-09 23:14:20,813 correlation 8 134241631782592 request_complete correlation_id=0b417313-2e2e-4058-b6f2-bc00a227aff3 tenant_id=- user_id=- method=GET path=/ status=200 duration_ms=0.85
INFO 2026-03-09 23:14:50,855 correlation 10 134241551644352 request_complete correlation_id=aaa35a79-0172-41b0-a579-6864ebc48369 tenant_id=- user_id=- method=GET path=/ status=200 duration_ms=1.03
INFO 2026-03-09 23:15:20,894 correlation 9 134241793095360 request_complete correlation_id=dac6b891-02f4-49a9-890e-ae3094ee8e11 tenant_id=- user_id=- method=GET path=/ status=200 duration_ms=1.63
INFO 2026-03-09 23:15:50,936 correlation 9 134241793095360 request_complete correlation_id=701ea1c9-a0ab-4ab1-b130-45abbd22578f tenant_id=- user_id=- method=GET path=/ status=200 duration_ms=0.73
INFO 2026-03-09 23:16:20,982 correlation 8 134241793095360 request_complete correlation_id=3e2d1f45-59f9-4bfc-a838-06e65e8f3974 tenant_id=- user_id=- method=GET path=/ status=200 duration_ms=0.84
INFO 2026-03-09 23:16:51,022 correlation 10 134241551644352 request_complete correlation_id=87914c9f-e8db-4c22-b5bf-92a3c97fee42 tenant_id=- user_id=- method=GET path=/ status=200 duration_ms=0.74
INFO 2026-03-09 23:17:21,063 correlation 10 134241551644352 request_complete correlation_id=acbe6e04-b6af-44b6-bdc1-bdcd93158540 tenant_id=- user_id=- method=GET path=/ status=200 duration_ms=0.83
INFO 2026-03-09 23:17:51,105 correlation 10 134241551644352 request_complete correlation_id=8d299a8a-9ee4-4a9a-8490-21fb4af6eaaa tenant_id=- user_id=- method=GET path=/ status=200 duration_ms=0.8
INFO 2026-03-09 23:18:21,141 correlation 10 134241551644352 request_complete correlation_id=6fec027b-b181-40a0-9436-63dc5fedfba6 tenant_id=- user_id=- method=GET path=/ status=200 duration_ms=0.85
INFO 2026-03-09 23:18:51,183 correlation 8 134241793095360 request_complete correlation_id=0e220dd9-13a5-4011-96c1-153befdb3a8f tenant_id=- user_id=- method=GET path=/ status=200 duration_ms=0.76
INFO 2026-03-09 23:19:21,228 correlation 10 134241551644352 request_complete correlation_id=21bf336a-3aa0-46ed-8d1c-81458b0aa698 tenant_id=- user_id=- method=GET path=/ status=200 duration_ms=0.83
INFO 2026-03-09 23:19:51,267 correlation 8 134241793095360 request_complete correlation_id=6446d413-c942-43cf-8bb6-ced3d6172373 tenant_id=- user_id=- method=GET path=/ status=200 duration_ms=0.8
INFO 2026-03-09 23:20:21,310 correlation 8 134241793095360 request_complete correlation_id=9bbae4fb-0a79-46e4-a19b-b031a80daed2 tenant_id=- user_id=- method=GET path=/ status=200 duration_ms=0.86
INFO 2026-03-09 23:20:51,352 correlation 8 134241631782592 request_complete correlation_id=1f4168af-5415-4a8e-b13b-117e9a4d06f6 tenant_id=- user_id=- method=GET path=/ status=200 duration_ms=0.84
INFO 2026-03-09 23:21:21,387 correlation 8 134241793095360 request_complete correlation_id=a39b617f-46bf-4dfb-ac94-19e54f8e0df8 tenant_id=- user_id=- method=GET path=/ status=200 duration_ms=0.86
INFO 2026-03-09 23:21:51,422 correlation 9 134241631782592 request_complete correlation_id=37c7c3d2-3f1f-4c8f-b11a-386aef2a6931 tenant_id=- user_id=- method=GET path=/ status=200 duration_ms=0.95
INFO 2026-03-09 23:22:21,461 correlation 10 134241551644352 request_complete correlation_id=e72d345a-2261-40f2-a722-b48070106d33 tenant_id=- user_id=- method=GET path=/ status=200 duration_ms=0.85
INFO 2026-03-09 23:22:51,502 correlation 9 134241631782592 request_complete correlation_id=04fb83d5-b231-46be-837d-f77feb5f836b tenant_id=- user_id=- method=GET path=/ status=200 duration_ms=0.82
INFO 2026-03-09 23:23:21,541 correlation 8 134241793095360 request_complete correlation_id=ce4bdeb2-0222-4bc4-9d42-2f7d6596edb7 tenant_id=- user_id=- method=GET path=/ status=200 duration_ms=1.06
INFO 2026-03-09 23:23:51,579 correlation 10 134241551644352 request_complete correlation_id=033aa123-1c91-4c1f-9485-155773796a25 tenant_id=- user_id=- method=GET path=/ status=200 duration_ms=1.54
INFO 2026-03-09 23:24:21,616 correlation 9 134241631782592 request_complete correlation_id=5c5f0282-e3f2-4fec-bfb8-729a2093bf05 tenant_id=- user_id=- method=GET path=/ status=200 duration_ms=0.92
INFO 2026-03-09 23:24:51,653 correlation 8 134241631782592 request_complete correlation_id=66deebc1-2f9d-4b62-b1e5-f59a5ce362b9 tenant_id=- user_id=- method=GET path=/ status=200 duration_ms=0.83
INFO 2026-03-09 23:25:21,690 correlation 8 134241631782592 request_complete correlation_id=ca7650e8-8682-4792-b86d-ccc222a3026b tenant_id=- user_id=- method=GET path=/ status=200 duration_ms=0.83
INFO 2026-03-09 23:25:51,726 correlation 9 134241631782592 request_complete correlation_id=b0e28364-0f72-4904-9f61-61db15040404 tenant_id=- user_id=- method=GET path=/ status=200 duration_ms=0.7
INFO 2026-03-09 23:26:21,764 correlation 9 134241631782592 request_complete correlation_id=dbd1d0d8-6469-4149-8806-b6897dcdf045 tenant_id=- user_id=- method=GET path=/ status=200 duration_ms=0.85
INFO 2026-03-09 23:26:51,796 correlation 8 134241793095360 request_complete correlation_id=6795ef8b-5262-40e9-995d-25bec73c8399 tenant_id=- user_id=- method=GET path=/ status=200 duration_ms=0.8
INFO 2026-03-09 23:27:21,833 correlation 10 134241551644352 request_complete correlation_id=8e1add47-322a-4711-ab86-2019f987553d tenant_id=- user_id=- method=GET path=/ status=200 duration_ms=0.88
INFO 2026-03-09 23:27:51,870 correlation 8 134241793095360 request_complete correlation_id=86b1cd50-ede4-4ef6-8918-2e6d355d7646 tenant_id=- user_id=- method=GET path=/ status=200 duration_ms=0.75
INFO 2026-03-09 23:28:21,907 correlation 10 134241551644352 request_complete correlation_id=9fda102d-6478-46e7-acc4-5a75ec76e3ba tenant_id=- user_id=- method=GET path=/ status=200 duration_ms=0.82
INFO 2026-03-09 23:28:51,941 correlation 8 134241793095360 request_complete correlation_id=1df3c4e3-3f3c-4ea3-8306-514fe8ac97c2 tenant_id=- user_id=- method=GET path=/ status=200 duration_ms=0.78
INFO 2026-03-09 23:29:21,984 correlation 9 134241631782592 request_complete correlation_id=bfd6550e-4182-44cb-8c7e-0e4847a02e66 tenant_id=- user_id=- method=GET path=/ status=200 duration_ms=0.87
INFO 2026-03-09 23:29:52,021 correlation 8 134241793095360 request_complete correlation_id=16876a38-a17d-466a-b234-2aa6fd893943 tenant_id=- user_id=- method=GET path=/ status=200 duration_ms=0.75
INFO 2026-03-09 23:30:22,063 correlation 10 134241551644352 request_complete correlation_id=391e77fd-a38a-40fb-9d61-d8fae6d67f2e tenant_id=- user_id=- method=GET path=/ status=200 duration_ms=1.05
INFO 2026-03-09 23:30:52,104 correlation 10 134241551644352 request_complete correlation_id=3b39c434-8190-4ff8-90d2-80b694c904c7 tenant_id=- user_id=- method=GET path=/ status=200 duration_ms=0.78
INFO 2026-03-09 23:31:22,147 correlation 9 134241793095360 request_complete correlation_id=30beecf6-a065-4043-8797-c72c30cdd3b2 tenant_id=- user_id=- method=GET path=/ status=200 duration_ms=0.82
INFO 2026-03-09 23:31:52,184 correlation 8 134241793095360 request_complete correlation_id=c6b2da43-ca44-43e8-b4bd-2ef134455f15 tenant_id=- user_id=- method=GET path=/ status=200 duration_ms=0.78
INFO 2026-03-09 23:32:22,228 correlation 10 134241551644352 request_complete correlation_id=f07a3900-6616-4066-b284-6179ec6c12ad tenant_id=- user_id=- method=GET path=/ status=200 duration_ms=0.84
INFO 2026-03-09 23:32:52,267 correlation 10 134241551644352 request_complete correlation_id=f75c7828-8946-49e7-a528-be33736947ff tenant_id=- user_id=- method=GET path=/ status=200 duration_ms=0.95
INFO 2026-03-09 23:33:22,306 correlation 10 134241551644352 request_complete correlation_id=58b9c055-50e5-4f42-ab9e-8cc549978ea0 tenant_id=- user_id=- method=GET path=/ status=200 duration_ms=0.84
INFO 2026-03-09 23:33:52,348 correlation 10 134241551644352 request_complete correlation_id=50e3025c-241b-4feb-bc4b-6842507f01f5 tenant_id=- user_id=- method=GET path=/ status=200 duration_ms=0.91
INFO 2026-03-09 23:34:22,389 correlation 8 134241793095360 request_complete correlation_id=32e8fa57-b7fe-469c-beee-6ed3ac5026de tenant_id=- user_id=- method=GET path=/ status=200 duration_ms=0.88
INFO 2026-03-09 23:34:52,431 correlation 9 134241631782592 request_complete correlation_id=fc938aee-0602-49a0-8d68-f0d3f82ce4f1 tenant_id=- user_id=- method=GET path=/ status=200 duration_ms=0.77
INFO 2026-03-09 23:35:22,470 correlation 10 134241551644352 request_complete correlation_id=ec9086b9-3308-44f7-92be-0537bd1ec48c tenant_id=- user_id=- method=GET path=/ status=200 duration_ms=0.87
INFO 2026-03-09 23:35:52,510 correlation 9 134241631782592 request_complete correlation_id=5a333b99-1394-4f19-997c-356e798c65c0 tenant_id=- user_id=- method=GET path=/ status=200 duration_ms=0.79
INFO 2026-03-09 23:36:22,550 correlation 10 134241551644352 request_complete correlation_id=ff15c434-99bd-4804-8ecc-b6f36520fc26 tenant_id=- user_id=- method=GET path=/ status=200 duration_ms=0.87
INFO 2026-03-09 23:36:52,594 correlation 10 134241551644352 request_complete correlation_id=fb111f85-6ffa-49ee-b703-d9eb17c443f5 tenant_id=- user_id=- method=GET path=/ status=200 duration_ms=1.34
INFO 2026-03-09 23:37:22,637 correlation 8 134241793095360 request_complete correlation_id=e0bf4e5f-7a09-446f-9f72-787c9688bed1 tenant_id=- user_id=- method=GET path=/ status=200 duration_ms=0.86
INFO 2026-03-09 23:37:52,682 correlation 8 134241631782592 request_complete correlation_id=9315e485-cdab-4d61-a52f-5026d5c97a19 tenant_id=- user_id=- method=GET path=/ status=200 duration_ms=1.03
INFO 2026-03-09 23:38:22,721 correlation 9 134241793095360 request_complete correlation_id=38b4e03b-4c9c-4c15-852c-387b6fb16175 tenant_id=- user_id=- method=GET path=/ status=200 duration_ms=1.62
INFO 2026-03-09 23:38:52,760 correlation 9 134241793095360 request_complete correlation_id=984b4b4d-ce56-446d-b344-a7f2a0403b0d tenant_id=- user_id=- method=GET path=/ status=200 duration_ms=0.96
INFO 2026-03-09 23:39:22,794 correlation 10 134241551644352 request_complete correlation_id=ace0ba56-8a3a-4788-a60e-20395d7de1e1 tenant_id=- user_id=- method=GET path=/ status=200 duration_ms=0.83
INFO 2026-03-09 23:39:52,835 correlation 10 134241551644352 request_complete correlation_id=b682ea62-3881-4bf0-bd8d-56893d2b8feb tenant_id=- user_id=- method=GET path=/ status=200 duration_ms=1.02
INFO 2026-03-09 23:40:22,874 correlation 9 134241793095360 request_complete correlation_id=b320c26a-5da8-46dc-a366-adf831708c2a tenant_id=- user_id=- method=GET path=/ status=200 duration_ms=1.69
INFO 2026-03-09 23:40:52,912 correlation 9 134241631782592 request_complete correlation_id=3e395498-c952-4610-a087-bc6a628f485e tenant_id=- user_id=- method=GET path=/ status=200 duration_ms=0.76
INFO 2026-03-09 23:41:22,955 correlation 9 134241631782592 request_complete correlation_id=5088947c-1d0f-4521-86e0-655d97073014 tenant_id=- user_id=- method=GET path=/ status=200 duration_ms=0.86
INFO 2026-03-09 23:41:52,998 correlation 9 134241793095360 request_complete correlation_id=05e4bdee-5308-41bf-9b84-0c4609549029 tenant_id=- user_id=- method=GET path=/ status=200 duration_ms=0.74
INFO 2026-03-09 23:42:23,036 correlation 10 134241551644352 request_complete correlation_id=09f565c0-a7c2-4e21-88ed-52c46b364a12 tenant_id=- user_id=- method=GET path=/ status=200 duration_ms=0.89
INFO 2026-03-09 23:42:53,073 correlation 9 134241631782592 request_complete correlation_id=c1bb2f8a-b002-4f73-b342-fed01c222689 tenant_id=- user_id=- method=GET path=/ status=200 duration_ms=0.73
INFO 2026-03-09 23:43:23,112 correlation 9 134241631782592 request_complete correlation_id=564e517d-9819-4f4e-b1a2-a81242003cfb tenant_id=- user_id=- method=GET path=/ status=200 duration_ms=0.85
INFO 2026-03-09 23:43:53,158 correlation 9 134241631782592 request_complete correlation_id=dd474a9c-2766-44a5-bc5b-560b86808193 tenant_id=- user_id=- method=GET path=/ status=200 duration_ms=0.81
INFO 2026-03-09 23:44:23,196 correlation 9 134241631782592 request_complete correlation_id=347e9f66-1825-4c15-a154-4dfa0eeb8c4f tenant_id=- user_id=- method=GET path=/ status=200 duration_ms=0.86
INFO 2026-03-09 23:44:53,236 correlation 10 134241551644352 request_complete correlation_id=5e97878a-e270-4d2a-9aa5-aa01b462c568 tenant_id=- user_id=- method=GET path=/ status=200 duration_ms=0.75
INFO 2026-03-09 23:45:23,275 correlation 9 134241631782592 request_complete correlation_id=4967e11b-74dd-4031-bc50-bfa85c376ab8 tenant_id=- user_id=- method=GET path=/ status=200 duration_ms=0.85
INFO 2026-03-09 23:45:53,312 correlation 8 134241793095360 request_complete correlation_id=3f85fa77-0b45-45c2-8ec2-e79eb6e1c740 tenant_id=- user_id=- method=GET path=/ status=200 duration_ms=0.75
INFO 2026-03-09 23:46:23,353 correlation 10 134241551644352 request_complete correlation_id=c29bdc99-e88c-437e-93f3-81649dbae515 tenant_id=- user_id=- method=GET path=/ status=200 duration_ms=0.84
INFO 2026-03-09 23:46:53,396 correlation 10 134241551644352 request_complete correlation_id=9c1a1a2b-e5b1-444b-b198-384a7e57cc36 tenant_id=- user_id=- method=GET path=/ status=200 duration_ms=0.8
INFO 2026-03-09 23:47:23,436 correlation 9 134241793095360 request_complete correlation_id=e1662202-0921-475c-9bc0-2426074fabea tenant_id=- user_id=- method=GET path=/ status=200 duration_ms=1.77
INFO 2026-03-09 23:47:53,477 correlation 9 134241631782592 request_complete correlation_id=67eb11d9-4942-4512-b434-81d721262e90 tenant_id=- user_id=- method=GET path=/ status=200 duration_ms=0.74
INFO 2026-03-09 23:48:23,516 correlation 8 134241631782592 request_complete correlation_id=1716f032-f05b-4c40-8612-45bcbfcf68ca tenant_id=- user_id=- method=GET path=/ status=200 duration_ms=0.93
INFO 2026-03-09 23:48:53,554 correlation 8 134241631782592 request_complete correlation_id=6533d2fc-19fe-417b-a0f5-76ac581eecbb tenant_id=- user_id=- method=GET path=/ status=200 duration_ms=0.81
INFO 2026-03-09 23:49:23,595 correlation 9 134241793095360 request_complete correlation_id=a9f8aa04-d4f5-4689-a7dc-473289b8937b tenant_id=- user_id=- method=GET path=/ status=200 duration_ms=0.95
INFO 2026-03-09 23:49:53,643 correlation 8 134241631782592 request_complete correlation_id=5353f113-3007-4abc-aac4-bc464e7785f7 tenant_id=- user_id=- method=GET path=/ status=200 duration_ms=0.8
INFO 2026-03-09 23:50:23,684 correlation 10 134241551644352 request_complete correlation_id=36d7f16b-9e3a-474c-ae16-92151faeadf8 tenant_id=- user_id=- method=GET path=/ status=200 duration_ms=0.89
INFO 2026-03-09 23:50:53,719 correlation 10 134241551644352 request_complete correlation_id=a15de8ba-13ff-4dfd-a229-c1e7fc457389 tenant_id=- user_id=- method=GET path=/ status=200 duration_ms=0.77
INFO 2026-03-09 23:51:23,758 correlation 10 134241551644352 request_complete correlation_id=47bc14bf-98e4-4e97-8106-32e039f170ba tenant_id=- user_id=- method=GET path=/ status=200 duration_ms=0.82
INFO 2026-03-09 23:51:53,795 correlation 10 134241551644352 request_complete correlation_id=0613f682-61e5-459c-b370-e1068796bd6f tenant_id=- user_id=- method=GET path=/ status=200 duration_ms=0.76
INFO 2026-03-09 23:52:23,838 correlation 8 134241631782592 request_complete correlation_id=1215a583-31cb-4cc1-8c0c-5ac055c02846 tenant_id=- user_id=- method=GET path=/ status=200 duration_ms=0.86
INFO 2026-03-09 23:52:53,876 correlation 9 134241631782592 request_complete correlation_id=151372a3-a0ed-45cf-993d-629ab917080f tenant_id=- user_id=- method=GET path=/ status=200 duration_ms=0.77
INFO 2026-03-09 23:53:23,922 correlation 10 134241551644352 request_complete correlation_id=c6e4d215-a4dd-4741-b02b-ef328e6997b5 tenant_id=- user_id=- method=GET path=/ status=200 duration_ms=0.88
INFO 2026-03-09 23:53:53,964 correlation 8 134241793095360 request_complete correlation_id=9f6f5e5b-4b7e-4956-b161-8dea08f67b44 tenant_id=- user_id=- method=GET path=/ status=200 duration_ms=0.78
INFO 2026-03-09 23:54:24,003 correlation 8 134241793095360 request_complete correlation_id=5f6afd78-ad4f-43ab-b3bd-227b20008479 tenant_id=- user_id=- method=GET path=/ status=200 duration_ms=0.88
INFO 2026-03-09 23:54:54,043 correlation 8 134241793095360 request_complete correlation_id=dce93eba-782e-4eb2-93bf-18af2f4081bf tenant_id=- user_id=- method=GET path=/ status=200 duration_ms=0.76
INFO 2026-03-09 23:55:24,080 correlation 9 134241631782592 request_complete correlation_id=2d67c20c-522c-4666-b7ef-a03d08e18fa2 tenant_id=- user_id=- method=GET path=/ status=200 duration_ms=0.86
INFO 2026-03-09 23:55:54,119 correlation 8 134241793095360 request_complete correlation_id=199e0b27-7f73-4898-874f-04d6f1464f76 tenant_id=- user_id=- method=GET path=/ status=200 duration_ms=0.75
INFO 2026-03-09 23:56:24,156 correlation 10 134241551644352 request_complete correlation_id=64202a97-4cda-46ac-a0b0-821c075dc4f5 tenant_id=- user_id=- method=GET path=/ status=200 duration_ms=1.05
INFO 2026-03-09 23:56:54,197 correlation 9 134241631782592 request_complete correlation_id=3ef02152-84d8-4d26-8403-eb3d785503ff tenant_id=- user_id=- method=GET path=/ status=200 duration_ms=0.78
INFO 2026-03-09 23:57:24,234 correlation 9 134241793095360 request_complete correlation_id=187a515a-708b-48f6-90f4-b3f2c7937ffc tenant_id=- user_id=- method=GET path=/ status=200 duration_ms=0.82
INFO 2026-03-09 23:57:54,273 correlation 8 134241793095360 request_complete correlation_id=e90586aa-1aff-4049-bf88-fbbdbefefa48 tenant_id=- user_id=- method=GET path=/ status=200 duration_ms=1.75
INFO 2026-03-09 23:58:24,310 correlation 10 134241551644352 request_complete correlation_id=15df1278-eb54-4605-803d-5c2a92254c21 tenant_id=- user_id=- method=GET path=/ status=200 duration_ms=0.84
INFO 2026-03-09 23:58:54,351 correlation 9 134241793095360 request_complete correlation_id=89da60bb-bea7-469e-af37-a326f909c246 tenant_id=- user_id=- method=GET path=/ status=200 duration_ms=0.8
INFO 2026-03-09 23:59:24,393 correlation 8 134241793095360 request_complete correlation_id=0317a7ea-0ea8-4d9f-8d58-7c57198f120c tenant_id=- user_id=- method=GET path=/ status=200 duration_ms=0.83
INFO 2026-03-09 23:59:54,434 correlation 10 134241551644352 request_complete correlation_id=5d8c14ce-62d9-41a7-a2b6-c673ed7d59a8 tenant_id=- user_id=- method=GET path=/ status=200 duration_ms=0.81
INFO 2026-03-10 00:00:24,473 correlation 8 134241793095360 request_complete correlation_id=75158d5c-1ef7-4a21-b7f9-af926b674aec tenant_id=- user_id=- method=GET path=/ status=200 duration_ms=0.89
INFO 2026-03-10 00:00:54,513 correlation 10 134241551644352 request_complete correlation_id=2bc8d64f-c6fe-454b-97fd-5341c1644530 tenant_id=- user_id=- method=GET path=/ status=200 duration_ms=0.76
INFO 2026-03-10 00:01:24,555 correlation 8 134241631782592 request_complete correlation_id=18f51904-9369-4d3f-9ed2-0c2139adc20d tenant_id=- user_id=- method=GET path=/ status=200 duration_ms=0.9
INFO 2026-03-10 00:01:54,608 correlation 10 134241551644352 request_complete correlation_id=924171dd-6d65-47e9-822e-9134b24d02e6 tenant_id=- user_id=- method=GET path=/ status=200 duration_ms=0.74
INFO 2026-03-10 00:02:24,645 correlation 8 134241631782592 request_complete correlation_id=d8342222-a6cf-4bb8-bd69-c3cb69078283 tenant_id=- user_id=- method=GET path=/ status=200 duration_ms=0.88
INFO 2026-03-10 00:02:54,686 correlation 10 134241551644352 request_complete correlation_id=7eee0c15-9f7c-457c-b5da-1db0e4bc18cc tenant_id=- user_id=- method=GET path=/ status=200 duration_ms=0.76
INFO 2026-03-10 00:03:24,723 correlation 9 134241793095360 request_complete correlation_id=ae714e6f-afd6-47e0-9190-6849d12a3400 tenant_id=- user_id=- method=GET path=/ status=200 duration_ms=0.87
INFO 2026-03-10 00:03:54,758 correlation 9 134241793095360 request_complete correlation_id=1d1c1a00-e82c-4c21-a7cc-bb12fd72957b tenant_id=- user_id=- method=GET path=/ status=200 duration_ms=0.81
INFO 2026-03-10 00:04:24,802 correlation 10 134241551644352 request_complete correlation_id=2f2201fe-6250-4a1a-a9a8-aa48485674ef tenant_id=- user_id=- method=GET path=/ status=200 duration_ms=0.88
INFO 2026-03-10 00:04:54,840 correlation 10 134241551644352 request_complete correlation_id=cc9059bd-bdd1-4d75-b2fa-68a39d2ff514 tenant_id=- user_id=- method=GET path=/ status=200 duration_ms=0.78
INFO 2026-03-10 00:05:24,886 correlation 8 134241793095360 request_complete correlation_id=7b9c34b0-c5f8-4276-8006-54a59ab3567c tenant_id=- user_id=- method=GET path=/ status=200 duration_ms=0.84
INFO 2026-03-10 00:05:54,927 correlation 10 134241551644352 request_complete correlation_id=1053e7ee-4b89-456d-8fee-ffe56e06f6f2 tenant_id=- user_id=- method=GET path=/ status=200 duration_ms=1.56
INFO 2026-03-10 00:06:24,969 correlation 10 134241551644352 request_complete correlation_id=c3b0d9cb-1e45-4608-8489-f38f0ca8f5c2 tenant_id=- user_id=- method=GET path=/ status=200 duration_ms=0.9
INFO 2026-03-10 00:06:55,009 correlation 9 134241631782592 request_complete correlation_id=91dbbc86-a95d-4be1-a1fe-14e99a566f26 tenant_id=- user_id=- method=GET path=/ status=200 duration_ms=1.11
INFO 2026-03-10 00:07:25,048 correlation 8 134241793095360 request_complete correlation_id=b73c07d9-552b-40a9-8825-b789f6b3c90c tenant_id=- user_id=- method=GET path=/ status=200 duration_ms=0.89
INFO 2026-03-10 00:07:55,089 correlation 8 134241631782592 request_complete correlation_id=c29e98d9-f513-4f1e-b8a5-8e2cf211d0f1 tenant_id=- user_id=- method=GET path=/ status=200 duration_ms=0.8
INFO 2026-03-10 00:08:25,133 correlation 8 134241631782592 request_complete correlation_id=cec35db0-7c2c-4f0c-b21e-abacba40d58b tenant_id=- user_id=- method=GET path=/ status=200 duration_ms=0.86
INFO 2026-03-10 00:08:55,174 correlation 8 134241631782592 request_complete correlation_id=d3480839-798c-4fd7-9011-b879e04e42f1 tenant_id=- user_id=- method=GET path=/ status=200 duration_ms=1.18
INFO 2026-03-10 00:09:25,212 correlation 8 134241631782592 request_complete correlation_id=cd6eb276-b0c5-42f6-9ff0-078d19edfe44 tenant_id=- user_id=- method=GET path=/ status=200 duration_ms=1.12
INFO 2026-03-10 00:09:55,250 correlation 9 134241793095360 request_complete correlation_id=30bc9a36-223c-43b6-ac93-2d11f97258c8 tenant_id=- user_id=- method=GET path=/ status=200 duration_ms=0.74
INFO 2026-03-10 00:10:25,291 correlation 9 134241793095360 request_complete correlation_id=8071efb2-1d25-46ff-ba17-04f5194d3280 tenant_id=- user_id=- method=GET path=/ status=200 duration_ms=0.9
INFO 2026-03-10 00:10:55,332 correlation 10 134241551644352 request_complete correlation_id=ba22f39a-c2ea-4920-9d0a-89ea786cd4c7 tenant_id=- user_id=- method=GET path=/ status=200 duration_ms=1.01
INFO 2026-03-10 00:11:25,382 correlation 8 134241631782592 request_complete correlation_id=9f5e1184-3887-4034-9dc4-738851933d8f tenant_id=- user_id=- method=GET path=/ status=200 duration_ms=0.89
INFO 2026-03-10 00:11:55,425 correlation 8 134241631782592 request_complete correlation_id=2c65ac8f-ce1d-4e08-b427-855659bfc02f tenant_id=- user_id=- method=GET path=/ status=200 duration_ms=0.76
INFO 2026-03-10 00:12:25,459 correlation 10 134241551644352 request_complete correlation_id=cd66d1d7-7e19-4602-bb84-1539ac50102e tenant_id=- user_id=- method=GET path=/ status=200 duration_ms=0.85
INFO 2026-03-10 00:12:55,502 correlation 9 134241793095360 request_complete correlation_id=0e6b49ab-8f68-4ada-8245-cb1b12d0eeb1 tenant_id=- user_id=- method=GET path=/ status=200 duration_ms=0.78
INFO 2026-03-10 00:13:25,539 correlation 9 134241631782592 request_complete correlation_id=9a8b86b4-54e4-43f5-9527-dbd7508ae4f0 tenant_id=- user_id=- method=GET path=/ status=200 duration_ms=0.91
INFO 2026-03-10 00:13:55,579 correlation 9 134241793095360 request_complete correlation_id=688a9f60-e0b7-4845-9198-3aa8f4816d34 tenant_id=- user_id=- method=GET path=/ status=200 duration_ms=0.74
INFO 2026-03-10 00:14:25,619 correlation 9 134241793095360 request_complete correlation_id=df1d5ab3-ac90-4c2e-a526-5fd1d549ef1e tenant_id=- user_id=- method=GET path=/ status=200 duration_ms=0.83
INFO 2026-03-10 00:14:55,656 correlation 8 134241631782592 request_complete correlation_id=f633c2ed-8cce-4984-83b7-5eb7701c5d95 tenant_id=- user_id=- method=GET path=/ status=200 duration_ms=0.76
INFO 2026-03-10 00:15:25,694 correlation 9 134241631782592 request_complete correlation_id=220ac21d-243d-4211-8aa9-8410bf6d250b tenant_id=- user_id=- method=GET path=/ status=200 duration_ms=0.89
INFO 2026-03-10 00:15:55,735 correlation 10 134241551644352 request_complete correlation_id=91b4a6bb-04cb-4910-b012-66ca5510cdf7 tenant_id=- user_id=- method=GET path=/ status=200 duration_ms=0.75
INFO 2026-03-10 00:16:25,776 correlation 8 134241793095360 request_complete correlation_id=cc684e8b-66cf-42e0-a5b8-7a6c78745c69 tenant_id=- user_id=- method=GET path=/ status=200 duration_ms=0.84
INFO 2026-03-10 00:16:55,818 correlation 8 134241631782592 request_complete correlation_id=e07a46de-3865-417b-a114-fe441f9ef5c0 tenant_id=- user_id=- method=GET path=/ status=200 duration_ms=0.82
INFO 2026-03-10 00:17:25,858 correlation 10 134241551644352 request_complete correlation_id=68af3cdd-4070-41cb-acbd-ea50caa392cd tenant_id=- user_id=- method=GET path=/ status=200 duration_ms=0.86
INFO 2026-03-10 00:17:55,902 correlation 8 134241631782592 request_complete correlation_id=1ab5026f-3562-43ce-a34a-81149dd2e359 tenant_id=- user_id=- method=GET path=/ status=200 duration_ms=0.74
INFO 2026-03-10 00:18:25,940 correlation 8 134241631782592 request_complete correlation_id=0feb1eff-846d-4900-8a08-b15bae2e93cb tenant_id=- user_id=- method=GET path=/ status=200 duration_ms=0.86
INFO 2026-03-10 00:18:55,982 correlation 9 134241631782592 request_complete correlation_id=fc819812-1bbe-4ba1-a23f-e8a32b2766fa tenant_id=- user_id=- method=GET path=/ status=200 duration_ms=1.04
INFO 2026-03-10 00:19:26,021 correlation 10 134241551644352 request_complete correlation_id=4f1a4262-0734-47e0-89e0-9b5dfbe99475 tenant_id=- user_id=- method=GET path=/ status=200 duration_ms=0.81
INFO 2026-03-10 00:19:56,061 correlation 10 134241551644352 request_complete correlation_id=142c93b1-6658-447b-91dc-77c1469738fa tenant_id=- user_id=- method=GET path=/ status=200 duration_ms=0.77
INFO 2026-03-10 00:20:26,099 correlation 10 134241551644352 request_complete correlation_id=83499614-9daf-43a6-b2e2-b265b007f555 tenant_id=- user_id=- method=GET path=/ status=200 duration_ms=0.89
INFO 2026-03-10 00:20:56,137 correlation 10 134241551644352 request_complete correlation_id=5f6ba709-09ea-4f80-9005-d68689dd5c84 tenant_id=- user_id=- method=GET path=/ status=200 duration_ms=0.76
INFO 2026-03-10 00:21:26,183 correlation 9 134241631782592 request_complete correlation_id=fb116d27-76c4-4cd9-b8f9-683ecac47829 tenant_id=- user_id=- method=GET path=/ status=200 duration_ms=0.87
INFO 2026-03-10 00:21:56,231 correlation 8 134241793095360 request_complete correlation_id=f3d527d1-c2c3-4c8c-995f-6d94697ce47f tenant_id=- user_id=- method=GET path=/ status=200 duration_ms=0.8
INFO 2026-03-10 00:22:26,275 correlation 10 134241551644352 request_complete correlation_id=e7c0e3cf-60a0-43c8-b246-5359e17fe962 tenant_id=- user_id=- method=GET path=/ status=200 duration_ms=0.89
INFO 2026-03-10 00:22:56,314 correlation 10 134241551644352 request_complete correlation_id=c06041c5-67eb-485c-bf83-6c6f1fce5ced tenant_id=- user_id=- method=GET path=/ status=200 duration_ms=0.81
INFO 2026-03-10 00:23:26,352 correlation 8 134241793095360 request_complete correlation_id=e55c31d0-1f63-4d1b-b4b8-b00bde94b556 tenant_id=- user_id=- method=GET path=/ status=200 duration_ms=0.84
INFO 2026-03-10 00:23:56,400 correlation 9 134241631782592 request_complete correlation_id=f8db735f-9cde-407b-a783-4f6696beb373 tenant_id=- user_id=- method=GET path=/ status=200 duration_ms=1.09
INFO 2026-03-10 00:24:26,441 correlation 10 134241551644352 request_complete correlation_id=9e9d550d-0c68-4b72-8614-6d5c08270ddc tenant_id=- user_id=- method=GET path=/ status=200 duration_ms=1.07
INFO 2026-03-10 00:24:56,479 correlation 10 134241551644352 request_complete correlation_id=62506e77-218e-44ea-a808-413e88617883 tenant_id=- user_id=- method=GET path=/ status=200 duration_ms=0.73
INFO 2026-03-10 00:25:26,524 correlation 8 134241793095360 request_complete correlation_id=4572f886-f035-4237-8b02-c5d407a2ecac tenant_id=- user_id=- method=GET path=/ status=200 duration_ms=1.1
INFO 2026-03-10 00:25:56,570 correlation 9 134241631782592 request_complete correlation_id=ad9b6ac8-8bdf-4e23-97c3-4c9dc4bb0ac3 tenant_id=- user_id=- method=GET path=/ status=200 duration_ms=0.78
INFO 2026-03-10 00:26:26,609 correlation 10 134241551644352 request_complete correlation_id=b1531edb-3728-4e1d-9e65-08e2355bec92 tenant_id=- user_id=- method=GET path=/ status=200 duration_ms=0.84
INFO 2026-03-10 00:26:56,649 correlation 10 134241551644352 request_complete correlation_id=81c44d9e-accd-4688-95ae-4e11d6353631 tenant_id=- user_id=- method=GET path=/ status=200 duration_ms=0.73
INFO 2026-03-10 00:27:26,688 correlation 9 134241793095360 request_complete correlation_id=8d3009fa-b8b0-467e-b716-c2d0df952fd0 tenant_id=- user_id=- method=GET path=/ status=200 duration_ms=0.85
INFO 2026-03-10 00:27:56,724 correlation 8 134241631782592 request_complete correlation_id=58a4e58d-d5b0-45ab-986b-46d1afdb0be1 tenant_id=- user_id=- method=GET path=/ status=200 duration_ms=0.76
INFO 2026-03-10 00:28:26,763 correlation 9 134241631782592 request_complete correlation_id=c6593a1f-0305-4448-b7da-f46a9a6b10e5 tenant_id=- user_id=- method=GET path=/ status=200 duration_ms=0.84
INFO 2026-03-10 00:28:56,804 correlation 9 134241631782592 request_complete correlation_id=2c0c121e-5b1b-48c9-b664-44e9a7de1705 tenant_id=- user_id=- method=GET path=/ status=200 duration_ms=0.75
INFO 2026-03-10 00:29:26,847 correlation 10 134241551644352 request_complete correlation_id=79802c6c-5994-4183-bb9e-7aa43890b840 tenant_id=- user_id=- method=GET path=/ status=200 duration_ms=0.83
INFO 2026-03-10 00:29:56,894 correlation 9 134241631782592 request_complete correlation_id=64cf939a-50dc-4be6-870f-752dce5e0f84 tenant_id=- user_id=- method=GET path=/ status=200 duration_ms=0.79
INFO 2026-03-10 00:30:26,933 correlation 9 134241631782592 request_complete correlation_id=95ae20bc-8419-43a6-8e6f-e60dd3486763 tenant_id=- user_id=- method=GET path=/ status=200 duration_ms=0.86
INFO 2026-03-10 00:30:56,975 correlation 8 134241631782592 request_complete correlation_id=e464056d-f00b-4ba7-a60c-63bb1ab2a939 tenant_id=- user_id=- method=GET path=/ status=200 duration_ms=0.75
INFO 2026-03-10 00:31:27,019 correlation 10 134241551644352 request_complete correlation_id=6e0b262b-535b-46db-92bb-0021cf15b803 tenant_id=- user_id=- method=GET path=/ status=200 duration_ms=0.82
INFO 2026-03-10 00:31:57,066 correlation 10 134241551644352 request_complete correlation_id=4944b021-4f55-4acb-8a52-4a48588d1fe9 tenant_id=- user_id=- method=GET path=/ status=200 duration_ms=0.75
INFO 2026-03-10 00:32:27,111 correlation 10 134241551644352 request_complete correlation_id=2ef50c96-36f1-4377-bdca-b5e0cb87cffe tenant_id=- user_id=- method=GET path=/ status=200 duration_ms=0.85
INFO 2026-03-10 00:32:57,161 correlation 9 134241793095360 request_complete correlation_id=99e30e34-eac2-4c77-a742-eb789ee5b63e tenant_id=- user_id=- method=GET path=/ status=200 duration_ms=0.76
INFO 2026-03-10 00:33:27,201 correlation 10 134241551644352 request_complete correlation_id=2193796c-03db-47e9-b272-bbe24cd4eb4a tenant_id=- user_id=- method=GET path=/ status=200 duration_ms=0.84
INFO 2026-03-10 00:33:57,237 correlation 8 134241631782592 request_complete correlation_id=17169754-1dce-4ae2-80ed-b7f9dba40311 tenant_id=- user_id=- method=GET path=/ status=200 duration_ms=0.73
INFO 2026-03-10 00:34:27,277 correlation 8 134241793095360 request_complete correlation_id=1bd489f9-59e7-411b-8233-31952ceaa981 tenant_id=- user_id=- method=GET path=/ status=200 duration_ms=0.83
INFO 2026-03-10 00:34:57,318 correlation 10 134241551644352 request_complete correlation_id=16af9e96-9469-465e-9e38-2c3402bc5cd7 tenant_id=- user_id=- method=GET path=/ status=200 duration_ms=0.76
INFO 2026-03-10 00:35:27,356 correlation 8 134241793095360 request_complete correlation_id=bace92c1-5c52-4228-aa25-1aa0ffc210cc tenant_id=- user_id=- method=GET path=/ status=200 duration_ms=0.83
INFO 2026-03-10 00:35:57,400 correlation 10 134241551644352 request_complete correlation_id=b223ede9-2be6-412a-ad44-4af3059cb84d tenant_id=- user_id=- method=GET path=/ status=200 duration_ms=1.01
INFO 2026-03-10 00:36:27,446 correlation 8 134241793095360 request_complete correlation_id=0da49153-523f-4c92-9cbe-14972c21ff87 tenant_id=- user_id=- method=GET path=/ status=200 duration_ms=0.87
INFO 2026-03-10 00:36:57,481 correlation 9 134241631782592 request_complete correlation_id=b266b16c-3372-4b63-b008-07238b041416 tenant_id=- user_id=- method=GET path=/ status=200 duration_ms=0.76
INFO 2026-03-10 00:37:27,526 correlation 10 134241551644352 request_complete correlation_id=7e6ff98a-dd3c-4ef3-ae06-440dcff94a15 tenant_id=- user_id=- method=GET path=/ status=200 duration_ms=1.19
INFO 2026-03-10 00:37:57,564 correlation 10 134241551644352 request_complete correlation_id=45df91ad-69e3-4f56-9989-0cc8d662257e tenant_id=- user_id=- method=GET path=/ status=200 duration_ms=0.78
INFO 2026-03-10 00:38:27,605 correlation 9 134241793095360 request_complete correlation_id=c42f3456-3875-4ac9-a488-b804ef935305 tenant_id=- user_id=- method=GET path=/ status=200 duration_ms=0.9
INFO 2026-03-10 00:38:57,649 correlation 10 134241551644352 request_complete correlation_id=31a98d04-0592-4beb-9ce4-a69926472b27 tenant_id=- user_id=- method=GET path=/ status=200 duration_ms=0.79
INFO 2026-03-10 00:39:27,689 correlation 10 134241551644352 request_complete correlation_id=13cc372e-b79c-4d74-94cf-54de915ddca5 tenant_id=- user_id=- method=GET path=/ status=200 duration_ms=0.85
INFO 2026-03-11 05:21:00,356 correlation 9 130290187810496 request_complete correlation_id=b1819f60-6cac-4c83-960b-8caecacea004 tenant_id=- user_id=- method=GET path=/ status=200 duration_ms=182.08
INFO 2026-03-11 05:21:28,788 correlation 10 130290187810496 request_complete correlation_id=d896300a-a2ab-4e33-a84e-ea5a9589cff0 tenant_id=- user_id=- method=GET path=/ status=200 duration_ms=175.2
INFO 2026-03-11 05:21:58,831 correlation 9 130290187810496 request_complete correlation_id=c3c46132-5b90-4a39-aacc-fcc2ba4ddc67 tenant_id=- user_id=- method=GET path=/ status=200 duration_ms=0.99
INFO 2026-03-11 05:22:29,045 correlation 8 130290187810496 request_complete correlation_id=8c66456b-4347-4390-ac26-c58d50b94093 tenant_id=- user_id=- method=GET path=/ status=200 duration_ms=172.94
INFO 2026-03-11 05:22:59,085 correlation 8 130290187810496 request_complete correlation_id=ae5460a5-3fb2-44ac-a099-a93eee06887c tenant_id=- user_id=- method=GET path=/ status=200 duration_ms=0.98
INFO 2026-03-11 05:23:29,127 correlation 10 130290187810496 request_complete correlation_id=a658ec52-ab50-40ff-890b-e94b221e9c9a tenant_id=- user_id=- method=GET path=/ status=200 duration_ms=0.88
INFO 2026-03-11 05:23:59,166 correlation 8 130290187810496 request_complete correlation_id=aa8294db-484d-4083-911b-a4d5a0137c4d tenant_id=- user_id=- method=GET path=/ status=200 duration_ms=1.07
INFO 2026-03-11 05:24:29,208 correlation 10 130290187810496 request_complete correlation_id=d5a63335-2554-4a7e-a443-d535faba775a tenant_id=- user_id=- method=GET path=/ status=200 duration_ms=0.78
INFO 2026-03-11 05:24:59,252 correlation 10 130290187810496 request_complete correlation_id=3ff65811-f63c-488d-8328-a3b49d00b953 tenant_id=- user_id=- method=GET path=/ status=200 duration_ms=1.0
INFO 2026-03-11 05:25:29,290 correlation 9 130290187810496 request_complete correlation_id=5fcbabfb-2fad-41fd-b4ae-5e64147daf02 tenant_id=- user_id=- method=GET path=/ status=200 duration_ms=0.93
INFO 2026-03-11 05:25:59,330 correlation 10 130290187810496 request_complete correlation_id=05eb83f9-dcd6-4381-8114-bbbdd571855f tenant_id=- user_id=- method=GET path=/ status=200 duration_ms=0.93
INFO 2026-03-11 05:26:29,368 correlation 10 130290187810496 request_complete correlation_id=c06066d4-9f4f-4d40-8c37-ec73d2564f48 tenant_id=- user_id=- method=GET path=/ status=200 duration_ms=0.86
INFO 2026-03-11 05:26:59,409 correlation 9 130290187810496 request_complete correlation_id=b4e0a074-8d9a-438f-ad7b-2327ce4573f4 tenant_id=- user_id=- method=GET path=/ status=200 duration_ms=1.03
INFO 2026-03-11 05:27:29,451 correlation 10 130290187810496 request_complete correlation_id=5b9e4752-7c2e-4cc7-ae43-325fb1cf467e tenant_id=- user_id=- method=GET path=/ status=200 duration_ms=0.85
INFO 2026-03-11 05:27:59,494 correlation 9 130290187810496 request_complete correlation_id=0747cb01-4aa5-41ed-a554-0b81d62fbc2d tenant_id=- user_id=- method=GET path=/ status=200 duration_ms=0.93
INFO 2026-03-11 05:28:29,533 correlation 8 130290187810496 request_complete correlation_id=a13b784d-f352-4db7-94cc-efe74daf96a5 tenant_id=- user_id=- method=GET path=/ status=200 duration_ms=0.81
INFO 2026-03-11 05:28:59,573 correlation 9 130290187810496 request_complete correlation_id=29314fae-6681-4bfa-86c3-928160f42a74 tenant_id=- user_id=- method=GET path=/ status=200 duration_ms=0.86
INFO 2026-03-11 05:29:29,616 correlation 10 130290187810496 request_complete correlation_id=98ecbe0a-64da-41e1-8fbc-7a579933a1ea tenant_id=- user_id=- method=GET path=/ status=200 duration_ms=0.81
INFO 2026-03-11 05:29:59,660 correlation 9 130290187810496 request_complete correlation_id=785d6b8d-7e47-469b-8f77-fe91e3348866 tenant_id=- user_id=- method=GET path=/ status=200 duration_ms=0.94
INFO 2026-03-11 05:30:29,702 correlation 8 130290187810496 request_complete correlation_id=6bcf6da1-2a86-43d2-a00b-c857336df341 tenant_id=- user_id=- method=GET path=/ status=200 duration_ms=0.8
INFO 2026-03-11 05:30:59,740 correlation 9 130290187810496 request_complete correlation_id=794366cc-b660-4d75-a098-d2d27d179e79 tenant_id=- user_id=- method=GET path=/ status=200 duration_ms=0.92
INFO 2026-03-11 05:31:29,785 correlation 10 130290187810496 request_complete correlation_id=ca22bc3b-5038-4a37-b701-169c043fb949 tenant_id=- user_id=- method=GET path=/ status=200 duration_ms=0.83
INFO 2026-03-11 05:31:59,822 correlation 8 130290187810496 request_complete correlation_id=a2992d88-4add-4dc9-acbb-9679a3ccccab tenant_id=- user_id=- method=GET path=/ status=200 duration_ms=0.94
INFO 2026-03-11 05:32:29,879 correlation 9 130290187810496 request_complete correlation_id=7feda7e2-f971-4329-9fcc-a71014b1f07b tenant_id=- user_id=- method=GET path=/ status=200 duration_ms=0.87
INFO 2026-03-11 05:32:59,917 correlation 8 130290187810496 request_complete correlation_id=0c9b609c-049f-4297-bbd7-4d12b18c29e9 tenant_id=- user_id=- method=GET path=/ status=200 duration_ms=0.96
INFO 2026-03-11 05:33:29,958 correlation 8 130290187810496 request_complete correlation_id=2e939fa3-392b-404e-882c-062bd8ccd2ee tenant_id=- user_id=- method=GET path=/ status=200 duration_ms=0.88
INFO 2026-03-11 05:33:59,996 correlation 9 130290187810496 request_complete correlation_id=3d071f2a-81b9-4c26-a686-df014064a48f tenant_id=- user_id=- method=GET path=/ status=200 duration_ms=0.95
INFO 2026-03-11 05:34:30,034 correlation 8 130290187810496 request_complete correlation_id=35326c7c-f47d-497c-8cb6-1e377115ab4c tenant_id=- user_id=- method=GET path=/ status=200 duration_ms=0.81
INFO 2026-03-11 05:35:00,078 correlation 8 130290187810496 request_complete correlation_id=fe4100b2-9bd7-4cb9-b080-d9eed8f312e4 tenant_id=- user_id=- method=GET path=/ status=200 duration_ms=0.95
INFO 2026-03-11 05:35:30,119 correlation 10 130290187810496 request_complete correlation_id=9a9c4cd9-a658-44cd-9c4d-b31c5c9f8f34 tenant_id=- user_id=- method=GET path=/ status=200 duration_ms=0.78
INFO 2026-03-11 05:36:00,162 correlation 8 130290187810496 request_complete correlation_id=83bb40e5-c1aa-40d7-8af0-44c019589ae5 tenant_id=- user_id=- method=GET path=/ status=200 duration_ms=0.95
INFO 2026-03-11 05:36:30,197 correlation 10 130290187810496 request_complete correlation_id=bfb3a8d1-d24b-4ad7-8107-eb703b3181d0 tenant_id=- user_id=- method=GET path=/ status=200 duration_ms=0.83
INFO 2026-03-11 05:37:00,237 correlation 9 130290187810496 request_complete correlation_id=d539b444-6bfa-4aa7-af15-d76ade696e05 tenant_id=- user_id=- method=GET path=/ status=200 duration_ms=0.91
INFO 2026-03-11 05:37:30,275 correlation 10 130290187810496 request_complete correlation_id=d6ad005a-c11b-43e9-9f6e-05bb1793f4f3 tenant_id=- user_id=- method=GET path=/ status=200 duration_ms=0.83
INFO 2026-03-11 05:38:00,320 correlation 10 130290187810496 request_complete correlation_id=bac47b8d-4e7e-47af-ad51-3b5c942d5db8 tenant_id=- user_id=- method=GET path=/ status=200 duration_ms=1.13
INFO 2026-03-11 05:38:30,361 correlation 8 130290187810496 request_complete correlation_id=2439293f-44ec-4897-98b4-0ab8b2f591fa tenant_id=- user_id=- method=GET path=/ status=200 duration_ms=1.0
INFO 2026-03-11 05:39:00,403 correlation 8 130290187810496 request_complete correlation_id=525c80a5-dc36-4845-838d-49ad0ac73f45 tenant_id=- user_id=- method=GET path=/ status=200 duration_ms=0.92
INFO 2026-03-11 05:39:30,439 correlation 10 130290187810496 request_complete correlation_id=44908850-937e-4039-a555-f4538eaae2cc tenant_id=- user_id=- method=GET path=/ status=200 duration_ms=0.8
INFO 2026-03-11 05:40:00,483 correlation 10 130290187810496 request_complete correlation_id=aa822bd5-8e04-4280-b65a-b095cdbcc82c tenant_id=- user_id=- method=GET path=/ status=200 duration_ms=0.91
INFO 2026-03-11 05:40:30,526 correlation 10 130290187810496 request_complete correlation_id=5273e8f7-7cbe-4145-9f7b-1b24eee04ecc tenant_id=- user_id=- method=GET path=/ status=200 duration_ms=0.85
INFO 2026-03-11 05:41:00,567 correlation 10 130290187810496 request_complete correlation_id=97ec6dbc-6b05-4099-aa5b-3797032351a5 tenant_id=- user_id=- method=GET path=/ status=200 duration_ms=0.89
INFO 2026-03-11 05:41:30,604 correlation 9 130290187810496 request_complete correlation_id=851aa9a7-c781-4e78-8007-ec3600cfb85c tenant_id=- user_id=- method=GET path=/ status=200 duration_ms=0.89
INFO 2026-03-11 05:42:00,641 correlation 9 130290187810496 request_complete correlation_id=da9625a8-de68-427e-9d8e-d0037d7fe5db tenant_id=- user_id=- method=GET path=/ status=200 duration_ms=0.98
INFO 2026-03-11 05:42:30,676 correlation 10 130290187810496 request_complete correlation_id=2495f740-a2a2-474a-8a11-5d570c036b15 tenant_id=- user_id=- method=GET path=/ status=200 duration_ms=0.73
INFO 2026-03-11 05:43:00,713 correlation 10 130290187810496 request_complete correlation_id=2f10a450-1ec9-4c56-bac0-ae693027adf7 tenant_id=- user_id=- method=GET path=/ status=200 duration_ms=0.87
INFO 2026-03-11 05:43:30,757 correlation 10 130290187810496 request_complete correlation_id=bbe9f86b-989f-488c-9c5d-c0aa63ab67a7 tenant_id=- user_id=- method=GET path=/ status=200 duration_ms=1.01
INFO 2026-03-11 05:44:00,798 correlation 9 130290187810496 request_complete correlation_id=a3104365-1046-4f3a-a686-ddf1c774ba1b tenant_id=- user_id=- method=GET path=/ status=200 duration_ms=1.14
INFO 2026-03-11 05:44:30,860 correlation 9 130290187810496 request_complete correlation_id=30c21ce1-785e-4770-a08f-426c799c5b8a tenant_id=- user_id=- method=GET path=/ status=200 duration_ms=1.3
INFO 2026-03-11 05:45:00,900 correlation 10 130290187810496 request_complete correlation_id=30ef5685-2fc1-4bcd-9ef1-5fe1366e2ab2 tenant_id=- user_id=- method=GET path=/ status=200 duration_ms=0.85
INFO 2026-03-11 05:45:30,936 correlation 8 130290187810496 request_complete correlation_id=2ac3807d-b5a9-4915-a1fd-bec38ffbad23 tenant_id=- user_id=- method=GET path=/ status=200 duration_ms=1.05
INFO 2026-03-11 05:46:00,976 correlation 9 130290187810496 request_complete correlation_id=7f920423-2622-4adc-91b5-20431d5c47e1 tenant_id=- user_id=- method=GET path=/ status=200 duration_ms=0.88
INFO 2026-03-11 05:46:31,017 correlation 9 130290187810496 request_complete correlation_id=4d1ebbf0-3689-45cf-873a-94dfea6994d0 tenant_id=- user_id=- method=GET path=/ status=200 duration_ms=1.1
INFO 2026-03-11 05:47:01,052 correlation 10 130290187810496 request_complete correlation_id=da5eb252-9ece-4478-ae6c-6aef74dbe98c tenant_id=- user_id=- method=GET path=/ status=200 duration_ms=0.85
INFO 2026-03-11 05:47:31,089 correlation 10 130290187810496 request_complete correlation_id=74fa5b8f-61f5-4eed-aaab-f76cdf7680e4 tenant_id=- user_id=- method=GET path=/ status=200 duration_ms=1.03
INFO 2026-03-11 05:48:01,128 correlation 8 130290187810496 request_complete correlation_id=7727a295-f6d2-4b5c-b6ff-62610cd6203f tenant_id=- user_id=- method=GET path=/ status=200 duration_ms=0.97
INFO 2026-03-11 05:48:31,164 correlation 10 130290187810496 request_complete correlation_id=bb2ab6cb-3a63-49f9-8e6f-97b512120a38 tenant_id=- user_id=- method=GET path=/ status=200 duration_ms=0.86
INFO 2026-03-11 05:49:01,199 correlation 8 130290187810496 request_complete correlation_id=11cb1c46-4d69-4ac1-a212-86192fee4f7d tenant_id=- user_id=- method=GET path=/ status=200 duration_ms=0.99
INFO 2026-03-11 05:49:31,238 correlation 9 130290187810496 request_complete correlation_id=5b3e6b53-f0a0-4ec8-97b0-de68b12ef670 tenant_id=- user_id=- method=GET path=/ status=200 duration_ms=0.82
INFO 2026-03-11 05:50:01,300 correlation 10 130290187810496 request_complete correlation_id=26ec61e8-92ad-49c6-98ef-3a5ddcfd3835 tenant_id=- user_id=- method=GET path=/ status=200 duration_ms=1.89
INFO 2026-03-11 05:50:31,358 correlation 9 130290187810496 request_complete correlation_id=dcdf98fc-5101-4da4-a1c5-265de4727d80 tenant_id=- user_id=- method=GET path=/ status=200 duration_ms=1.57
INFO 2026-03-11 05:51:01,410 correlation 8 130290187810496 request_complete correlation_id=98a5320d-0204-4db7-8ed4-c3d8bc0a6f9f tenant_id=- user_id=- method=GET path=/ status=200 duration_ms=1.61
INFO 2026-03-11 05:51:31,447 correlation 10 130290187810496 request_complete correlation_id=1a1e7159-9722-4811-89e6-707d9801c43c tenant_id=- user_id=- method=GET path=/ status=200 duration_ms=0.76
INFO 2026-03-11 05:52:01,488 correlation 9 130290187810496 request_complete correlation_id=5c8ec937-1a7e-4bc9-b84d-bf100314b828 tenant_id=- user_id=- method=GET path=/ status=200 duration_ms=0.87
INFO 2026-03-11 05:52:31,524 correlation 9 130290187810496 request_complete correlation_id=bbf38ea9-cd6e-4fda-91b2-7aeb26f4d5f0 tenant_id=- user_id=- method=GET path=/ status=200 duration_ms=0.83
INFO 2026-03-11 05:53:01,565 correlation 10 130290187810496 request_complete correlation_id=8edb0f35-4ae4-460c-b8a5-e1b7b08a7b2f tenant_id=- user_id=- method=GET path=/ status=200 duration_ms=0.89
INFO 2026-03-11 05:53:31,604 correlation 9 130290187810496 request_complete correlation_id=6a625418-a8c8-4260-b22b-55b5b2998bb4 tenant_id=- user_id=- method=GET path=/ status=200 duration_ms=0.95
INFO 2026-03-11 05:54:01,642 correlation 10 130290187810496 request_complete correlation_id=70f7c271-bd7e-47d8-8836-4829c03e0d16 tenant_id=- user_id=- method=GET path=/ status=200 duration_ms=0.9
INFO 2026-03-11 05:54:31,696 correlation 8 130290187810496 request_complete correlation_id=b0d634da-9cff-4dfe-850e-667066218cac tenant_id=- user_id=- method=GET path=/ status=200 duration_ms=1.12
INFO 2026-03-11 05:55:01,734 correlation 9 130290187810496 request_complete correlation_id=564c6289-0c1a-4c50-b02c-82e6349163e2 tenant_id=- user_id=- method=GET path=/ status=200 duration_ms=0.88
INFO 2026-03-11 05:55:31,772 correlation 10 130290187810496 request_complete correlation_id=1a093d1b-053b-4ffd-a410-d20f6a9f6758 tenant_id=- user_id=- method=GET path=/ status=200 duration_ms=0.74
INFO 2026-03-11 05:56:01,818 correlation 9 130290187810496 request_complete correlation_id=a86764cf-8c17-4723-be95-e2f04dd8164b tenant_id=- user_id=- method=GET path=/ status=200 duration_ms=0.81
INFO 2026-03-11 05:56:31,855 correlation 10 130290187810496 request_complete correlation_id=a8318b5e-4080-402e-a252-65400d9218fb tenant_id=- user_id=- method=GET path=/ status=200 duration_ms=0.81
INFO 2026-03-11 05:57:01,899 correlation 10 130290187810496 request_complete correlation_id=9b18ee89-e33b-489e-9158-0213632196e5 tenant_id=- user_id=- method=GET path=/ status=200 duration_ms=1.19
INFO 2026-03-11 05:57:31,946 correlation 10 130290187810496 request_complete correlation_id=fa721eef-9283-4eb5-866a-c7879b30ecf1 tenant_id=- user_id=- method=GET path=/ status=200 duration_ms=1.05
INFO 2026-03-11 05:58:01,988 correlation 9 130290187810496 request_complete correlation_id=819f959b-650f-4fc2-91ec-c25298b301a8 tenant_id=- user_id=- method=GET path=/ status=200 duration_ms=0.84
INFO 2026-03-11 05:58:32,026 correlation 9 130290187810496 request_complete correlation_id=1a59bdb8-fcd0-407c-ae1b-e4bf16d7d638 tenant_id=- user_id=- method=GET path=/ status=200 duration_ms=0.79
INFO 2026-03-11 05:59:02,061 correlation 8 130290187810496 request_complete correlation_id=a7c18320-0376-4b28-99d3-b9a352f5894b tenant_id=- user_id=- method=GET path=/ status=200 duration_ms=0.83
INFO 2026-03-11 05:59:32,099 correlation 8 130290187810496 request_complete correlation_id=43a7b949-6495-4ec9-bd28-d3597c064472 tenant_id=- user_id=- method=GET path=/ status=200 duration_ms=1.09
INFO 2026-03-11 06:00:02,140 correlation 8 130290187810496 request_complete correlation_id=b29a5886-754f-43b2-aad4-1df1b94c10d0 tenant_id=- user_id=- method=GET path=/ status=200 duration_ms=1.42
INFO 2026-03-11 06:00:32,181 correlation 8 130290187810496 request_complete correlation_id=768d68fe-c8b1-4be1-8f51-34acc97878bc tenant_id=- user_id=- method=GET path=/ status=200 duration_ms=0.91
INFO 2026-03-11 06:01:02,224 correlation 9 130290187810496 request_complete correlation_id=cce5b0e3-e3aa-4e87-800a-a42b64a0f6f1 tenant_id=- user_id=- method=GET path=/ status=200 duration_ms=1.02
INFO 2026-03-11 06:01:32,260 correlation 9 130290187810496 request_complete correlation_id=d62a97d7-2f70-47e8-bc5a-c61d766c8cad tenant_id=- user_id=- method=GET path=/ status=200 duration_ms=1.26
INFO 2026-03-11 06:02:02,297 correlation 10 130290187810496 request_complete correlation_id=be0a6dda-1fbd-4639-a3e5-9b64fc02ac4a tenant_id=- user_id=- method=GET path=/ status=200 duration_ms=1.08
INFO 2026-03-11 06:02:32,340 correlation 10 130290187810496 request_complete correlation_id=30ffe150-b37a-40c0-9ba4-7866dea7b7d6 tenant_id=- user_id=- method=GET path=/ status=200 duration_ms=0.84
INFO 2026-03-11 06:03:02,377 correlation 9 130290187810496 request_complete correlation_id=ad6ca8d5-f20f-444e-9852-7b05efdd776d tenant_id=- user_id=- method=GET path=/ status=200 duration_ms=0.85
INFO 2026-03-11 06:03:32,419 correlation 9 130290187810496 request_complete correlation_id=366a0c5a-90c8-43b3-b4d9-f01894a6a74d tenant_id=- user_id=- method=GET path=/ status=200 duration_ms=0.78
INFO 2026-03-11 06:04:02,458 correlation 9 130290187810496 request_complete correlation_id=40ed5ab7-806f-4b56-8f9c-105ee16ea64f tenant_id=- user_id=- method=GET path=/ status=200 duration_ms=0.86
INFO 2026-03-11 06:04:32,495 correlation 9 130290187810496 request_complete correlation_id=0158fc3c-e21d-486c-a181-0258f43faf97 tenant_id=- user_id=- method=GET path=/ status=200 duration_ms=0.9
INFO 2026-03-11 06:05:02,534 correlation 9 130290187810496 request_complete correlation_id=b7e970b5-c232-420b-a2be-cc3e017e8a24 tenant_id=- user_id=- method=GET path=/ status=200 duration_ms=0.86
INFO 2026-03-11 06:05:32,568 correlation 10 130290187810496 request_complete correlation_id=44ced6d8-ef4a-4213-ba74-c2f7f76cd8b9 tenant_id=- user_id=- method=GET path=/ status=200 duration_ms=0.72
INFO 2026-03-11 06:06:02,610 correlation 10 130290187810496 request_complete correlation_id=fb8c632d-d37d-4aeb-ab47-1f592bcd5e78 tenant_id=- user_id=- method=GET path=/ status=200 duration_ms=0.84
INFO 2026-03-11 06:06:32,664 correlation 9 130290187810496 request_complete correlation_id=3b25b60c-8aed-4017-b563-74d23d9870ca tenant_id=- user_id=- method=GET path=/ status=200 duration_ms=1.0
INFO 2026-03-11 06:07:02,706 correlation 8 130290187810496 request_complete correlation_id=ae8d1578-1da7-4f54-b0b0-ffbf4130dc0c tenant_id=- user_id=- method=GET path=/ status=200 duration_ms=1.29
INFO 2026-03-11 06:07:32,750 correlation 10 130290187810496 request_complete correlation_id=dd5a5fc5-0a17-48b5-922b-0687892ba09f tenant_id=- user_id=- method=GET path=/ status=200 duration_ms=0.88
INFO 2026-03-11 06:08:02,796 correlation 8 130290187810496 request_complete correlation_id=dbe1f67d-486e-4d40-87c6-9ab47858e840 tenant_id=- user_id=- method=GET path=/ status=200 duration_ms=1.41
INFO 2026-03-11 06:08:32,837 correlation 8 130290187810496 request_complete correlation_id=7270f1d3-dc06-4ef9-8d62-ee6b93161974 tenant_id=- user_id=- method=GET path=/ status=200 duration_ms=0.74
INFO 2026-03-11 06:09:02,880 correlation 9 130290187810496 request_complete correlation_id=ee4b56a9-2609-42e7-b81a-66b7c6cffcee tenant_id=- user_id=- method=GET path=/ status=200 duration_ms=0.82
INFO 2026-03-11 06:09:32,921 correlation 9 130290187810496 request_complete correlation_id=14ff9b1b-2e3d-4fc6-a37b-dbd0cf2838f9 tenant_id=- user_id=- method=GET path=/ status=200 duration_ms=0.81
INFO 2026-03-11 06:10:02,956 correlation 10 130290187810496 request_complete correlation_id=b2712163-05d0-4112-a477-2612150eb444 tenant_id=- user_id=- method=GET path=/ status=200 duration_ms=0.84
INFO 2026-03-11 06:10:32,992 correlation 10 130290187810496 request_complete correlation_id=23644fe9-f015-4d23-bd96-978bedb41805 tenant_id=- user_id=- method=GET path=/ status=200 duration_ms=0.86
INFO 2026-03-11 06:11:03,030 correlation 10 130290187810496 request_complete correlation_id=d4f8e662-ccd6-4776-aa97-334a75afd1a8 tenant_id=- user_id=- method=GET path=/ status=200 duration_ms=0.87
INFO 2026-03-11 06:11:33,068 correlation 9 130290187810496 request_complete correlation_id=022f48a2-e02e-461e-9e08-5c97cbbc548d tenant_id=- user_id=- method=GET path=/ status=200 duration_ms=0.78
INFO 2026-03-11 06:12:03,112 correlation 9 130290187810496 request_complete correlation_id=72eed4d2-9fdf-470d-b705-98f285415966 tenant_id=- user_id=- method=GET path=/ status=200 duration_ms=1.3
INFO 2026-03-11 06:12:33,151 correlation 9 130290187810496 request_complete correlation_id=fa39735a-4b6a-4350-8008-c9f277932960 tenant_id=- user_id=- method=GET path=/ status=200 duration_ms=1.22
INFO 2026-03-11 06:13:03,192 correlation 8 130290187810496 request_complete correlation_id=1362f7e1-eaaf-4fbf-abba-8947d1a36956 tenant_id=- user_id=- method=GET path=/ status=200 duration_ms=0.89
INFO 2026-03-11 06:13:33,233 correlation 9 130290187810496 request_complete correlation_id=2e682d6d-3972-4333-9875-b1615388d943 tenant_id=- user_id=- method=GET path=/ status=200 duration_ms=0.85
INFO 2026-03-11 06:14:03,270 correlation 8 130290187810496 request_complete correlation_id=7189b0e2-69bd-49ed-96ae-5176a302ddbb tenant_id=- user_id=- method=GET path=/ status=200 duration_ms=0.92
INFO 2026-03-11 06:14:33,324 correlation 8 130290187810496 request_complete correlation_id=6eb68342-d1d4-4fd7-87d1-90e9746fec51 tenant_id=- user_id=- method=GET path=/ status=200 duration_ms=1.53
INFO 2026-03-11 06:15:03,368 correlation 10 130290187810496 request_complete correlation_id=ddeebd55-5ef8-4129-8684-077f5298944c tenant_id=- user_id=- method=GET path=/ status=200 duration_ms=1.54
INFO 2026-03-11 06:15:33,415 correlation 10 130290187810496 request_complete correlation_id=e89faf92-4e8a-4222-8d51-eafbaa17bc2b tenant_id=- user_id=- method=GET path=/ status=200 duration_ms=0.96
INFO 2026-03-11 06:16:03,463 correlation 8 130290187810496 request_complete correlation_id=516fe876-14df-4070-a492-6ff775fb77fd tenant_id=- user_id=- method=GET path=/ status=200 duration_ms=1.14
INFO 2026-03-11 06:16:33,504 correlation 8 130290187810496 request_complete correlation_id=62d5dede-ce47-4b36-a32c-2468718c4a36 tenant_id=- user_id=- method=GET path=/ status=200 duration_ms=0.83
INFO 2026-03-11 06:17:03,545 correlation 9 130290187810496 request_complete correlation_id=a7d71368-4575-4560-8aa6-ea65eb7b75be tenant_id=- user_id=- method=GET path=/ status=200 duration_ms=1.07
INFO 2026-03-11 06:17:33,588 correlation 8 130290187810496 request_complete correlation_id=192a2f91-a62e-41c2-9b52-73763def6357 tenant_id=- user_id=- method=GET path=/ status=200 duration_ms=0.95
INFO 2026-03-11 06:18:03,635 correlation 9 130290187810496 request_complete correlation_id=98d05277-94c8-4c5e-85ac-c9212c39011d tenant_id=- user_id=- method=GET path=/ status=200 duration_ms=1.55
INFO 2026-03-11 06:18:33,675 correlation 8 130290187810496 request_complete correlation_id=1d398e77-2b17-4ccf-8143-83181ff9792d tenant_id=- user_id=- method=GET path=/ status=200 duration_ms=0.9
INFO 2026-03-11 06:19:03,721 correlation 9 130290187810496 request_complete correlation_id=60912bfd-9f20-4868-b251-fa0bdecd6e0a tenant_id=- user_id=- method=GET path=/ status=200 duration_ms=1.08
INFO 2026-03-11 06:19:33,763 correlation 10 130290187810496 request_complete correlation_id=570c854b-159b-41e8-b85b-646ae96af0e0 tenant_id=- user_id=- method=GET path=/ status=200 duration_ms=0.94
INFO 2026-03-11 06:20:03,813 correlation 9 130290187810496 request_complete correlation_id=bcd9911b-8176-48e1-af42-39b8c5ef3b13 tenant_id=- user_id=- method=GET path=/ status=200 duration_ms=0.97
INFO 2026-03-11 06:20:33,854 correlation 9 130290187810496 request_complete correlation_id=5cc74bb9-1206-43e3-a0ce-1a2e60d479b5 tenant_id=- user_id=- method=GET path=/ status=200 duration_ms=0.95
INFO 2026-03-11 06:21:03,897 correlation 10 130290187810496 request_complete correlation_id=a1dd4565-3585-4f96-93db-c8211ecf52e4 tenant_id=- user_id=- method=GET path=/ status=200 duration_ms=0.89
INFO 2026-03-11 06:21:33,936 correlation 10 130290187810496 request_complete correlation_id=fa8f9e2f-17a6-4116-ad9c-b5116e876107 tenant_id=- user_id=- method=GET path=/ status=200 duration_ms=0.79
INFO 2026-03-11 06:22:03,972 correlation 8 130290187810496 request_complete correlation_id=584dc4bc-8214-4200-a750-2d77143c359f tenant_id=- user_id=- method=GET path=/ status=200 duration_ms=0.9
INFO 2026-03-11 06:22:34,014 correlation 10 130290187810496 request_complete correlation_id=c45edc76-5d71-4d04-82f0-52a2140bc456 tenant_id=- user_id=- method=GET path=/ status=200 duration_ms=0.82
INFO 2026-03-11 06:23:04,054 correlation 9 130290187810496 request_complete correlation_id=11f135fd-f0ba-47c4-87ab-ee8379e9db4f tenant_id=- user_id=- method=GET path=/ status=200 duration_ms=0.87
INFO 2026-03-11 06:23:34,092 correlation 9 130290187810496 request_complete correlation_id=c74b38a3-8597-40da-bb2a-76572b2764e0 tenant_id=- user_id=- method=GET path=/ status=200 duration_ms=0.79
INFO 2026-03-11 06:24:04,129 correlation 10 130290187810496 request_complete correlation_id=ebe9b137-52a7-4bce-ad2c-86897acb6bb9 tenant_id=- user_id=- method=GET path=/ status=200 duration_ms=0.96
INFO 2026-03-11 06:24:34,164 correlation 10 130290187810496 request_complete correlation_id=0d5bd88e-830d-450f-91c9-6863da1459d8 tenant_id=- user_id=- method=GET path=/ status=200 duration_ms=0.79
INFO 2026-03-11 06:25:04,202 correlation 8 130290187810496 request_complete correlation_id=97f8449c-b10f-472a-ac0f-b7e7dba1847c tenant_id=- user_id=- method=GET path=/ status=200 duration_ms=0.85
INFO 2026-03-11 06:25:34,248 correlation 10 130290187810496 request_complete correlation_id=f81cea81-2c66-4862-9a1a-4a0492544b81 tenant_id=- user_id=- method=GET path=/ status=200 duration_ms=0.72
INFO 2026-03-11 06:26:04,286 correlation 8 130290187810496 request_complete correlation_id=c2216ea8-8492-4dc2-b835-c20be0c57dac tenant_id=- user_id=- method=GET path=/ status=200 duration_ms=0.88
INFO 2026-03-11 06:26:34,322 correlation 8 130290187810496 request_complete correlation_id=88af35a3-c3d6-4091-b725-5af3371932a5 tenant_id=- user_id=- method=GET path=/ status=200 duration_ms=0.78
INFO 2026-03-11 06:27:04,367 correlation 9 130290187810496 request_complete correlation_id=e4eb3735-1694-483b-895a-d9bee9b88a3c tenant_id=- user_id=- method=GET path=/ status=200 duration_ms=0.9
INFO 2026-03-11 06:27:34,402 correlation 8 130290187810496 request_complete correlation_id=b7debdc1-715a-4938-b172-0e6c563472b7 tenant_id=- user_id=- method=GET path=/ status=200 duration_ms=0.76
INFO 2026-03-11 06:28:04,442 correlation 8 130290187810496 request_complete correlation_id=7a497c54-e691-4dda-b699-080419089d35 tenant_id=- user_id=- method=GET path=/ status=200 duration_ms=0.89
INFO 2026-03-11 06:28:34,480 correlation 9 130290187810496 request_complete correlation_id=f4f259a3-4493-40a8-9347-d27ee9840e78 tenant_id=- user_id=- method=GET path=/ status=200 duration_ms=0.8
INFO 2026-03-11 06:29:04,525 correlation 10 130290187810496 request_complete correlation_id=7850dda2-b4ed-4e55-8f0a-12a1ec4a803b tenant_id=- user_id=- method=GET path=/ status=200 duration_ms=0.92
INFO 2026-03-11 06:29:34,574 correlation 10 130290187810496 request_complete correlation_id=89cbfe74-1b6a-4c20-a1f9-9489600550c8 tenant_id=- user_id=- method=GET path=/ status=200 duration_ms=1.01
INFO 2026-03-11 06:30:04,617 correlation 9 130290187810496 request_complete correlation_id=9ce0e401-3ad8-4870-a72f-d4090e88fd11 tenant_id=- user_id=- method=GET path=/ status=200 duration_ms=1.03
INFO 2026-03-11 06:30:34,658 correlation 8 130290187810496 request_complete correlation_id=ab5f753e-c305-4d0c-9841-c4b6b7c7ba0a tenant_id=- user_id=- method=GET path=/ status=200 duration_ms=0.75
INFO 2026-03-11 06:31:04,708 correlation 8 130290187810496 request_complete correlation_id=048eee35-c47e-468e-a12c-540a6f4d0628 tenant_id=- user_id=- method=GET path=/ status=200 duration_ms=1.07
INFO 2026-03-11 06:31:34,757 correlation 10 130290187810496 request_complete correlation_id=437c2e0c-12d1-4adb-b062-fee395fd1163 tenant_id=- user_id=- method=GET path=/ status=200 duration_ms=1.17
INFO 2026-03-11 06:32:04,803 correlation 9 130290187810496 request_complete correlation_id=6545b7f7-49b3-42ed-b2d6-212e84380df7 tenant_id=- user_id=- method=GET path=/ status=200 duration_ms=1.06
INFO 2026-03-11 06:32:34,853 correlation 9 130290187810496 request_complete correlation_id=d3d73cf7-4460-4fa8-825e-8a6a693b517b tenant_id=- user_id=- method=GET path=/ status=200 duration_ms=1.1
INFO 2026-03-11 06:33:04,899 correlation 9 130290187810496 request_complete correlation_id=78e553e9-b305-45d7-b3bf-05260b17e203 tenant_id=- user_id=- method=GET path=/ status=200 duration_ms=1.18
INFO 2026-03-11 06:33:34,940 correlation 10 130290187810496 request_complete correlation_id=652c0e09-6eec-4613-bbb5-6cb660f250fe tenant_id=- user_id=- method=GET path=/ status=200 duration_ms=1.28
INFO 2026-03-11 06:34:04,987 correlation 8 130290187810496 request_complete correlation_id=8e76f422-c3e4-43af-8f78-ab4b5681df7d tenant_id=- user_id=- method=GET path=/ status=200 duration_ms=1.09
INFO 2026-03-11 06:34:35,037 correlation 10 130290187810496 request_complete correlation_id=0474e674-5a56-4e6c-9b4c-2cc646ccb0ba tenant_id=- user_id=- method=GET path=/ status=200 duration_ms=0.92
INFO 2026-03-11 06:35:05,086 correlation 8 130290187810496 request_complete correlation_id=7b782ff5-fcfe-4d02-af4d-45312b1818db tenant_id=- user_id=- method=GET path=/ status=200 duration_ms=1.58
INFO 2026-03-11 06:35:35,139 correlation 10 130290187810496 request_complete correlation_id=70f094ec-679b-4333-95d1-6870ba1c4ae7 tenant_id=- user_id=- method=GET path=/ status=200 duration_ms=0.94
INFO 2026-03-11 06:36:05,187 correlation 9 130290187810496 request_complete correlation_id=72957bd5-e226-49a1-ab0e-44466daa5ad1 tenant_id=- user_id=- method=GET path=/ status=200 duration_ms=1.0
INFO 2026-03-11 06:36:35,232 correlation 10 130290187810496 request_complete correlation_id=d9d3a472-27e6-4e83-ba44-5ce70b4a85dd tenant_id=- user_id=- method=GET path=/ status=200 duration_ms=1.2
INFO 2026-03-11 06:37:05,290 correlation 8 130290187810496 request_complete correlation_id=11b89071-a4c3-45da-b0f4-dc8042e85f92 tenant_id=- user_id=- method=GET path=/ status=200 duration_ms=2.15
INFO 2026-03-11 06:37:35,360 correlation 10 130290187810496 request_complete correlation_id=db6f9abd-a907-4088-bfa8-c56a30312500 tenant_id=- user_id=- method=GET path=/ status=200 duration_ms=1.4
INFO 2026-03-11 06:38:05,410 correlation 8 130290187810496 request_complete correlation_id=a019f007-174d-40ac-93ee-dc8e464d61af tenant_id=- user_id=- method=GET path=/ status=200 duration_ms=1.16
INFO 2026-03-11 06:38:35,466 correlation 10 130290187810496 request_complete correlation_id=9b320b77-06c0-4846-bac3-a75f1564b119 tenant_id=- user_id=- method=GET path=/ status=200 duration_ms=1.02
INFO 2026-03-11 06:39:05,525 correlation 9 130290187810496 request_complete correlation_id=588f6c2b-147b-4226-9159-a91c5998a972 tenant_id=- user_id=- method=GET path=/ status=200 duration_ms=1.36
INFO 2026-03-11 06:39:35,571 correlation 10 130290187810496 request_complete correlation_id=87f8da3f-776a-4e5a-a820-3b549e64894c tenant_id=- user_id=- method=GET path=/ status=200 duration_ms=0.93
INFO 2026-03-11 06:40:05,621 correlation 8 130290187810496 request_complete correlation_id=eb818193-bb69-4523-aa49-58b79be34e8a tenant_id=- user_id=- method=GET path=/ status=200 duration_ms=1.11
INFO 2026-03-11 06:40:35,671 correlation 8 130290187810496 request_complete correlation_id=0d416cad-9784-49ca-8179-56b0e6a03d2f tenant_id=- user_id=- method=GET path=/ status=200 duration_ms=0.97
INFO 2026-03-11 06:41:05,716 correlation 8 130290187810496 request_complete correlation_id=5bec2aeb-c332-4f64-93d0-39cce6f762e6 tenant_id=- user_id=- method=GET path=/ status=200 duration_ms=1.07
INFO 2026-03-11 06:41:35,767 correlation 8 130290187810496 request_complete correlation_id=9ab5ffdf-2b91-4cde-bd31-7a5971119256 tenant_id=- user_id=- method=GET path=/ status=200 duration_ms=1.19
INFO 2026-03-11 06:42:05,813 correlation 9 130290187810496 request_complete correlation_id=a6247c94-39ae-4620-a2d2-bab1cf4989f4 tenant_id=- user_id=- method=GET path=/ status=200 duration_ms=1.13
INFO 2026-03-11 06:42:35,867 correlation 10 130290187810496 request_complete correlation_id=5d71401e-a3e3-45ec-9850-1ddca2f5703a tenant_id=- user_id=- method=GET path=/ status=200 duration_ms=1.04
INFO 2026-03-11 06:43:05,920 correlation 8 130290187810496 request_complete correlation_id=f4650de1-3ada-42ab-bb2f-1ff8d5e028b3 tenant_id=- user_id=- method=GET path=/ status=200 duration_ms=1.38
INFO 2026-03-11 06:43:35,983 correlation 8 130290187810496 request_complete correlation_id=d5aa1025-bc81-4f56-97a8-578026864dda tenant_id=- user_id=- method=GET path=/ status=200 duration_ms=1.6
INFO 2026-03-11 06:44:06,059 correlation 8 130290187810496 request_complete correlation_id=37d7674c-bfd7-469d-805e-9a5a5905d81f tenant_id=- user_id=- method=GET path=/ status=200 duration_ms=1.96
INFO 2026-03-11 06:44:36,127 correlation 10 130290187810496 request_complete correlation_id=3a877015-0811-4903-9663-a8ae072e6184 tenant_id=- user_id=- method=GET path=/ status=200 duration_ms=1.23
INFO 2026-03-11 06:45:06,211 correlation 10 130290187810496 request_complete correlation_id=5e707349-f3b1-4f81-864c-dd68920a2d34 tenant_id=- user_id=- method=GET path=/ status=200 duration_ms=2.11
INFO 2026-03-11 06:45:36,261 correlation 10 130290187810496 request_complete correlation_id=667300c1-3f79-46c2-8bcb-18498d6eee1a tenant_id=- user_id=- method=GET path=/ status=200 duration_ms=2.18
INFO 2026-03-11 06:46:06,317 correlation 9 130290187810496 request_complete correlation_id=df89f886-47d0-4a19-8c48-4493029c377d tenant_id=- user_id=- method=GET path=/ status=200 duration_ms=1.2
INFO 2026-03-11 06:46:36,357 correlation 10 130290187810496 request_complete correlation_id=c8a4d48c-f976-4921-8199-2984deba329b tenant_id=- user_id=- method=GET path=/ status=200 duration_ms=0.84
INFO 2026-03-11 06:47:06,396 correlation 8 130290187810496 request_complete correlation_id=f341f139-6842-48a8-81ff-74a872013f0d tenant_id=- user_id=- method=GET path=/ status=200 duration_ms=1.04
INFO 2026-03-11 06:47:36,448 correlation 8 130290187810496 request_complete correlation_id=f70f89b8-1d24-4f51-be1e-032e54686b46 tenant_id=- user_id=- method=GET path=/ status=200 duration_ms=1.79
INFO 2026-03-11 06:48:06,508 correlation 8 130290187810496 request_complete correlation_id=a0090586-0595-4331-a2f9-6800cf1ab8b1 tenant_id=- user_id=- method=GET path=/ status=200 duration_ms=1.52
INFO 2026-03-11 06:48:36,567 correlation 8 130290187810496 request_complete correlation_id=9ca24b37-3bb6-41d1-b438-e04ff07bfe89 tenant_id=- user_id=- method=GET path=/ status=200 duration_ms=1.11
INFO 2026-03-11 06:49:06,634 correlation 10 130290187810496 request_complete correlation_id=7e13d2a6-7e85-4ed6-9e49-917d235ac81e tenant_id=- user_id=- method=GET path=/ status=200 duration_ms=1.89
INFO 2026-03-11 06:49:36,681 correlation 10 130290187810496 request_complete correlation_id=8d7ceed3-0182-4ffe-91e2-b313785d56de tenant_id=- user_id=- method=GET path=/ status=200 duration_ms=1.05
INFO 2026-03-11 06:50:06,725 correlation 8 130290187810496 request_complete correlation_id=2a26af81-b079-499b-8c66-7978da5b4fba tenant_id=- user_id=- method=GET path=/ status=200 duration_ms=1.72
INFO 2026-03-11 06:50:36,766 correlation 10 130290187810496 request_complete correlation_id=47fcccd1-9c67-438a-af1c-21c60c1c8518 tenant_id=- user_id=- method=GET path=/ status=200 duration_ms=0.89
INFO 2026-03-11 06:51:06,803 correlation 8 130290187810496 request_complete correlation_id=9b010f8d-1048-41b4-b29d-c6e015f6d7c1 tenant_id=- user_id=- method=GET path=/ status=200 duration_ms=0.85
INFO 2026-03-11 06:51:36,846 correlation 8 130290187810496 request_complete correlation_id=1e4ad44c-8e42-4c78-9eca-b092a89f15c6 tenant_id=- user_id=- method=GET path=/ status=200 duration_ms=0.75
INFO 2026-03-11 06:52:06,884 correlation 9 130290187810496 request_complete correlation_id=6519986b-69a7-4073-b700-d8f0f6c2753d tenant_id=- user_id=- method=GET path=/ status=200 duration_ms=0.88
INFO 2026-03-11 06:52:36,921 correlation 8 130290187810496 request_complete correlation_id=5c4f3b33-e43f-456d-9436-1128c7cf85d2 tenant_id=- user_id=- method=GET path=/ status=200 duration_ms=0.82
INFO 2026-03-11 06:53:06,974 correlation 8 130290187810496 request_complete correlation_id=665d8b17-94f9-4edb-a9ca-db01aa88eb00 tenant_id=- user_id=- method=GET path=/ status=200 duration_ms=1.25
INFO 2026-03-11 06:53:37,034 correlation 9 130290187810496 request_complete correlation_id=06572634-5cdd-4a40-9731-f12eb2b5b63f tenant_id=- user_id=- method=GET path=/ status=200 duration_ms=1.8
INFO 2026-03-11 06:54:07,090 correlation 8 130290187810496 request_complete correlation_id=6d238b45-7caa-478b-9728-c6418a8cd0ad tenant_id=- user_id=- method=GET path=/ status=200 duration_ms=1.96
INFO 2026-03-11 06:54:37,146 correlation 10 130290187810496 request_complete correlation_id=9b44d270-2df8-4872-88fc-e9e47d428354 tenant_id=- user_id=- method=GET path=/ status=200 duration_ms=1.41
INFO 2026-03-11 06:55:07,197 correlation 10 130290187810496 request_complete correlation_id=fdc537b9-c675-4239-8ea1-6ceeed4968be tenant_id=- user_id=- method=GET path=/ status=200 duration_ms=1.1
INFO 2026-03-11 06:55:37,249 correlation 10 130290187810496 request_complete correlation_id=617a8a2d-5cb6-48bf-a287-149c791086f9 tenant_id=- user_id=- method=GET path=/ status=200 duration_ms=1.43
INFO 2026-03-11 06:56:07,292 correlation 10 130290187810496 request_complete correlation_id=c86b05a4-546f-4e97-860f-4b85409dcd4d tenant_id=- user_id=- method=GET path=/ status=200 duration_ms=1.0
INFO 2026-03-11 06:56:37,341 correlation 10 130290187810496 request_complete correlation_id=26dc70d8-3aa6-4208-b652-6f4486ad7a6b tenant_id=- user_id=- method=GET path=/ status=200 duration_ms=1.04
INFO 2026-03-11 06:57:07,387 correlation 10 130290187810496 request_complete correlation_id=f91d695b-8fbd-428e-b556-50a96cb415b4 tenant_id=- user_id=- method=GET path=/ status=200 duration_ms=1.88
INFO 2026-03-11 06:57:37,453 correlation 10 130290187810496 request_complete correlation_id=95a8dbbf-a04d-4910-a54f-5be6008f9d1d tenant_id=- user_id=- method=GET path=/ status=200 duration_ms=1.18
INFO 2026-03-11 06:58:07,509 correlation 10 130290187810496 request_complete correlation_id=389ff584-7db9-4fe8-ad72-083ea56522b0 tenant_id=- user_id=- method=GET path=/ status=200 duration_ms=1.24
INFO 2026-03-11 06:58:37,553 correlation 8 130290187810496 request_complete correlation_id=365b0690-1e06-44ec-98f1-f88a580b7f42 tenant_id=- user_id=- method=GET path=/ status=200 duration_ms=1.9
INFO 2026-03-11 06:59:07,616 correlation 8 130290187810496 request_complete correlation_id=8c775441-0d1b-4d5e-a97d-6daec8af9619 tenant_id=- user_id=- method=GET path=/ status=200 duration_ms=1.44
INFO 2026-03-11 06:59:37,672 correlation 10 130290187810496 request_complete correlation_id=675c6711-4fa5-4a5f-a7e9-48b9794de5e9 tenant_id=- user_id=- method=GET path=/ status=200 duration_ms=1.03
INFO 2026-03-11 07:00:07,724 correlation 10 130290187810496 request_complete correlation_id=253ccb33-fb5b-4b77-be22-8052a9e92d25 tenant_id=- user_id=- method=GET path=/ status=200 duration_ms=0.93
INFO 2026-03-11 07:00:37,774 correlation 8 130290187810496 request_complete correlation_id=4a2db7a8-e2ce-4775-ad87-0dce5e308f11 tenant_id=- user_id=- method=GET path=/ status=200 duration_ms=1.48
INFO 2026-03-11 07:01:07,830 correlation 8 130290187810496 request_complete correlation_id=f93e61bf-07cd-4c84-a972-00225bf85597 tenant_id=- user_id=- method=GET path=/ status=200 duration_ms=1.58
INFO 2026-03-11 07:01:37,871 correlation 10 130290187810496 request_complete correlation_id=9544c454-564e-4c3e-ac30-19d06ac80f11 tenant_id=- user_id=- method=GET path=/ status=200 duration_ms=0.9
INFO 2026-03-11 07:02:07,909 correlation 10 130290187810496 request_complete correlation_id=c58b711d-cea5-4bb1-8c21-d1c94c6c1933 tenant_id=- user_id=- method=GET path=/ status=200 duration_ms=0.83
INFO 2026-03-11 07:02:37,955 correlation 10 130290187810496 request_complete correlation_id=b8231c7c-934b-4f53-a9da-bfce456ed52e tenant_id=- user_id=- method=GET path=/ status=200 duration_ms=1.06
INFO 2026-03-11 07:03:07,990 correlation 9 130290187810496 request_complete correlation_id=8d280d91-8667-4d04-8b13-d543fb542178 tenant_id=- user_id=- method=GET path=/ status=200 duration_ms=0.84
INFO 2026-03-11 07:03:38,039 correlation 9 130290187810496 request_complete correlation_id=07622105-515a-4c23-969a-968673810c3d tenant_id=- user_id=- method=GET path=/ status=200 duration_ms=1.43
INFO 2026-03-11 07:04:08,104 correlation 10 130290187810496 request_complete correlation_id=dac5f034-0bc8-4921-8c30-94314a517e58 tenant_id=- user_id=- method=GET path=/ status=200 duration_ms=2.09
INFO 2026-03-11 07:04:38,155 correlation 9 130290187810496 request_complete correlation_id=99c99f67-ba66-4602-91fd-8558da72f74d tenant_id=- user_id=- method=GET path=/ status=200 duration_ms=2.64
INFO 2026-03-11 07:05:08,205 correlation 10 130290187810496 request_complete correlation_id=bdd7ae1f-35f1-4d5f-b8df-b828f6f0fbe2 tenant_id=- user_id=- method=GET path=/ status=200 duration_ms=1.09
INFO 2026-03-11 07:05:38,250 correlation 8 130290187810496 request_complete correlation_id=483c13d9-3efb-4abe-8853-4658dcd43690 tenant_id=- user_id=- method=GET path=/ status=200 duration_ms=1.02
INFO 2026-03-11 07:06:08,296 correlation 8 130290187810496 request_complete correlation_id=60782f35-7039-46fa-8b40-6ef3c9431e77 tenant_id=- user_id=- method=GET path=/ status=200 duration_ms=1.16
INFO 2026-03-11 07:06:38,343 correlation 9 130290187810496 request_complete correlation_id=733353d1-774d-4887-be1b-15aafee5314d tenant_id=- user_id=- method=GET path=/ status=200 duration_ms=0.96
INFO 2026-03-11 07:07:08,392 correlation 9 130290187810496 request_complete correlation_id=be80526f-76e6-45bb-8772-0905d59c316d tenant_id=- user_id=- method=GET path=/ status=200 duration_ms=1.15
INFO 2026-03-11 07:07:38,432 correlation 9 130290187810496 request_complete correlation_id=9aa056cc-139f-4b33-99a6-ded0f14d71bf tenant_id=- user_id=- method=GET path=/ status=200 duration_ms=0.75
INFO 2026-03-11 07:08:08,466 correlation 9 130290187810496 request_complete correlation_id=d00d0c91-cd47-4b8b-8b19-fb4ece3c4910 tenant_id=- user_id=- method=GET path=/ status=200 duration_ms=0.82
INFO 2026-03-11 07:08:38,503 correlation 8 130290187810496 request_complete correlation_id=ec9d1b11-503d-4c0d-853b-35e29df0d32d tenant_id=- user_id=- method=GET path=/ status=200 duration_ms=0.79
INFO 2026-03-11 07:09:08,541 correlation 8 130290187810496 request_complete correlation_id=cf332ad1-2d57-4572-929d-692bf58ba390 tenant_id=- user_id=- method=GET path=/ status=200 duration_ms=0.82
INFO 2026-03-11 07:09:38,590 correlation 9 130290187810496 request_complete correlation_id=f6d77c3a-f17e-40b1-8b4c-4b2bab2ed44b tenant_id=- user_id=- method=GET path=/ status=200 duration_ms=0.99
INFO 2026-03-11 07:10:08,638 correlation 8 130290187810496 request_complete correlation_id=77da355a-b0ea-44e5-ba0f-735b8aa405a2 tenant_id=- user_id=- method=GET path=/ status=200 duration_ms=1.13
INFO 2026-03-11 07:10:38,680 correlation 9 130290187810496 request_complete correlation_id=3cf90e8c-f094-4f9d-bcab-b6d9ffb7786d tenant_id=- user_id=- method=GET path=/ status=200 duration_ms=0.77
INFO 2026-03-11 07:11:08,728 correlation 10 130290187810496 request_complete correlation_id=af4360eb-827e-447f-a82d-d4e282f0375b tenant_id=- user_id=- method=GET path=/ status=200 duration_ms=1.3
INFO 2026-03-11 07:11:38,769 correlation 10 130290187810496 request_complete correlation_id=5c039374-819e-4a69-8464-3393060c2719 tenant_id=- user_id=- method=GET path=/ status=200 duration_ms=0.78
INFO 2026-03-11 07:12:08,815 correlation 10 130290187810496 request_complete correlation_id=df88f236-a54b-42a8-9cc1-7aeac94105c6 tenant_id=- user_id=- method=GET path=/ status=200 duration_ms=1.05
INFO 2026-03-11 07:12:38,862 correlation 8 130290187810496 request_complete correlation_id=0e6b904b-4f8f-44f6-ae41-8dfba9905b3f tenant_id=- user_id=- method=GET path=/ status=200 duration_ms=1.01
INFO 2026-03-11 07:13:08,911 correlation 10 130290187810496 request_complete correlation_id=f47ef660-8b0e-4c9d-9e7e-39dd434cf7f4 tenant_id=- user_id=- method=GET path=/ status=200 duration_ms=1.1
INFO 2026-03-11 07:13:38,956 correlation 8 130290187810496 request_complete correlation_id=17e6c8d1-b720-43f7-99d2-5425047285a7 tenant_id=- user_id=- method=GET path=/ status=200 duration_ms=1.08
INFO 2026-03-11 07:14:09,004 correlation 10 130290187810496 request_complete correlation_id=43cb0e9c-cb5a-4888-8ab3-fc0bd937527f tenant_id=- user_id=- method=GET path=/ status=200 duration_ms=0.98
INFO 2026-03-11 07:14:39,055 correlation 10 130290187810496 request_complete correlation_id=d54a6634-ad7f-466e-9ce1-caf9d4fcd330 tenant_id=- user_id=- method=GET path=/ status=200 duration_ms=0.92
INFO 2026-03-11 07:15:09,092 correlation 8 130290187810496 request_complete correlation_id=e49ab4ef-ed89-4081-b729-bab1ac67c425 tenant_id=- user_id=- method=GET path=/ status=200 duration_ms=0.84
INFO 2026-03-11 07:15:39,128 correlation 8 130290187810496 request_complete correlation_id=a2ba1867-0b41-42dd-bdda-f2ce22ee0373 tenant_id=- user_id=- method=GET path=/ status=200 duration_ms=0.77
INFO 2026-03-11 07:16:09,165 correlation 8 130290187810496 request_complete correlation_id=f21e7268-ce8f-43e2-ae09-c9e84decca45 tenant_id=- user_id=- method=GET path=/ status=200 duration_ms=0.96
INFO 2026-03-11 07:16:39,204 correlation 8 130290187810496 request_complete correlation_id=f45cf63e-2fc2-40fb-9363-622ddb2386b8 tenant_id=- user_id=- method=GET path=/ status=200 duration_ms=0.8
INFO 2026-03-11 07:17:09,246 correlation 8 130290187810496 request_complete correlation_id=d52e9c22-c40f-4552-9b6f-805ac1a22164 tenant_id=- user_id=- method=GET path=/ status=200 duration_ms=0.83
INFO 2026-03-11 07:17:39,283 correlation 10 130290187810496 request_complete correlation_id=404ca97e-26d4-44f8-9082-0f8ef6e1f1c0 tenant_id=- user_id=- method=GET path=/ status=200 duration_ms=0.75
INFO 2026-03-11 07:18:09,322 correlation 8 130290187810496 request_complete correlation_id=43e2357b-87ae-4b90-8fca-224838c81548 tenant_id=- user_id=- method=GET path=/ status=200 duration_ms=0.86
INFO 2026-03-11 07:18:39,361 correlation 10 130290187810496 request_complete correlation_id=0653a20b-9cd5-4bc5-af08-ff95b4fd49e1 tenant_id=- user_id=- method=GET path=/ status=200 duration_ms=0.75
INFO 2026-03-11 07:19:09,400 correlation 10 130290187810496 request_complete correlation_id=3aabbccd-6410-48c2-96b2-378367cddf9a tenant_id=- user_id=- method=GET path=/ status=200 duration_ms=0.87
INFO 2026-03-11 07:19:39,439 correlation 8 130290187810496 request_complete correlation_id=f2b1f4ee-fc8c-45d3-aec5-2e270aa0eeb0 tenant_id=- user_id=- method=GET path=/ status=200 duration_ms=0.74
INFO 2026-03-11 07:20:09,478 correlation 10 130290187810496 request_complete correlation_id=5ce374b6-e389-425e-b9f8-083cefdb8137 tenant_id=- user_id=- method=GET path=/ status=200 duration_ms=0.87
INFO 2026-03-11 07:20:39,522 correlation 10 130290187810496 request_complete correlation_id=fc8146d0-06d1-4b2f-9b3e-20af0d415211 tenant_id=- user_id=- method=GET path=/ status=200 duration_ms=0.91
INFO 2026-03-11 07:21:09,560 correlation 8 130290187810496 request_complete correlation_id=8cee3204-cdb2-47f6-96e3-9c19fab1c198 tenant_id=- user_id=- method=GET path=/ status=200 duration_ms=0.86
INFO 2026-03-11 07:21:39,601 correlation 8 130290187810496 request_complete correlation_id=27adedc8-e356-435d-9a88-dac91f79a2b7 tenant_id=- user_id=- method=GET path=/ status=200 duration_ms=0.88
INFO 2026-03-11 07:22:09,636 correlation 8 130290187810496 request_complete correlation_id=04d91997-8157-4cae-b1f5-324a0841da23 tenant_id=- user_id=- method=GET path=/ status=200 duration_ms=1.05
INFO 2026-03-11 07:22:39,676 correlation 9 130290187810496 request_complete correlation_id=4e8fcf32-5fc2-44ef-842f-a0cf68bb2c6c tenant_id=- user_id=- method=GET path=/ status=200 duration_ms=0.78
INFO 2026-03-11 07:23:09,717 correlation 10 130290187810496 request_complete correlation_id=81c8027d-0e93-456f-9d91-2fccecafcba7 tenant_id=- user_id=- method=GET path=/ status=200 duration_ms=0.83
INFO 2026-03-11 07:23:39,755 correlation 9 130290187810496 request_complete correlation_id=613ef2a8-2bb7-4b66-b541-77099e1e0c40 tenant_id=- user_id=- method=GET path=/ status=200 duration_ms=0.8
INFO 2026-03-11 07:24:09,799 correlation 10 130290187810496 request_complete correlation_id=633304f1-2bab-427b-abf4-a0909b654ea1 tenant_id=- user_id=- method=GET path=/ status=200 duration_ms=0.85
INFO 2026-03-11 07:24:39,837 correlation 8 130290187810496 request_complete correlation_id=ac8cec0f-f344-4abc-bb26-2182d414249e tenant_id=- user_id=- method=GET path=/ status=200 duration_ms=0.78
INFO 2026-03-11 07:25:09,872 correlation 9 130290187810496 request_complete correlation_id=cdb71805-2c65-4bd2-953a-055e83e6f799 tenant_id=- user_id=- method=GET path=/ status=200 duration_ms=0.87
INFO 2026-03-11 07:25:39,908 correlation 8 130290187810496 request_complete correlation_id=ec941c2d-1f54-476f-981c-7eccb26bf137 tenant_id=- user_id=- method=GET path=/ status=200 duration_ms=0.74
INFO 2026-03-11 07:26:09,952 correlation 10 130290187810496 request_complete correlation_id=2ba6069e-8058-4aec-863e-5708f67453aa tenant_id=- user_id=- method=GET path=/ status=200 duration_ms=1.06
INFO 2026-03-11 07:26:39,991 correlation 9 130290187810496 request_complete correlation_id=e7ac4431-b710-49b8-a902-5647011f061c tenant_id=- user_id=- method=GET path=/ status=200 duration_ms=0.94
INFO 2026-03-11 07:27:10,033 correlation 10 130290187810496 request_complete correlation_id=58591e6f-66e6-41cc-b034-cf1a8e386d2f tenant_id=- user_id=- method=GET path=/ status=200 duration_ms=0.82
INFO 2026-03-11 07:27:40,071 correlation 10 130290187810496 request_complete correlation_id=dcf6552f-740d-499d-80d1-a94b106da5c3 tenant_id=- user_id=- method=GET path=/ status=200 duration_ms=0.73
INFO 2026-03-11 07:28:10,109 correlation 9 130290187810496 request_complete correlation_id=f5cc020d-8136-430e-9e53-95ed54561381 tenant_id=- user_id=- method=GET path=/ status=200 duration_ms=0.95
INFO 2026-03-11 07:28:40,155 correlation 9 130290187810496 request_complete correlation_id=5bf22059-4a6a-4762-94ea-99793577e4b5 tenant_id=- user_id=- method=GET path=/ status=200 duration_ms=0.73
INFO 2026-03-11 07:29:10,199 correlation 9 130290187810496 request_complete correlation_id=6b401d89-583f-4920-b56b-19c4002f26d7 tenant_id=- user_id=- method=GET path=/ status=200 duration_ms=0.85
INFO 2026-03-11 07:29:40,235 correlation 8 130290187810496 request_complete correlation_id=1b775d96-c588-498d-b693-65340a8eba4e tenant_id=- user_id=- method=GET path=/ status=200 duration_ms=0.75
INFO 2026-03-11 07:30:10,271 correlation 9 130290187810496 request_complete correlation_id=a63572c8-ddd4-46c0-81fd-a05a3e8aa3e3 tenant_id=- user_id=- method=GET path=/ status=200 duration_ms=0.82
INFO 2026-03-11 07:30:40,307 correlation 9 130290187810496 request_complete correlation_id=b4ae61cd-a7fb-42bd-bd66-a18efa24422b tenant_id=- user_id=- method=GET path=/ status=200 duration_ms=0.88
INFO 2026-03-11 07:31:10,352 correlation 9 130290187810496 request_complete correlation_id=c85334dd-5311-4988-a423-edadbb9979fd tenant_id=- user_id=- method=GET path=/ status=200 duration_ms=0.87
INFO 2026-03-11 07:31:40,389 correlation 9 130290187810496 request_complete correlation_id=646a9427-0d54-43ed-b5a9-4b41e1e6bae1 tenant_id=- user_id=- method=GET path=/ status=200 duration_ms=0.84
INFO 2026-03-11 07:32:10,427 correlation 10 130290187810496 request_complete correlation_id=28e2e3b5-d0e7-4a75-a1ab-e400d0c2e093 tenant_id=- user_id=- method=GET path=/ status=200 duration_ms=0.82
INFO 2026-03-11 07:32:40,470 correlation 9 130290187810496 request_complete correlation_id=4dbe5b4d-a241-419f-82e5-c5b448aba979 tenant_id=- user_id=- method=GET path=/ status=200 duration_ms=0.76
INFO 2026-03-11 07:33:10,508 correlation 10 130290187810496 request_complete correlation_id=bbcad824-e067-4f15-ade1-c249b371f013 tenant_id=- user_id=- method=GET path=/ status=200 duration_ms=0.81
INFO 2026-03-11 07:33:40,548 correlation 8 130290187810496 request_complete correlation_id=eaa59f64-5154-4a15-b3e1-3d25cae17132 tenant_id=- user_id=- method=GET path=/ status=200 duration_ms=0.89
INFO 2026-03-11 07:34:10,585 correlation 10 130290187810496 request_complete correlation_id=08f0f53e-b817-45d3-90ca-76b87b22073e tenant_id=- user_id=- method=GET path=/ status=200 duration_ms=0.88
INFO 2026-03-11 07:34:40,629 correlation 8 130290187810496 request_complete correlation_id=d6008237-b339-40fa-9bd3-0a0e7416ce71 tenant_id=- user_id=- method=GET path=/ status=200 duration_ms=0.78
INFO 2026-03-11 07:35:10,670 correlation 9 130290187810496 request_complete correlation_id=b4389878-2045-46c3-8032-bab93e46fcdf tenant_id=- user_id=- method=GET path=/ status=200 duration_ms=0.9
INFO 2026-03-11 07:35:40,714 correlation 9 130290187810496 request_complete correlation_id=ba235bb6-88cb-41c5-a0ea-fbc47baf1321 tenant_id=- user_id=- method=GET path=/ status=200 duration_ms=0.9
INFO 2026-03-11 07:36:10,756 correlation 8 130290187810496 request_complete correlation_id=d589d2f1-9877-4745-96fb-16cdee29f471 tenant_id=- user_id=- method=GET path=/ status=200 duration_ms=0.82
INFO 2026-03-11 07:36:40,795 correlation 9 130290187810496 request_complete correlation_id=06422db0-db74-44fc-b6a5-eff476f5c9c4 tenant_id=- user_id=- method=GET path=/ status=200 duration_ms=0.8
INFO 2026-03-11 07:37:10,831 correlation 9 130290187810496 request_complete correlation_id=8eedc2ae-97ab-4c94-a3a8-d45291d2fffb tenant_id=- user_id=- method=GET path=/ status=200 duration_ms=0.88
INFO 2026-03-11 07:37:40,872 correlation 8 130290187810496 request_complete correlation_id=afed09b1-8662-4a22-b6e2-640d061c20d1 tenant_id=- user_id=- method=GET path=/ status=200 duration_ms=0.8
INFO 2026-03-11 07:38:10,910 correlation 9 130290187810496 request_complete correlation_id=2fad28fe-7d5b-4183-a9ae-7e27c08cecc7 tenant_id=- user_id=- method=GET path=/ status=200 duration_ms=0.85
INFO 2026-03-11 07:38:40,968 correlation 10 130290187810496 request_complete correlation_id=bf61ebd0-3041-4bc2-b137-ec94addace62 tenant_id=- user_id=- method=GET path=/ status=200 duration_ms=0.74
INFO 2026-03-11 07:39:11,014 correlation 9 130290187810496 request_complete correlation_id=c1068b36-eac6-413d-98a6-e232825618b3 tenant_id=- user_id=- method=GET path=/ status=200 duration_ms=0.84
INFO 2026-03-11 07:39:41,055 correlation 10 130290187810496 request_complete correlation_id=1abc491e-20d4-4eeb-8a10-6a2ecd9219b1 tenant_id=- user_id=- method=GET path=/ status=200 duration_ms=0.9
INFO 2026-03-11 07:40:11,092 correlation 9 130290187810496 request_complete correlation_id=8f415fc0-a74c-411c-af44-4cf4113c2b69 tenant_id=- user_id=- method=GET path=/ status=200 duration_ms=0.85
INFO 2026-03-11 07:40:41,130 correlation 10 130290187810496 request_complete correlation_id=b2706058-ff50-49bc-8f3e-712a6464fe17 tenant_id=- user_id=- method=GET path=/ status=200 duration_ms=0.73
INFO 2026-03-11 07:41:11,165 correlation 10 130290187810496 request_complete correlation_id=0b5a2bfa-0ecb-4b40-a4a1-cd3051a7ddf8 tenant_id=- user_id=- method=GET path=/ status=200 duration_ms=0.85
INFO 2026-03-11 07:41:41,202 correlation 9 130290187810496 request_complete correlation_id=0957e856-f13e-47ca-a18d-07cadabc17ae tenant_id=- user_id=- method=GET path=/ status=200 duration_ms=2.0
INFO 2026-03-11 07:42:11,239 correlation 9 130290187810496 request_complete correlation_id=4b608258-c1f4-4b48-961a-f985f32f1b1c tenant_id=- user_id=- method=GET path=/ status=200 duration_ms=0.88
INFO 2026-03-11 07:42:41,274 correlation 8 130290187810496 request_complete correlation_id=beaa8545-8c35-4e26-816b-e7b42b2ebc3d tenant_id=- user_id=- method=GET path=/ status=200 duration_ms=0.88
INFO 2026-03-11 07:43:11,312 correlation 10 130290187810496 request_complete correlation_id=4714cd43-4f77-4295-995c-14b726b2fff2 tenant_id=- user_id=- method=GET path=/ status=200 duration_ms=0.82
INFO 2026-03-11 07:43:41,352 correlation 10 130290187810496 request_complete correlation_id=01b3c502-104a-4f66-8553-611596efc1ec tenant_id=- user_id=- method=GET path=/ status=200 duration_ms=0.74
INFO 2026-03-11 07:44:11,391 correlation 10 130290187810496 request_complete correlation_id=81d78da8-8dca-4a2d-a4b0-6a625c3ff269 tenant_id=- user_id=- method=GET path=/ status=200 duration_ms=0.92
INFO 2026-03-11 07:44:41,433 correlation 10 130290187810496 request_complete correlation_id=55a3813f-82b9-4842-8f07-d76648ceac68 tenant_id=- user_id=- method=GET path=/ status=200 duration_ms=0.8
INFO 2026-03-11 07:45:11,474 correlation 10 130290187810496 request_complete correlation_id=ab5c8492-5758-43b2-bf86-123c842b1bb3 tenant_id=- user_id=- method=GET path=/ status=200 duration_ms=0.85
INFO 2026-03-11 07:45:41,509 correlation 10 130290187810496 request_complete correlation_id=4905734c-33e9-445c-9979-0ecd594ed20f tenant_id=- user_id=- method=GET path=/ status=200 duration_ms=0.79
INFO 2026-03-11 07:46:11,545 correlation 9 130290187810496 request_complete correlation_id=44afb38e-6e11-4362-a1b8-e5019dac02e8 tenant_id=- user_id=- method=GET path=/ status=200 duration_ms=0.82
INFO 2026-03-11 07:46:41,583 correlation 9 130290187810496 request_complete correlation_id=7ff939f5-0cbe-48ea-8d38-f3ca29a624b7 tenant_id=- user_id=- method=GET path=/ status=200 duration_ms=0.77
INFO 2026-03-11 07:47:11,619 correlation 8 130290187810496 request_complete correlation_id=3af979d2-459e-4570-809e-44698dc96513 tenant_id=- user_id=- method=GET path=/ status=200 duration_ms=0.88
INFO 2026-03-11 07:47:41,664 correlation 10 130290187810496 request_complete correlation_id=87ab2390-60fa-49ce-a241-0f3baed9f3bf tenant_id=- user_id=- method=GET path=/ status=200 duration_ms=0.76
INFO 2026-03-11 07:48:11,707 correlation 8 130290187810496 request_complete correlation_id=ad0b2176-381d-4e16-b7c5-201bf33b38cc tenant_id=- user_id=- method=GET path=/ status=200 duration_ms=1.0
INFO 2026-03-11 07:48:41,740 correlation 8 130290187810496 request_complete correlation_id=4f3a50f8-94a7-492e-97e3-b5eff34c9d75 tenant_id=- user_id=- method=GET path=/ status=200 duration_ms=0.76
INFO 2026-03-11 07:49:11,783 correlation 10 130290187810496 request_complete correlation_id=6162bc37-8b4e-49f4-a79f-ee53a110582d tenant_id=- user_id=- method=GET path=/ status=200 duration_ms=0.98
INFO 2026-03-11 07:49:41,820 correlation 9 130290187810496 request_complete correlation_id=2558c559-6aa0-4df7-901b-0dae677b8c25 tenant_id=- user_id=- method=GET path=/ status=200 duration_ms=0.93
INFO 2026-03-11 07:50:11,857 correlation 10 130290187810496 request_complete correlation_id=9444d1eb-799d-4958-8801-9630f52b5388 tenant_id=- user_id=- method=GET path=/ status=200 duration_ms=0.85
INFO 2026-03-11 07:50:41,899 correlation 8 130290187810496 request_complete correlation_id=7bbf3f78-6349-4deb-a42d-e3b18067892c tenant_id=- user_id=- method=GET path=/ status=200 duration_ms=0.78
INFO 2026-03-11 07:51:11,943 correlation 10 130290187810496 request_complete correlation_id=13a85911-3918-471c-8197-446cb0edf560 tenant_id=- user_id=- method=GET path=/ status=200 duration_ms=0.86
INFO 2026-03-11 07:51:41,988 correlation 10 130290187810496 request_complete correlation_id=1c0d17be-fb89-4731-a93c-218196676876 tenant_id=- user_id=- method=GET path=/ status=200 duration_ms=0.75
INFO 2026-03-11 07:52:12,029 correlation 9 130290187810496 request_complete correlation_id=04c4b8da-ce31-4b48-bdf7-c3db3e11005e tenant_id=- user_id=- method=GET path=/ status=200 duration_ms=0.82
INFO 2026-03-11 07:52:42,067 correlation 10 130290187810496 request_complete correlation_id=3543d20b-a6b5-496e-8937-0d81881540e6 tenant_id=- user_id=- method=GET path=/ status=200 duration_ms=0.75
INFO 2026-03-11 07:53:12,104 correlation 10 130290187810496 request_complete correlation_id=810d1194-f014-4f32-bc68-1e63cf48fee6 tenant_id=- user_id=- method=GET path=/ status=200 duration_ms=0.86
INFO 2026-03-11 07:53:42,139 correlation 10 130290187810496 request_complete correlation_id=e1aa3110-a875-476d-a4a8-dce50d16be3c tenant_id=- user_id=- method=GET path=/ status=200 duration_ms=0.96
INFO 2026-03-11 07:54:12,181 correlation 8 130290187810496 request_complete correlation_id=f01f4cc8-1be5-43e0-add4-19ec10e115be tenant_id=- user_id=- method=GET path=/ status=200 duration_ms=0.82
INFO 2026-03-11 07:54:42,218 correlation 8 130290187810496 request_complete correlation_id=51e94dd7-4113-445f-ac94-3e5089980198 tenant_id=- user_id=- method=GET path=/ status=200 duration_ms=0.76
INFO 2026-03-11 07:55:12,255 correlation 8 130290187810496 request_complete correlation_id=e77a2889-7880-4ee6-b97a-29f67cda1bac tenant_id=- user_id=- method=GET path=/ status=200 duration_ms=0.86
INFO 2026-03-11 07:55:42,297 correlation 8 130290187810496 request_complete correlation_id=15f7f495-b814-46b9-84e6-3e718cce8a89 tenant_id=- user_id=- method=GET path=/ status=200 duration_ms=0.92
INFO 2026-03-11 07:56:12,335 correlation 8 130290187810496 request_complete correlation_id=fbba1c43-3e4e-4bfb-a73b-d803128ad1bd tenant_id=- user_id=- method=GET path=/ status=200 duration_ms=0.86
INFO 2026-03-11 07:56:42,384 correlation 8 130290187810496 request_complete correlation_id=9aaf3491-b872-4299-9157-fe164d88a95e tenant_id=- user_id=- method=GET path=/ status=200 duration_ms=0.73
INFO 2026-03-11 07:57:12,417 correlation 9 130290187810496 request_complete correlation_id=de4c69cb-4e9c-42c9-8c04-643ef0221ad0 tenant_id=- user_id=- method=GET path=/ status=200 duration_ms=0.85
INFO 2026-03-11 07:57:42,460 correlation 10 130290187810496 request_complete correlation_id=06d16160-43bc-44c9-ae7e-2bf55b90c9c1 tenant_id=- user_id=- method=GET path=/ status=200 duration_ms=0.77
INFO 2026-03-11 07:58:12,498 correlation 9 130290187810496 request_complete correlation_id=cbff70cc-b9f6-45ac-9d29-b8a8cf62ec0b tenant_id=- user_id=- method=GET path=/ status=200 duration_ms=0.83
INFO 2026-03-11 07:58:42,539 correlation 8 130290187810496 request_complete correlation_id=05da56c7-1108-4dec-8aa9-887e4f577d2c tenant_id=- user_id=- method=GET path=/ status=200 duration_ms=1.63
INFO 2026-03-11 07:59:12,579 correlation 9 130290187810496 request_complete correlation_id=4b705262-d501-4b24-aa4a-3d88f25fee78 tenant_id=- user_id=- method=GET path=/ status=200 duration_ms=0.83
INFO 2026-03-11 07:59:42,620 correlation 9 130290187810496 request_complete correlation_id=b4401ed4-6622-4bc4-8748-e00921d0d891 tenant_id=- user_id=- method=GET path=/ status=200 duration_ms=0.73
INFO 2026-03-11 08:00:12,658 correlation 10 130290187810496 request_complete correlation_id=3c7460a1-c013-490c-9768-47624dfb8abf tenant_id=- user_id=- method=GET path=/ status=200 duration_ms=0.89
INFO 2026-03-11 08:00:42,697 correlation 8 130290187810496 request_complete correlation_id=128c9b1d-1877-4414-9303-b60b7f94f205 tenant_id=- user_id=- method=GET path=/ status=200 duration_ms=0.93
INFO 2026-03-11 08:01:12,732 correlation 10 130290187810496 request_complete correlation_id=2017ce1b-9851-42ff-a3e8-fc045dc882d8 tenant_id=- user_id=- method=GET path=/ status=200 duration_ms=0.84
INFO 2026-03-11 08:01:42,768 correlation 10 130290187810496 request_complete correlation_id=37f5acf2-cd9a-4ab7-8275-d1914864b1c6 tenant_id=- user_id=- method=GET path=/ status=200 duration_ms=0.97
INFO 2026-03-11 08:02:12,806 correlation 9 130290187810496 request_complete correlation_id=eb0078f7-f106-4194-af0f-54cbf5e32280 tenant_id=- user_id=- method=GET path=/ status=200 duration_ms=0.88
INFO 2026-03-11 08:02:42,847 correlation 8 130290187810496 request_complete correlation_id=c7d11b8e-bc2f-4ead-a4fd-2c79c0af4d82 tenant_id=- user_id=- method=GET path=/ status=200 duration_ms=0.75
INFO 2026-03-11 08:03:12,884 correlation 10 130290187810496 request_complete correlation_id=4a350da5-5677-4b0d-9593-02473a4ecee8 tenant_id=- user_id=- method=GET path=/ status=200 duration_ms=0.84
INFO 2026-03-11 08:03:42,921 correlation 8 130290187810496 request_complete correlation_id=47c11e10-e3e3-4011-8351-824e710c774a tenant_id=- user_id=- method=GET path=/ status=200 duration_ms=0.74
INFO 2026-03-11 08:04:12,960 correlation 10 130290187810496 request_complete correlation_id=ea88acef-f1fd-4ad7-9694-b233355ec30f tenant_id=- user_id=- method=GET path=/ status=200 duration_ms=0.84
INFO 2026-03-11 08:04:42,999 correlation 10 130290187810496 request_complete correlation_id=8ce19b01-4138-4db0-ae2d-7c5bdf88dafb tenant_id=- user_id=- method=GET path=/ status=200 duration_ms=0.79
INFO 2026-03-11 08:05:13,034 correlation 10 130290187810496 request_complete correlation_id=6dab803e-9da1-44c2-86bc-579a91994a7d tenant_id=- user_id=- method=GET path=/ status=200 duration_ms=0.82
INFO 2026-03-11 08:05:43,072 correlation 9 130290187810496 request_complete correlation_id=bda40ee1-45c3-4317-9ea0-0892b1a565cc tenant_id=- user_id=- method=GET path=/ status=200 duration_ms=0.86
INFO 2026-03-11 08:06:13,111 correlation 8 130290187810496 request_complete correlation_id=1b5aa890-27b8-4877-972e-c62cae8c5aa0 tenant_id=- user_id=- method=GET path=/ status=200 duration_ms=0.89
INFO 2026-03-11 08:06:43,152 correlation 10 130290187810496 request_complete correlation_id=468cb2ac-8845-44c6-bf4d-0a08ff54ee4b tenant_id=- user_id=- method=GET path=/ status=200 duration_ms=0.88
INFO 2026-03-11 08:07:13,191 correlation 10 130290187810496 request_complete correlation_id=61277d5d-cd0a-44e9-be47-e85fbe52b691 tenant_id=- user_id=- method=GET path=/ status=200 duration_ms=0.9
INFO 2026-03-11 08:07:43,226 correlation 9 130290187810496 request_complete correlation_id=5404d29d-8ebb-48f0-904b-d070380b2d87 tenant_id=- user_id=- method=GET path=/ status=200 duration_ms=0.76
INFO 2026-03-11 08:08:13,267 correlation 9 130290187810496 request_complete correlation_id=d0e8f595-b23e-4536-b913-2b8475a724a5 tenant_id=- user_id=- method=GET path=/ status=200 duration_ms=0.88
INFO 2026-03-11 08:08:43,304 correlation 8 130290187810496 request_complete correlation_id=00fe1224-0df7-4694-951b-17633ef96779 tenant_id=- user_id=- method=GET path=/ status=200 duration_ms=0.81
INFO 2026-03-11 08:09:13,348 correlation 8 130290187810496 request_complete correlation_id=3d6a541f-821d-4c59-b4e3-0e73a14f86f2 tenant_id=- user_id=- method=GET path=/ status=200 duration_ms=0.87
INFO 2026-03-11 08:09:43,386 correlation 9 130290187810496 request_complete correlation_id=37bc3bd6-d110-4095-8082-170a9fdea124 tenant_id=- user_id=- method=GET path=/ status=200 duration_ms=0.97
INFO 2026-03-11 08:10:13,422 correlation 9 130290187810496 request_complete correlation_id=03477445-f5b7-4232-b836-932935337755 tenant_id=- user_id=- method=GET path=/ status=200 duration_ms=0.82
INFO 2026-03-11 08:10:43,460 correlation 8 130290187810496 request_complete correlation_id=c9c5142f-1bb3-44e8-9e59-6f2f7eff111f tenant_id=- user_id=- method=GET path=/ status=200 duration_ms=0.77
INFO 2026-03-11 08:11:13,502 correlation 10 130290187810496 request_complete correlation_id=519bee14-fcf6-48f6-b182-198dd6a2b5aa tenant_id=- user_id=- method=GET path=/ status=200 duration_ms=0.86
INFO 2026-03-11 08:11:43,534 correlation 10 130290187810496 request_complete correlation_id=35cc88d7-ccad-4275-bb53-bb8650665e5f tenant_id=- user_id=- method=GET path=/ status=200 duration_ms=0.75
INFO 2026-03-11 08:12:13,573 correlation 10 130290187810496 request_complete correlation_id=5d54f658-19d9-4ddc-84b2-5a5645268988 tenant_id=- user_id=- method=GET path=/ status=200 duration_ms=0.97
INFO 2026-03-11 08:12:43,616 correlation 8 130290187810496 request_complete correlation_id=269300c9-3f09-477f-80ef-dcf391df889c tenant_id=- user_id=- method=GET path=/ status=200 duration_ms=0.83
INFO 2026-03-11 08:13:13,655 correlation 9 130290187810496 request_complete correlation_id=e543b8a3-70ea-43f1-8e66-0bf929655cd1 tenant_id=- user_id=- method=GET path=/ status=200 duration_ms=0.84
INFO 2026-03-11 08:13:43,689 correlation 8 130290187810496 request_complete correlation_id=16f310f6-62ab-4a4e-9144-7fef4f82dbb0 tenant_id=- user_id=- method=GET path=/ status=200 duration_ms=0.79
INFO 2026-03-11 08:14:13,728 correlation 8 130290187810496 request_complete correlation_id=f634c118-2e88-48b4-99c2-2ab58248afb8 tenant_id=- user_id=- method=GET path=/ status=200 duration_ms=0.89
INFO 2026-03-11 08:14:43,767 correlation 8 130290187810496 request_complete correlation_id=60f0ea7c-f154-48e8-beb7-831f572c76fc tenant_id=- user_id=- method=GET path=/ status=200 duration_ms=0.99
INFO 2026-03-11 08:15:13,808 correlation 9 130290187810496 request_complete correlation_id=cc1ec44a-dfb9-4925-aacb-28913912fa8a tenant_id=- user_id=- method=GET path=/ status=200 duration_ms=0.83
INFO 2026-03-11 08:15:43,847 correlation 10 130290187810496 request_complete correlation_id=e57b95e8-8a4e-48d4-b4eb-2dbf00fa5e81 tenant_id=- user_id=- method=GET path=/ status=200 duration_ms=0.95
INFO 2026-03-11 08:16:13,886 correlation 9 130290187810496 request_complete correlation_id=090c5fff-37b2-4809-ac00-2a709ed1e797 tenant_id=- user_id=- method=GET path=/ status=200 duration_ms=0.84
INFO 2026-03-11 08:16:43,921 correlation 8 130290187810496 request_complete correlation_id=d929d2e9-8347-4a21-8ad7-6c0640d717b0 tenant_id=- user_id=- method=GET path=/ status=200 duration_ms=0.74
INFO 2026-03-11 08:17:13,959 correlation 10 130290187810496 request_complete correlation_id=2ecbf11f-6f3e-4747-bd66-2cfd223eb253 tenant_id=- user_id=- method=GET path=/ status=200 duration_ms=0.82
INFO 2026-03-11 08:17:43,997 correlation 8 130290187810496 request_complete correlation_id=5a353d87-fab5-40c8-9c12-04b6374e8203 tenant_id=- user_id=- method=GET path=/ status=200 duration_ms=0.8
INFO 2026-03-11 08:18:14,036 correlation 10 130290187810496 request_complete correlation_id=41e86a2c-946e-4f1e-9020-d9fe6056b78a tenant_id=- user_id=- method=GET path=/ status=200 duration_ms=0.83
INFO 2026-03-11 08:18:44,073 correlation 8 130290187810496 request_complete correlation_id=313f093a-4123-403f-bd99-fa76959c9148 tenant_id=- user_id=- method=GET path=/ status=200 duration_ms=0.77
INFO 2026-03-11 08:19:14,114 correlation 8 130290187810496 request_complete correlation_id=48a95d38-fb1c-4f5f-8f6c-2d4929940edd tenant_id=- user_id=- method=GET path=/ status=200 duration_ms=0.86
INFO 2026-03-11 08:19:44,156 correlation 8 130290187810496 request_complete correlation_id=d65c4938-30f0-4a60-bac8-d0aa325b162b tenant_id=- user_id=- method=GET path=/ status=200 duration_ms=0.75
INFO 2026-03-11 08:20:14,201 correlation 10 130290187810496 request_complete correlation_id=a0f0b2cc-bff1-4049-a4e0-bc76aa84b004 tenant_id=- user_id=- method=GET path=/ status=200 duration_ms=0.81
INFO 2026-03-11 08:20:44,244 correlation 10 130290187810496 request_complete correlation_id=833b2d9c-c1a0-494a-b49c-beaa8c42ad0d tenant_id=- user_id=- method=GET path=/ status=200 duration_ms=1.17
INFO 2026-03-11 08:21:14,287 correlation 8 130290187810496 request_complete correlation_id=a19af0e3-57c8-473a-9dac-c76f725dd0a1 tenant_id=- user_id=- method=GET path=/ status=200 duration_ms=0.84
INFO 2026-03-11 08:21:44,324 correlation 9 130290187810496 request_complete correlation_id=a78f770b-e88b-4fc6-b410-13e01f595bc8 tenant_id=- user_id=- method=GET path=/ status=200 duration_ms=0.75
INFO 2026-03-11 08:22:14,362 correlation 9 130290187810496 request_complete correlation_id=029b705f-b1e7-43e8-8bbe-a0af6eae1b94 tenant_id=- user_id=- method=GET path=/ status=200 duration_ms=0.94
INFO 2026-03-11 08:22:44,403 correlation 8 130290187810496 request_complete correlation_id=0666a894-9659-4bb4-a81d-71019b552614 tenant_id=- user_id=- method=GET path=/ status=200 duration_ms=0.79
INFO 2026-03-11 08:23:14,440 correlation 10 130290187810496 request_complete correlation_id=a97a3c51-a848-4925-9281-b4bec0178a0f tenant_id=- user_id=- method=GET path=/ status=200 duration_ms=0.89
INFO 2026-03-11 08:23:44,469 correlation 9 130290187810496 request_complete correlation_id=5d242baf-5583-4ea9-b905-73c80165e457 tenant_id=- user_id=- method=GET path=/ status=200 duration_ms=0.78
INFO 2026-03-11 08:24:14,514 correlation 9 130290187810496 request_complete correlation_id=afd17dd3-4d1f-46b0-a164-6b271b5fe83e tenant_id=- user_id=- method=GET path=/ status=200 duration_ms=0.88
INFO 2026-03-11 08:24:44,550 correlation 8 130290187810496 request_complete correlation_id=9aa98cea-10d0-45f7-a3dc-8a7779a83fa5 tenant_id=- user_id=- method=GET path=/ status=200 duration_ms=0.76
INFO 2026-03-11 08:25:14,583 correlation 8 130290187810496 request_complete correlation_id=d0a1150d-7a29-4eca-b634-4a0b6e9b0c59 tenant_id=- user_id=- method=GET path=/ status=200 duration_ms=1.21
INFO 2026-03-11 08:25:44,619 correlation 9 130290187810496 request_complete correlation_id=e58307ac-70c1-4071-a957-6e43ea5b29a7 tenant_id=- user_id=- method=GET path=/ status=200 duration_ms=0.8
INFO 2026-03-11 08:26:14,655 correlation 9 130290187810496 request_complete correlation_id=ebdfb14b-a6a8-4e02-91b9-39bfce26b5bd tenant_id=- user_id=- method=GET path=/ status=200 duration_ms=1.14
INFO 2026-03-11 08:26:44,710 correlation 10 130290187810496 request_complete correlation_id=0e70ff3b-3024-4760-9a98-ab934572c0d0 tenant_id=- user_id=- method=GET path=/ status=200 duration_ms=1.54
INFO 2026-03-11 08:27:14,760 correlation 10 130290187810496 request_complete correlation_id=6845b0f6-ac48-4731-8a0f-885deb75af64 tenant_id=- user_id=- method=GET path=/ status=200 duration_ms=1.41
INFO 2026-03-11 08:27:44,817 correlation 9 130290187810496 request_complete correlation_id=0ac9ab6d-9270-447e-b90e-1912f33acb73 tenant_id=- user_id=- method=GET path=/ status=200 duration_ms=1.25
INFO 2026-03-11 08:28:14,864 correlation 8 130290187810496 request_complete correlation_id=1bdea16e-b657-4e22-8aed-ed61b35d71e4 tenant_id=- user_id=- method=GET path=/ status=200 duration_ms=1.25
INFO 2026-03-11 08:28:44,913 correlation 8 130290187810496 request_complete correlation_id=76b03643-1c3f-4148-84ee-d7e0dbdfc12c tenant_id=- user_id=- method=GET path=/ status=200 duration_ms=0.94
INFO 2026-03-11 08:29:14,965 correlation 10 130290187810496 request_complete correlation_id=fd1ee891-9cc8-4773-b896-ac68fba7102c tenant_id=- user_id=- method=GET path=/ status=200 duration_ms=1.56
INFO 2026-03-11 08:29:45,015 correlation 10 130290187810496 request_complete correlation_id=1c87797c-7bb0-49ed-9a13-b51c09c20c06 tenant_id=- user_id=- method=GET path=/ status=200 duration_ms=1.49
INFO 2026-03-11 08:30:15,069 correlation 8 130290187810496 request_complete correlation_id=0cee917e-7491-410f-a994-bef471a42206 tenant_id=- user_id=- method=GET path=/ status=200 duration_ms=1.34
INFO 2026-03-11 08:30:45,121 correlation 10 130290187810496 request_complete correlation_id=c24aafe2-550f-4e32-89b5-bf4779a2a5a9 tenant_id=- user_id=- method=GET path=/ status=200 duration_ms=1.25
INFO 2026-03-11 08:31:15,177 correlation 8 130290187810496 request_complete correlation_id=bc36fbe6-7245-4578-8f36-6fadff299483 tenant_id=- user_id=- method=GET path=/ status=200 duration_ms=2.06
INFO 2026-03-11 08:31:45,252 correlation 10 130290187810496 request_complete correlation_id=429cb652-fd7d-469c-ae2a-f5e1352421a6 tenant_id=- user_id=- method=GET path=/ status=200 duration_ms=1.78
INFO 2026-03-11 08:32:15,304 correlation 10 130290187810496 request_complete correlation_id=8526c3ef-dd9a-4a37-91c7-707d8e2862dc tenant_id=- user_id=- method=GET path=/ status=200 duration_ms=1.39
INFO 2026-03-11 08:32:45,347 correlation 8 130290187810496 request_complete correlation_id=5216ff15-0555-46e4-a1c6-4dd8460941a5 tenant_id=- user_id=- method=GET path=/ status=200 duration_ms=0.93
INFO 2026-03-11 08:33:15,393 correlation 9 130290187810496 request_complete correlation_id=e017da59-e66b-4730-ba4c-cf58c4cbc78b tenant_id=- user_id=- method=GET path=/ status=200 duration_ms=1.42
INFO 2026-03-11 08:33:45,478 correlation 8 130290187810496 request_complete correlation_id=08c2cc70-bf77-464c-927c-64e36f2746e1 tenant_id=- user_id=- method=GET path=/ status=200 duration_ms=1.16
INFO 2026-03-11 08:34:15,527 correlation 9 130290187810496 request_complete correlation_id=e28d06df-3c02-4b40-8760-d6c2a1494096 tenant_id=- user_id=- method=GET path=/ status=200 duration_ms=1.19
INFO 2026-03-11 08:34:45,576 correlation 8 130290187810496 request_complete correlation_id=143e986b-bc9f-47cc-b7a4-d8c87990431b tenant_id=- user_id=- method=GET path=/ status=200 duration_ms=1.01
INFO 2026-03-11 08:35:15,617 correlation 9 130290187810496 request_complete correlation_id=5ad0445a-1152-428d-a6d2-ccb17f8269e0 tenant_id=- user_id=- method=GET path=/ status=200 duration_ms=1.0
INFO 2026-03-11 08:35:45,672 correlation 9 130290187810496 request_complete correlation_id=3f8a6c9c-57fb-4f5f-9f91-590962612874 tenant_id=- user_id=- method=GET path=/ status=200 duration_ms=1.15
INFO 2026-03-11 08:36:15,738 correlation 10 130290187810496 request_complete correlation_id=525701ed-d0c8-4338-a964-5ccb28a78554 tenant_id=- user_id=- method=GET path=/ status=200 duration_ms=1.37
INFO 2026-03-11 08:36:45,790 correlation 9 130290187810496 request_complete correlation_id=648ffbf4-6445-47d1-a574-43b0b50de6e4 tenant_id=- user_id=- method=GET path=/ status=200 duration_ms=1.29
INFO 2026-03-11 08:37:15,841 correlation 9 130290187810496 request_complete correlation_id=93e0ed11-786f-4ad4-857d-2e6e25bc8d0f tenant_id=- user_id=- method=GET path=/ status=200 duration_ms=1.11
INFO 2026-03-11 08:37:45,888 correlation 9 130290187810496 request_complete correlation_id=3bb7e576-5e79-4140-be55-473ab8de02a0 tenant_id=- user_id=- method=GET path=/ status=200 duration_ms=1.32
INFO 2026-03-11 08:38:15,941 correlation 9 130290187810496 request_complete correlation_id=66ecabd2-65f1-49e3-9c90-6acd7ac7899c tenant_id=- user_id=- method=GET path=/ status=200 duration_ms=1.07
INFO 2026-03-11 08:38:45,997 correlation 9 130290187810496 request_complete correlation_id=d7d723c5-d086-4c27-9edd-7aa56a0b8eb0 tenant_id=- user_id=- method=GET path=/ status=200 duration_ms=1.49
INFO 2026-03-11 08:39:16,049 correlation 10 130290187810496 request_complete correlation_id=aa1c5d7a-5889-499e-9f8a-cef510622463 tenant_id=- user_id=- method=GET path=/ status=200 duration_ms=1.67
INFO 2026-03-11 08:39:46,102 correlation 8 130290187810496 request_complete correlation_id=9b78cdef-7b41-4dd1-a021-67d432811f3d tenant_id=- user_id=- method=GET path=/ status=200 duration_ms=1.46
INFO 2026-03-11 08:40:16,154 correlation 10 130290187810496 request_complete correlation_id=77c963de-54ce-4863-acb9-db7fb086219b tenant_id=- user_id=- method=GET path=/ status=200 duration_ms=1.25
INFO 2026-03-11 08:40:46,202 correlation 9 130290187810496 request_complete correlation_id=ca1504f3-be63-4a49-ac29-989b062b8ee8 tenant_id=- user_id=- method=GET path=/ status=200 duration_ms=1.49
INFO 2026-03-11 08:41:16,246 correlation 10 130290187810496 request_complete correlation_id=626368a7-1454-4dd5-b524-2e770e324921 tenant_id=- user_id=- method=GET path=/ status=200 duration_ms=0.91
INFO 2026-03-11 08:41:46,290 correlation 8 130290187810496 request_complete correlation_id=d4d5ce55-a225-4e1f-983e-bd1b07a04269 tenant_id=- user_id=- method=GET path=/ status=200 duration_ms=0.82
INFO 2026-03-11 08:42:16,334 correlation 10 130290187810496 request_complete correlation_id=5c7d0ab2-d9db-46b1-9234-78a9319b4961 tenant_id=- user_id=- method=GET path=/ status=200 duration_ms=1.1
INFO 2026-03-11 08:42:46,377 correlation 9 130290187810496 request_complete correlation_id=cdaf4104-e1da-4be5-956c-68f7c71735fd tenant_id=- user_id=- method=GET path=/ status=200 duration_ms=1.33
INFO 2026-03-11 08:43:16,435 correlation 10 130290187810496 request_complete correlation_id=90a519fb-9bda-4ef9-a521-0a9edada7e01 tenant_id=- user_id=- method=GET path=/ status=200 duration_ms=1.25
INFO 2026-03-11 08:43:46,498 correlation 9 130290187810496 request_complete correlation_id=33b0031b-25a9-4682-8b09-c69d0f9d57c9 tenant_id=- user_id=- method=GET path=/ status=200 duration_ms=1.15
INFO 2026-03-11 08:44:16,546 correlation 8 130290187810496 request_complete correlation_id=ef11db2a-4ca3-413e-972b-8c531562a4de tenant_id=- user_id=- method=GET path=/ status=200 duration_ms=1.0
INFO 2026-03-11 08:44:46,595 correlation 8 130290187810496 request_complete correlation_id=a07c3af7-a59b-470f-917c-1b765f580adf tenant_id=- user_id=- method=GET path=/ status=200 duration_ms=1.75
INFO 2026-03-11 08:45:16,643 correlation 10 130290187810496 request_complete correlation_id=2bab1eca-db3f-424a-b1ca-5e2bc220c702 tenant_id=- user_id=- method=GET path=/ status=200 duration_ms=1.51
INFO 2026-03-11 08:45:46,695 correlation 10 130290187810496 request_complete correlation_id=49f88d8c-285a-49a0-9241-766d2751e686 tenant_id=- user_id=- method=GET path=/ status=200 duration_ms=1.64
INFO 2026-03-11 08:46:16,745 correlation 9 130290187810496 request_complete correlation_id=c3ff319a-5e88-4a74-9cf7-4b0b1a429f15 tenant_id=- user_id=- method=GET path=/ status=200 duration_ms=1.0
INFO 2026-03-11 08:46:46,792 correlation 10 130290187810496 request_complete correlation_id=0ec47695-bc04-404c-b70e-a662f95454c1 tenant_id=- user_id=- method=GET path=/ status=200 duration_ms=0.93
INFO 2026-03-11 08:47:16,843 correlation 10 130290187810496 request_complete correlation_id=d185bcb5-da41-4d83-996b-efa7122bfa87 tenant_id=- user_id=- method=GET path=/ status=200 duration_ms=1.1
INFO 2026-03-11 08:47:46,917 correlation 8 130290187810496 request_complete correlation_id=824003d9-59f9-4573-abdb-c0f3dfe0246a tenant_id=- user_id=- method=GET path=/ status=200 duration_ms=1.81
INFO 2026-03-11 08:48:16,981 correlation 9 130290187810496 request_complete correlation_id=ae2c9fb8-9d64-4e17-a3ec-e3e8fdd07700 tenant_id=- user_id=- method=GET path=/ status=200 duration_ms=2.01
INFO 2026-03-11 08:48:47,055 correlation 9 130290187810496 request_complete correlation_id=f42acc18-8561-4720-85c6-85a77ea36421 tenant_id=- user_id=- method=GET path=/ status=200 duration_ms=1.43
INFO 2026-03-11 08:49:17,127 correlation 9 130290187810496 request_complete correlation_id=d17e1142-49be-45c8-806c-1364ec8b5486 tenant_id=- user_id=- method=GET path=/ status=200 duration_ms=2.06
INFO 2026-03-11 08:49:47,196 correlation 10 130290187810496 request_complete correlation_id=7be9157b-1a29-4f40-975c-d94eb3bc01d2 tenant_id=- user_id=- method=GET path=/ status=200 duration_ms=1.95
INFO 2026-03-11 08:50:17,266 correlation 10 130290187810496 request_complete correlation_id=5fbe338a-7961-41b5-87fd-89447d4dc516 tenant_id=- user_id=- method=GET path=/ status=200 duration_ms=1.85
INFO 2026-03-11 08:50:47,341 correlation 8 130290187810496 request_complete correlation_id=dd173f11-e069-4d5d-80ab-e640a6296990 tenant_id=- user_id=- method=GET path=/ status=200 duration_ms=2.88
INFO 2026-03-11 08:51:17,430 correlation 9 130290187810496 request_complete correlation_id=45b0982e-8e3d-4801-afde-bb2b62f7a937 tenant_id=- user_id=- method=GET path=/ status=200 duration_ms=2.29
INFO 2026-03-11 08:51:47,532 correlation 10 130290187810496 request_complete correlation_id=a788485f-a74e-41b7-9490-ff65c4052465 tenant_id=- user_id=- method=GET path=/ status=200 duration_ms=3.5
INFO 2026-03-11 08:52:17,626 correlation 8 130290187810496 request_complete correlation_id=7a0fcdf3-bf44-409e-a6a3-1fc2d9c82f35 tenant_id=- user_id=- method=GET path=/ status=200 duration_ms=2.1
INFO 2026-03-11 08:52:47,693 correlation 9 130290187810496 request_complete correlation_id=fda131a3-a8db-4af1-a319-e6a14249e556 tenant_id=- user_id=- method=GET path=/ status=200 duration_ms=1.61
INFO 2026-03-11 08:53:17,775 correlation 8 130290187810496 request_complete correlation_id=e025529a-a82e-4c19-8392-c1935add437a tenant_id=- user_id=- method=GET path=/ status=200 duration_ms=2.25
INFO 2026-03-11 08:53:47,854 correlation 10 130290187810496 request_complete correlation_id=6512107d-6491-4ed3-a0c6-c39400a455f4 tenant_id=- user_id=- method=GET path=/ status=200 duration_ms=1.82
INFO 2026-03-11 08:54:17,947 correlation 10 130290187810496 request_complete correlation_id=af27462e-1ef4-48b2-9809-741017899d92 tenant_id=- user_id=- method=GET path=/ status=200 duration_ms=2.2
INFO 2026-03-11 08:54:48,041 correlation 10 130290187810496 request_complete correlation_id=483d3fb1-2d5c-4449-bb94-bb7a201a883d tenant_id=- user_id=- method=GET path=/ status=200 duration_ms=1.84
INFO 2026-03-11 08:55:18,125 correlation 8 130290187810496 request_complete correlation_id=37e2f3aa-6799-4ba2-93cb-bb467c88f296 tenant_id=- user_id=- method=GET path=/ status=200 duration_ms=3.08
INFO 2026-03-11 08:55:48,244 correlation 10 130290187810496 request_complete correlation_id=47fb2bdd-f2f0-4990-8ad0-493a6247e0d0 tenant_id=- user_id=- method=GET path=/ status=200 duration_ms=2.38
INFO 2026-03-11 08:56:18,358 correlation 8 130290187810496 request_complete correlation_id=57257d04-23c7-4ee0-881b-6be62800f713 tenant_id=- user_id=- method=GET path=/ status=200 duration_ms=4.65
INFO 2026-03-11 08:56:48,459 correlation 10 130290187810496 request_complete correlation_id=718b14ad-5299-46a0-a8f4-8d8efb77e6ad tenant_id=- user_id=- method=GET path=/ status=200 duration_ms=4.32
INFO 2026-03-11 08:57:18,525 correlation 9 130290187810496 request_complete correlation_id=891179bb-638c-4200-92bb-c4720f72bc76 tenant_id=- user_id=- method=GET path=/ status=200 duration_ms=2.31
INFO 2026-03-11 08:57:48,576 correlation 8 130290187810496 request_complete correlation_id=f4dc140f-42d3-4179-bdfe-34ac69b46831 tenant_id=- user_id=- method=GET path=/ status=200 duration_ms=1.4
INFO 2026-03-11 08:58:18,654 correlation 10 130290187810496 request_complete correlation_id=01355d56-f245-4a37-a53a-165ea40f8041 tenant_id=- user_id=- method=GET path=/ status=200 duration_ms=2.17
INFO 2026-03-11 08:58:48,719 correlation 9 130290187810496 request_complete correlation_id=92840588-e969-4f9f-ab22-801ce7d5cfd6 tenant_id=- user_id=- method=GET path=/ status=200 duration_ms=1.9
INFO 2026-03-11 08:59:18,784 correlation 10 130290187810496 request_complete correlation_id=0ad84c7c-d75a-4b7f-ba94-895b9f7caadd tenant_id=- user_id=- method=GET path=/ status=200 duration_ms=1.83
INFO 2026-03-11 08:59:48,846 correlation 8 130290187810496 request_complete correlation_id=4f825fc6-c98a-40d3-8471-7fc88cd13f80 tenant_id=- user_id=- method=GET path=/ status=200 duration_ms=1.94
INFO 2026-03-11 09:00:18,908 correlation 9 130290187810496 request_complete correlation_id=167b4f2b-ee59-4b8c-b29b-e7ab2dc19c2b tenant_id=- user_id=- method=GET path=/ status=200 duration_ms=1.86
INFO 2026-03-11 09:00:48,972 correlation 8 130290187810496 request_complete correlation_id=1cf607f1-424d-4ad7-9c0e-98c39d776b4c tenant_id=- user_id=- method=GET path=/ status=200 duration_ms=1.72
INFO 2026-03-11 09:01:19,034 correlation 10 130290187810496 request_complete correlation_id=66a34be1-6aab-4598-971d-b1ab95a87331 tenant_id=- user_id=- method=GET path=/ status=200 duration_ms=1.79
INFO 2026-03-11 09:01:49,077 correlation 9 130290187810496 request_complete correlation_id=c5f9eee1-7243-4942-b5bf-2d0b94c1a9c7 tenant_id=- user_id=- method=GET path=/ status=200 duration_ms=1.18
INFO 2026-03-11 09:02:19,113 correlation 10 130290187810496 request_complete correlation_id=04ce54b3-a985-4dbc-9dc3-914a5fe429b3 tenant_id=- user_id=- method=GET path=/ status=200 duration_ms=0.96
INFO 2026-03-11 09:02:49,151 correlation 9 130290187810496 request_complete correlation_id=a5f6cfb5-3cfc-4ab0-b758-8d12d5396c55 tenant_id=- user_id=- method=GET path=/ status=200 duration_ms=0.78
INFO 2026-03-11 09:03:19,189 correlation 8 130290187810496 request_complete correlation_id=cfdda4c2-d8c7-4ae8-a285-919748158363 tenant_id=- user_id=- method=GET path=/ status=200 duration_ms=1.04
INFO 2026-03-11 09:03:49,235 correlation 10 130290187810496 request_complete correlation_id=a6acad93-2c9f-4437-9073-1e0041fc2cf6 tenant_id=- user_id=- method=GET path=/ status=200 duration_ms=1.13
INFO 2026-03-11 09:04:19,276 correlation 10 130290187810496 request_complete correlation_id=ffee3c29-1e2b-4133-93be-e4b55a22734e tenant_id=- user_id=- method=GET path=/ status=200 duration_ms=1.34
INFO 2026-03-11 09:04:49,323 correlation 10 130290187810496 request_complete correlation_id=6fe47115-d890-47c7-bbae-498f96b8b13c tenant_id=- user_id=- method=GET path=/ status=200 duration_ms=0.86
INFO 2026-03-11 09:05:19,377 correlation 10 130290187810496 request_complete correlation_id=34c78e27-4017-4596-bf1b-5f302ea0e04d tenant_id=- user_id=- method=GET path=/ status=200 duration_ms=0.93
INFO 2026-03-11 09:05:49,421 correlation 9 130290187810496 request_complete correlation_id=6ecb317f-78e9-4df1-b512-4c78c11ac9cd tenant_id=- user_id=- method=GET path=/ status=200 duration_ms=0.96
INFO 2026-03-11 09:06:19,460 correlation 9 130290187810496 request_complete correlation_id=f9c87f81-f568-49c8-a6a5-fc4633a13f61 tenant_id=- user_id=- method=GET path=/ status=200 duration_ms=1.03
INFO 2026-03-11 09:06:49,509 correlation 9 130290187810496 request_complete correlation_id=8f39ecd5-de06-4b36-a75e-de66df6b216c tenant_id=- user_id=- method=GET path=/ status=200 duration_ms=1.12
INFO 2026-03-11 09:07:19,557 correlation 10 130290187810496 request_complete correlation_id=e2bdf549-331e-4f5f-ab5c-9344e0f71d01 tenant_id=- user_id=- method=GET path=/ status=200 duration_ms=0.94
INFO 2026-03-11 09:07:49,596 correlation 9 130290187810496 request_complete correlation_id=a4b083f9-6e76-4944-89aa-c4bfb182e0ca tenant_id=- user_id=- method=GET path=/ status=200 duration_ms=1.19
INFO 2026-03-11 09:08:19,638 correlation 10 130290187810496 request_complete correlation_id=ce607c03-d351-4f79-82f4-173ed157b690 tenant_id=- user_id=- method=GET path=/ status=200 duration_ms=3.2
INFO 2026-03-11 09:08:49,682 correlation 8 130290187810496 request_complete correlation_id=42901058-4dc9-470d-9ee0-c47586b2ce47 tenant_id=- user_id=- method=GET path=/ status=200 duration_ms=0.74
INFO 2026-03-11 09:09:19,726 correlation 8 130290187810496 request_complete correlation_id=090b6697-7f33-43bc-8a97-c38aa1f3566f tenant_id=- user_id=- method=GET path=/ status=200 duration_ms=1.09
INFO 2026-03-11 09:09:49,774 correlation 8 130290187810496 request_complete correlation_id=476f0ddc-c28a-41df-aada-fe50408dc523 tenant_id=- user_id=- method=GET path=/ status=200 duration_ms=0.9
INFO 2026-03-11 09:10:19,824 correlation 8 130290187810496 request_complete correlation_id=26da4837-39b4-495c-9732-34b6258178bf tenant_id=- user_id=- method=GET path=/ status=200 duration_ms=0.96
INFO 2026-03-11 09:10:49,869 correlation 9 130290187810496 request_complete correlation_id=6c97958a-1ca9-4815-9656-46fe9e46582e tenant_id=- user_id=- method=GET path=/ status=200 duration_ms=1.19
INFO 2026-03-11 09:11:19,911 correlation 8 130290187810496 request_complete correlation_id=76b95154-5f9f-4070-af61-79ad488ef847 tenant_id=- user_id=- method=GET path=/ status=200 duration_ms=1.03
INFO 2026-03-11 09:11:49,955 correlation 9 130290187810496 request_complete correlation_id=c1e3cd9e-1b79-4fcb-bf50-2f01337f70c1 tenant_id=- user_id=- method=GET path=/ status=200 duration_ms=1.15
INFO 2026-03-11 09:12:19,997 correlation 8 130290187810496 request_complete correlation_id=a10c350d-2e55-4eba-b1aa-30cd51c1a69b tenant_id=- user_id=- method=GET path=/ status=200 duration_ms=1.17
INFO 2026-03-11 09:12:50,039 correlation 9 130290187810496 request_complete correlation_id=8663b21e-8d18-42a7-8627-40a1d379a2b2 tenant_id=- user_id=- method=GET path=/ status=200 duration_ms=0.85
INFO 2026-03-11 09:13:20,077 correlation 10 130290187810496 request_complete correlation_id=6a40b4bb-47e3-4b3c-b6b2-98cad2470e75 tenant_id=- user_id=- method=GET path=/ status=200 duration_ms=0.93
INFO 2026-03-11 09:13:50,113 correlation 9 130290187810496 request_complete correlation_id=ddb1f3e9-24ff-482b-9ac9-1e9328bc719f tenant_id=- user_id=- method=GET path=/ status=200 duration_ms=1.12
INFO 2026-03-11 09:14:20,149 correlation 10 130290187810496 request_complete correlation_id=50a6e47a-8e17-4e7c-9e72-b76f68268d28 tenant_id=- user_id=- method=GET path=/ status=200 duration_ms=0.88
INFO 2026-03-11 09:14:50,198 correlation 8 130290187810496 request_complete correlation_id=187ccdd3-9ca2-4358-a9aa-e55ff6c41162 tenant_id=- user_id=- method=GET path=/ status=200 duration_ms=0.87
INFO 2026-03-11 09:15:20,244 correlation 9 130290187810496 request_complete correlation_id=5d7ef7cd-6700-444a-a157-0c840caa2b87 tenant_id=- user_id=- method=GET path=/ status=200 duration_ms=0.98
INFO 2026-03-11 09:15:50,289 correlation 8 130290187810496 request_complete correlation_id=ed6a2176-dd54-4bfe-8c90-5a68326fbfd3 tenant_id=- user_id=- method=GET path=/ status=200 duration_ms=1.08
INFO 2026-03-11 09:16:20,333 correlation 10 130290187810496 request_complete correlation_id=f563b9b2-fbda-4dbf-8443-207ca175e2e1 tenant_id=- user_id=- method=GET path=/ status=200 duration_ms=1.05
INFO 2026-03-11 09:16:50,376 correlation 10 130290187810496 request_complete correlation_id=b95ff753-5d49-4cde-8320-d620115b67b6 tenant_id=- user_id=- method=GET path=/ status=200 duration_ms=0.86
INFO 2026-03-11 09:17:20,419 correlation 9 130290187810496 request_complete correlation_id=6b8ebe01-e0e2-4c31-be5a-0a0e65ddd328 tenant_id=- user_id=- method=GET path=/ status=200 duration_ms=1.02
INFO 2026-03-11 09:17:50,463 correlation 10 130290187810496 request_complete correlation_id=e4bedc39-7988-4f82-83dc-cadc50b842c4 tenant_id=- user_id=- method=GET path=/ status=200 duration_ms=3.01
INFO 2026-03-11 09:18:20,502 correlation 8 130290187810496 request_complete correlation_id=1d836051-c816-4252-a3eb-e791dedeb0d0 tenant_id=- user_id=- method=GET path=/ status=200 duration_ms=1.24
INFO 2026-03-11 09:18:50,542 correlation 8 130290187810496 request_complete correlation_id=dd17507b-3b67-4ff0-92e1-264c209dbcb0 tenant_id=- user_id=- method=GET path=/ status=200 duration_ms=1.05
INFO 2026-03-11 09:19:20,590 correlation 10 130290187810496 request_complete correlation_id=f11eaa11-acd7-4eb7-9d0f-2fdcbc63fba7 tenant_id=- user_id=- method=GET path=/ status=200 duration_ms=10.14
INFO 2026-03-11 09:19:50,638 correlation 8 130290187810496 request_complete correlation_id=000ff21b-fe4f-42ed-9cc3-d306c4545d96 tenant_id=- user_id=- method=GET path=/ status=200 duration_ms=0.81
INFO 2026-03-11 09:20:20,684 correlation 9 130290187810496 request_complete correlation_id=af94be3f-573b-4754-aa7f-021d60426b2c tenant_id=- user_id=- method=GET path=/ status=200 duration_ms=0.96
INFO 2026-03-11 09:20:50,730 correlation 9 130290187810496 request_complete correlation_id=9ff1d9b4-a275-4cfa-a436-ed73f01a6a2c tenant_id=- user_id=- method=GET path=/ status=200 duration_ms=0.87
INFO 2026-03-11 09:21:20,772 correlation 8 130290187810496 request_complete correlation_id=b124b982-fefe-4028-895b-b0e277faa675 tenant_id=- user_id=- method=GET path=/ status=200 duration_ms=1.03
INFO 2026-03-11 09:21:50,816 correlation 10 130290187810496 request_complete correlation_id=6d6da3d8-8a52-4c58-a5cf-25b017b8887f tenant_id=- user_id=- method=GET path=/ status=200 duration_ms=0.86
INFO 2026-03-11 09:22:20,860 correlation 10 130290187810496 request_complete correlation_id=ed72cb03-7d01-452d-acaa-9eed9cf389d7 tenant_id=- user_id=- method=GET path=/ status=200 duration_ms=0.97
INFO 2026-03-11 09:22:50,908 correlation 10 130290187810496 request_complete correlation_id=06c695e1-2e14-4b76-b4be-62a8bc4b5735 tenant_id=- user_id=- method=GET path=/ status=200 duration_ms=0.91
INFO 2026-03-11 09:23:20,952 correlation 8 130290187810496 request_complete correlation_id=019ccfee-a04b-4ce6-b341-dbeeaaa927c7 tenant_id=- user_id=- method=GET path=/ status=200 duration_ms=1.08
INFO 2026-03-11 09:23:50,995 correlation 8 130290187810496 request_complete correlation_id=dbfed4eb-0f4a-49f7-8438-2e8aa97de2a8 tenant_id=- user_id=- method=GET path=/ status=200 duration_ms=0.8
INFO 2026-03-11 09:24:21,035 correlation 9 130290187810496 request_complete correlation_id=660b255c-bc0c-4368-8a7f-e546c48a9e9f tenant_id=- user_id=- method=GET path=/ status=200 duration_ms=1.15
INFO 2026-03-11 09:24:51,074 correlation 9 130290187810496 request_complete correlation_id=7f181b57-b9cf-402c-89e2-9711078ebfb8 tenant_id=- user_id=- method=GET path=/ status=200 duration_ms=0.76
INFO 2026-03-11 09:25:21,119 correlation 9 130290187810496 request_complete correlation_id=eb511d5f-966d-4ce8-a70f-af45f9fd1d90 tenant_id=- user_id=- method=GET path=/ status=200 duration_ms=0.96
INFO 2026-03-11 09:25:51,162 correlation 10 130290187810496 request_complete correlation_id=79baf542-cbe7-47df-8409-6a2dc635ac3d tenant_id=- user_id=- method=GET path=/ status=200 duration_ms=3.43
INFO 2026-03-11 09:26:21,207 correlation 10 130290187810496 request_complete correlation_id=09aa1eb7-563d-46d7-9f60-d49969ad0c6e tenant_id=- user_id=- method=GET path=/ status=200 duration_ms=0.99
INFO 2026-03-11 09:26:51,259 correlation 10 130290187810496 request_complete correlation_id=13a6e125-d2a0-49cc-9b0c-3b5d94e58af4 tenant_id=- user_id=- method=GET path=/ status=200 duration_ms=10.3
INFO 2026-03-11 09:27:21,302 correlation 9 130290187810496 request_complete correlation_id=e67a8bea-469f-4231-aff5-d0dbdc20f51f tenant_id=- user_id=- method=GET path=/ status=200 duration_ms=1.2
INFO 2026-03-11 09:27:51,347 correlation 9 130290187810496 request_complete correlation_id=604c0673-fbca-40e9-9caf-280c529fcb2f tenant_id=- user_id=- method=GET path=/ status=200 duration_ms=0.86
INFO 2026-03-11 09:28:21,394 correlation 10 130290187810496 request_complete correlation_id=17def347-d130-470f-bd90-c1f4458356f1 tenant_id=- user_id=- method=GET path=/ status=200 duration_ms=0.97
INFO 2026-03-11 09:28:51,440 correlation 9 130290187810496 request_complete correlation_id=dfd9ee2e-8724-49c1-bd4a-c19ef04771dd tenant_id=- user_id=- method=GET path=/ status=200 duration_ms=3.17
INFO 2026-03-11 09:29:21,479 correlation 8 130290187810496 request_complete correlation_id=11b5c619-8336-409a-be08-8e545a239b4c tenant_id=- user_id=- method=GET path=/ status=200 duration_ms=0.86
INFO 2026-03-11 09:29:51,524 correlation 10 130290187810496 request_complete correlation_id=1784d94e-160f-4bb9-8f4c-714378540752 tenant_id=- user_id=- method=GET path=/ status=200 duration_ms=0.75
INFO 2026-03-11 09:30:21,565 correlation 10 130290187810496 request_complete correlation_id=160f811d-194a-444b-a8e8-5492b8aa4ebd tenant_id=- user_id=- method=GET path=/ status=200 duration_ms=0.85
INFO 2026-03-11 09:30:51,608 correlation 10 130290187810496 request_complete correlation_id=54f7c45e-a086-40f9-bbb5-dfe815b8b3e7 tenant_id=- user_id=- method=GET path=/ status=200 duration_ms=0.86
INFO 2026-03-11 09:31:21,653 correlation 10 130290187810496 request_complete correlation_id=cc2394e8-f711-4f06-9573-5f78850dd72f tenant_id=- user_id=- method=GET path=/ status=200 duration_ms=1.08
INFO 2026-03-11 09:31:51,699 correlation 9 130290187810496 request_complete correlation_id=299eab7d-7293-4714-b57f-0a1059904694 tenant_id=- user_id=- method=GET path=/ status=200 duration_ms=0.9
INFO 2026-03-11 09:32:21,748 correlation 10 130290187810496 request_complete correlation_id=82dc2d31-f44d-45a7-ab0d-07eeb60d7d19 tenant_id=- user_id=- method=GET path=/ status=200 duration_ms=1.41
INFO 2026-03-11 09:32:51,796 correlation 10 130290187810496 request_complete correlation_id=ec18c563-5185-44e2-aa68-c626d745ea8e tenant_id=- user_id=- method=GET path=/ status=200 duration_ms=0.86
INFO 2026-03-11 09:33:21,847 correlation 9 130290187810496 request_complete correlation_id=71f02567-74ab-42d4-8537-93e9d337748d tenant_id=- user_id=- method=GET path=/ status=200 duration_ms=1.46
INFO 2026-03-11 09:33:51,895 correlation 8 130290187810496 request_complete correlation_id=387c40dc-5841-494d-9e1e-14702a4094cc tenant_id=- user_id=- method=GET path=/ status=200 duration_ms=0.88
INFO 2026-03-11 09:34:21,934 correlation 8 130290187810496 request_complete correlation_id=5201ee33-5111-489d-83f9-37f7c63eb779 tenant_id=- user_id=- method=GET path=/ status=200 duration_ms=1.63
INFO 2026-03-11 09:34:51,973 correlation 9 130290187810496 request_complete correlation_id=4c43e4f0-4957-4363-bf33-880881473227 tenant_id=- user_id=- method=GET path=/ status=200 duration_ms=0.88
INFO 2026-03-11 09:35:22,018 correlation 8 130290187810496 request_complete correlation_id=d80f2971-bdd0-41ee-b443-a21e003d8509 tenant_id=- user_id=- method=GET path=/ status=200 duration_ms=1.17
INFO 2026-03-11 09:35:52,080 correlation 8 130290187810496 request_complete correlation_id=b49bc87f-23e8-4597-9b6b-7384fed938c1 tenant_id=- user_id=- method=GET path=/ status=200 duration_ms=10.41
INFO 2026-03-11 09:36:22,127 correlation 9 130290187810496 request_complete correlation_id=fcee94d4-8f94-4bfa-a52a-c0a3c8d36fd0 tenant_id=- user_id=- method=GET path=/ status=200 duration_ms=1.03
INFO 2026-03-11 09:36:52,172 correlation 9 130290187810496 request_complete correlation_id=3b94a70d-f9c9-4f56-b106-cbb53c926049 tenant_id=- user_id=- method=GET path=/ status=200 duration_ms=1.04
INFO 2026-03-11 09:37:22,731 correlation 10 130290187810496 request_complete correlation_id=732c4941-5035-464e-8fd1-b8c8f32058e2 tenant_id=- user_id=- method=GET path=/ status=200 duration_ms=507.93
INFO 2026-03-11 09:37:52,771 correlation 8 130290187810496 request_complete correlation_id=ba70941b-f54f-4752-aacb-d11c756591e4 tenant_id=- user_id=- method=GET path=/ status=200 duration_ms=0.93
INFO 2026-03-11 09:38:22,813 correlation 10 130290187810496 request_complete correlation_id=8f6d14b5-b739-43fb-b856-220dbd412654 tenant_id=- user_id=- method=GET path=/ status=200 duration_ms=1.22
INFO 2026-03-11 09:38:52,849 correlation 9 130290187810496 request_complete correlation_id=120168cf-617e-4b56-a299-48adad62da01 tenant_id=- user_id=- method=GET path=/ status=200 duration_ms=0.78
INFO 2026-03-11 09:39:22,897 correlation 9 130290187810496 request_complete correlation_id=12e22d37-4fb4-461d-96db-453d1f2b0d12 tenant_id=- user_id=- method=GET path=/ status=200 duration_ms=1.11
INFO 2026-03-11 09:39:52,939 correlation 8 130290187810496 request_complete correlation_id=3491a2c5-221c-4bc2-8f74-81b18f0ff8bf tenant_id=- user_id=- method=GET path=/ status=200 duration_ms=0.85
INFO 2026-03-11 09:40:22,987 correlation 9 130290187810496 request_complete correlation_id=3cd4caff-5799-4d5b-a1c8-b38d0c30fefd tenant_id=- user_id=- method=GET path=/ status=200 duration_ms=1.22
INFO 2026-03-11 09:40:53,038 correlation 10 130290187810496 request_complete correlation_id=541875f7-bccf-4810-82ca-28cef10aa929 tenant_id=- user_id=- method=GET path=/ status=200 duration_ms=1.31
INFO 2026-03-11 09:41:23,087 correlation 9 130290187810496 request_complete correlation_id=abbe2c15-007f-4098-9227-b42ce97eb566 tenant_id=- user_id=- method=GET path=/ status=200 duration_ms=1.1
INFO 2026-03-11 09:41:53,130 correlation 9 130290187810496 request_complete correlation_id=8a0373c3-eb12-43e0-85d1-10eab44c1a8e tenant_id=- user_id=- method=GET path=/ status=200 duration_ms=0.74
INFO 2026-03-11 09:42:23,166 correlation 9 130290187810496 request_complete correlation_id=d9d28709-0b2a-424f-afef-52863e1d3e2b tenant_id=- user_id=- method=GET path=/ status=200 duration_ms=0.83
INFO 2026-03-11 09:42:53,212 correlation 10 130290187810496 request_complete correlation_id=c25fdd38-a062-45c3-8e0b-588c1f614d87 tenant_id=- user_id=- method=GET path=/ status=200 duration_ms=1.03
INFO 2026-03-11 09:43:23,272 correlation 10 130290187810496 request_complete correlation_id=0a4f6379-3d82-4e93-b457-3956fe34319c tenant_id=- user_id=- method=GET path=/ status=200 duration_ms=1.46
INFO 2026-03-11 09:43:53,318 correlation 8 130290187810496 request_complete correlation_id=dd32b670-afea-4f97-aa6b-c87a0907e2b2 tenant_id=- user_id=- method=GET path=/ status=200 duration_ms=1.24
INFO 2026-03-11 09:44:23,367 correlation 9 130290187810496 request_complete correlation_id=c5443bcd-6b92-42f2-81c0-b574b5c1888a tenant_id=- user_id=- method=GET path=/ status=200 duration_ms=1.18
INFO 2026-03-11 09:44:53,412 correlation 10 130290187810496 request_complete correlation_id=005bdf5b-a0ad-4f5a-baba-12d03b435d13 tenant_id=- user_id=- method=GET path=/ status=200 duration_ms=0.99
INFO 2026-03-11 09:45:23,466 correlation 9 130290187810496 request_complete correlation_id=75c3d124-eac0-4b63-b2e9-8e828836e7ee tenant_id=- user_id=- method=GET path=/ status=200 duration_ms=1.17
INFO 2026-03-11 09:45:53,535 correlation 10 130290187810496 request_complete correlation_id=921f9769-fa05-4fe2-aa54-ddea58e927d7 tenant_id=- user_id=- method=GET path=/ status=200 duration_ms=1.85
INFO 2026-03-11 09:46:23,574 correlation 10 130290187810496 request_complete correlation_id=3dafb57a-2157-47ef-8e88-9b0ada0f7cd9 tenant_id=- user_id=- method=GET path=/ status=200 duration_ms=0.99
INFO 2026-03-11 09:46:53,613 correlation 10 130290187810496 request_complete correlation_id=b3bd594d-4127-4866-86f2-54b549b84374 tenant_id=- user_id=- method=GET path=/ status=200 duration_ms=0.72
INFO 2026-03-11 09:47:23,661 correlation 9 130290187810496 request_complete correlation_id=b20b13ad-bfd1-4720-a9e9-122d1379d504 tenant_id=- user_id=- method=GET path=/ status=200 duration_ms=1.41
INFO 2026-03-11 09:47:53,701 correlation 8 130290187810496 request_complete correlation_id=aeafcf1f-63ae-46c9-bebd-4c0e596789f4 tenant_id=- user_id=- method=GET path=/ status=200 duration_ms=0.86
INFO 2026-03-11 09:48:23,746 correlation 8 130290187810496 request_complete correlation_id=71af6002-569a-4499-8114-8b4fa4f1a455 tenant_id=- user_id=- method=GET path=/ status=200 duration_ms=1.0
INFO 2026-03-11 09:48:53,803 correlation 8 130290187810496 request_complete correlation_id=436fe296-d15e-40e9-bedc-1911ecde01b1 tenant_id=- user_id=- method=GET path=/ status=200 duration_ms=1.69
INFO 2026-03-11 09:49:23,841 correlation 9 130290187810496 request_complete correlation_id=5e0363c7-4be0-4d8d-a18f-2c7a4d3f1eb7 tenant_id=- user_id=- method=GET path=/ status=200 duration_ms=0.83
INFO 2026-03-11 09:49:53,887 correlation 10 130290187810496 request_complete correlation_id=7982fc27-333c-43bf-a0a7-1ce059026e2e tenant_id=- user_id=- method=GET path=/ status=200 duration_ms=3.44
INFO 2026-03-11 09:50:23,930 correlation 9 130290187810496 request_complete correlation_id=b3210d45-9d51-4ff0-94d1-db8e23615131 tenant_id=- user_id=- method=GET path=/ status=200 duration_ms=1.14
INFO 2026-03-11 09:50:53,983 correlation 10 130290187810496 request_complete correlation_id=a783ae58-1172-416f-b9af-09990ede08f8 tenant_id=- user_id=- method=GET path=/ status=200 duration_ms=1.16
INFO 2026-03-11 09:51:24,037 correlation 9 130290187810496 request_complete correlation_id=cb33786b-be44-424d-a0fe-ff45864df426 tenant_id=- user_id=- method=GET path=/ status=200 duration_ms=1.33
INFO 2026-03-11 09:51:54,088 correlation 10 130290187810496 request_complete correlation_id=4fb6ecff-63fc-44a4-a6c6-136233b37c87 tenant_id=- user_id=- method=GET path=/ status=200 duration_ms=0.87
INFO 2026-03-11 09:52:24,151 correlation 9 130290187810496 request_complete correlation_id=b06b5d87-f75a-4620-a2ea-8a5e8981a97c tenant_id=- user_id=- method=GET path=/ status=200 duration_ms=1.55
INFO 2026-03-11 09:52:54,202 correlation 9 130290187810496 request_complete correlation_id=d2165789-023f-434a-9463-c1446b86d8ff tenant_id=- user_id=- method=GET path=/ status=200 duration_ms=1.05
INFO 2026-03-11 09:53:24,253 correlation 9 130290187810496 request_complete correlation_id=67e788e5-f6f4-44a9-9d6c-2ef2ccbafc76 tenant_id=- user_id=- method=GET path=/ status=200 duration_ms=1.03
INFO 2026-03-11 09:53:54,298 correlation 10 130290187810496 request_complete correlation_id=c7a2fb07-63b7-4e5d-8821-33c4ff0ac3bf tenant_id=- user_id=- method=GET path=/ status=200 duration_ms=0.93
INFO 2026-03-11 09:54:24,340 correlation 8 130290187810496 request_complete correlation_id=ce3b2964-24d4-4eb0-ac63-73a1ae051085 tenant_id=- user_id=- method=GET path=/ status=200 duration_ms=1.03
INFO 2026-03-11 09:54:54,393 correlation 8 130290187810496 request_complete correlation_id=9b3f84a9-fdfd-40ee-8762-99af5937edd5 tenant_id=- user_id=- method=GET path=/ status=200 duration_ms=1.06
INFO 2026-03-11 09:55:24,436 correlation 8 130290187810496 request_complete correlation_id=0bd652b1-647d-45c1-af86-32c5016d842d tenant_id=- user_id=- method=GET path=/ status=200 duration_ms=1.07
INFO 2026-03-11 09:55:54,478 correlation 8 130290187810496 request_complete correlation_id=2d9ef29a-da8d-4172-8bbc-8679d9cc8152 tenant_id=- user_id=- method=GET path=/ status=200 duration_ms=0.88
INFO 2026-03-11 09:56:24,522 correlation 9 130290187810496 request_complete correlation_id=0e5f4898-81c6-4e17-870b-3c25bce16145 tenant_id=- user_id=- method=GET path=/ status=200 duration_ms=2.92
INFO 2026-03-11 09:56:54,560 correlation 8 130290187810496 request_complete correlation_id=ec17480a-09c7-40a0-9b99-aabd0e2a225e tenant_id=- user_id=- method=GET path=/ status=200 duration_ms=0.97
INFO 2026-03-11 09:57:24,597 correlation 9 130290187810496 request_complete correlation_id=392bc741-96ff-4b7a-9917-6bdcce274fea tenant_id=- user_id=- method=GET path=/ status=200 duration_ms=0.84
INFO 2026-03-11 09:57:54,634 correlation 9 130290187810496 request_complete correlation_id=0ac79818-dbb3-4ea1-8205-dbd325fd29ea tenant_id=- user_id=- method=GET path=/ status=200 duration_ms=0.74
INFO 2026-03-11 09:58:24,669 correlation 9 130290187810496 request_complete correlation_id=f68083a8-eab8-47bf-bc35-5d7e6c8770a6 tenant_id=- user_id=- method=GET path=/ status=200 duration_ms=0.88
INFO 2026-03-11 09:58:54,714 correlation 9 130290187810496 request_complete correlation_id=09ae9188-4263-4bb3-a86d-eda90a279370 tenant_id=- user_id=- method=GET path=/ status=200 duration_ms=0.74
INFO 2026-03-11 09:59:24,761 correlation 10 130290187810496 request_complete correlation_id=226fc1de-1614-4b54-8adf-14f85aebdab3 tenant_id=- user_id=- method=GET path=/ status=200 duration_ms=0.82
INFO 2026-03-11 09:59:54,798 correlation 10 130290187810496 request_complete correlation_id=7e18d453-2aca-4d56-9aa1-599ed2413d43 tenant_id=- user_id=- method=GET path=/ status=200 duration_ms=0.81
INFO 2026-03-11 10:00:24,839 correlation 10 130290187810496 request_complete correlation_id=e9089d10-6908-4d8d-8b1b-008f4927db9f tenant_id=- user_id=- method=GET path=/ status=200 duration_ms=0.97
INFO 2026-03-11 10:00:54,881 correlation 10 130290187810496 request_complete correlation_id=0b3e0f4f-0eca-4f29-84d1-8a5ed02d35a2 tenant_id=- user_id=- method=GET path=/ status=200 duration_ms=0.93
INFO 2026-03-11 10:01:24,918 correlation 9 130290187810496 request_complete correlation_id=5de79caf-b0ca-4f2c-9e2b-eb7ba6ddf99d tenant_id=- user_id=- method=GET path=/ status=200 duration_ms=0.83
INFO 2026-03-11 10:01:54,961 correlation 9 130290187810496 request_complete correlation_id=d83048ce-3285-4486-aee0-84eaa3968f4d tenant_id=- user_id=- method=GET path=/ status=200 duration_ms=2.81
INFO 2026-03-11 10:02:24,997 correlation 10 130290187810496 request_complete correlation_id=765227c5-2186-4535-9cc1-c4487b42e5e0 tenant_id=- user_id=- method=GET path=/ status=200 duration_ms=0.86
INFO 2026-03-11 10:02:55,033 correlation 8 130290187810496 request_complete correlation_id=ce58d266-baca-40d2-969b-23cec38123a2 tenant_id=- user_id=- method=GET path=/ status=200 duration_ms=0.77
INFO 2026-03-11 10:03:25,072 correlation 9 130290187810496 request_complete correlation_id=473068e4-9d77-4dc8-8fa9-1a14dcf9e5f6 tenant_id=- user_id=- method=GET path=/ status=200 duration_ms=3.23
INFO 2026-03-11 10:03:55,108 correlation 10 130290187810496 request_complete correlation_id=c49831a6-5164-428a-96ee-20d0889904d0 tenant_id=- user_id=- method=GET path=/ status=200 duration_ms=0.79
INFO 2026-03-11 10:04:25,150 correlation 8 130290187810496 request_complete correlation_id=9f5338f2-a2a5-4196-8645-1765566464ff tenant_id=- user_id=- method=GET path=/ status=200 duration_ms=0.85
INFO 2026-03-11 10:04:55,194 correlation 10 130290187810496 request_complete correlation_id=09590546-7d55-4e0c-a9a6-3436cf80f39c tenant_id=- user_id=- method=GET path=/ status=200 duration_ms=0.74
INFO 2026-03-11 10:05:25,232 correlation 10 130290187810496 request_complete correlation_id=788e6448-a290-4c62-9982-eef99ac7ad88 tenant_id=- user_id=- method=GET path=/ status=200 duration_ms=0.89
INFO 2026-03-11 10:05:55,268 correlation 10 130290187810496 request_complete correlation_id=20875323-abb2-442e-8e5c-1ad259f5bd18 tenant_id=- user_id=- method=GET path=/ status=200 duration_ms=0.79
INFO 2026-03-11 10:06:25,307 correlation 8 130290187810496 request_complete correlation_id=29e24030-c1f5-47cd-84f5-257b785ed938 tenant_id=- user_id=- method=GET path=/ status=200 duration_ms=0.88
INFO 2026-03-11 10:06:55,350 correlation 10 130290187810496 request_complete correlation_id=c277a9c0-2c88-49cc-804b-b9ca578bfd95 tenant_id=- user_id=- method=GET path=/ status=200 duration_ms=0.73
INFO 2026-03-11 10:07:25,390 correlation 9 130290187810496 request_complete correlation_id=eab7fead-d8a2-4ad6-9e33-b87b1485001b tenant_id=- user_id=- method=GET path=/ status=200 duration_ms=2.89
INFO 2026-03-11 10:07:55,431 correlation 8 130290187810496 request_complete correlation_id=67704f52-52e2-4618-b09b-dcae85a07534 tenant_id=- user_id=- method=GET path=/ status=200 duration_ms=2.84
INFO 2026-03-11 10:08:25,477 correlation 8 130290187810496 request_complete correlation_id=eaaade8b-5fb9-4ca1-8729-325dd92c25c8 tenant_id=- user_id=- method=GET path=/ status=200 duration_ms=3.03
INFO 2026-03-11 10:08:55,514 correlation 10 130290187810496 request_complete correlation_id=3b02596f-69c0-40f7-ac2a-1c852c763501 tenant_id=- user_id=- method=GET path=/ status=200 duration_ms=0.82
INFO 2026-03-11 10:09:25,559 correlation 10 130290187810496 request_complete correlation_id=74fac95d-8ee5-4863-8b66-c564ca1b204e tenant_id=- user_id=- method=GET path=/ status=200 duration_ms=0.89
INFO 2026-03-11 10:09:55,601 correlation 9 130290187810496 request_complete correlation_id=d23fb365-df45-49e6-a6dc-bc2b2841925a tenant_id=- user_id=- method=GET path=/ status=200 duration_ms=0.73
INFO 2026-03-11 10:10:25,637 correlation 8 130290187810496 request_complete correlation_id=3dfb2f3b-50be-4c37-99f2-e6c6b62cf083 tenant_id=- user_id=- method=GET path=/ status=200 duration_ms=0.86
INFO 2026-03-11 10:10:55,672 correlation 8 130290187810496 request_complete correlation_id=b440eb17-3860-4ad4-96e3-1e1247778333 tenant_id=- user_id=- method=GET path=/ status=200 duration_ms=0.77
INFO 2026-03-11 10:11:25,713 correlation 8 130290187810496 request_complete correlation_id=a934840e-2b94-495b-a2ba-7c0b9b603705 tenant_id=- user_id=- method=GET path=/ status=200 duration_ms=0.88
INFO 2026-03-11 10:11:55,762 correlation 8 130290187810496 request_complete correlation_id=4de9113d-cc1e-49bd-8c6a-74684ed1c0e3 tenant_id=- user_id=- method=GET path=/ status=200 duration_ms=0.74
INFO 2026-03-11 10:12:25,802 correlation 9 130290187810496 request_complete correlation_id=54f78a7b-ebf3-449c-b098-647a075bc42c tenant_id=- user_id=- method=GET path=/ status=200 duration_ms=0.88
INFO 2026-03-11 10:12:55,842 correlation 9 130290187810496 request_complete correlation_id=30054251-9724-48a6-bc4b-7ad53f235c0a tenant_id=- user_id=- method=GET path=/ status=200 duration_ms=0.73
INFO 2026-03-11 10:13:25,874 correlation 10 130290187810496 request_complete correlation_id=b6149909-6d2e-4d3b-8a96-a0061c43554d tenant_id=- user_id=- method=GET path=/ status=200 duration_ms=0.87
INFO 2026-03-11 10:13:55,917 correlation 8 130290187810496 request_complete correlation_id=5dd3894e-9dbf-4d67-a0ea-0c8e152b7208 tenant_id=- user_id=- method=GET path=/ status=200 duration_ms=1.02
INFO 2026-03-11 10:14:25,962 correlation 8 130290187810496 request_complete correlation_id=8a398d86-db39-4596-8ef5-4cb29fbe972a tenant_id=- user_id=- method=GET path=/ status=200 duration_ms=0.85
INFO 2026-03-11 10:14:56,004 correlation 10 130290187810496 request_complete correlation_id=c63816dc-1e45-443e-a008-e1f21fd82acb tenant_id=- user_id=- method=GET path=/ status=200 duration_ms=1.43
INFO 2026-03-11 10:15:26,040 correlation 10 130290187810496 request_complete correlation_id=8618153a-a29f-42fe-afa8-1967e39ab2d9 tenant_id=- user_id=- method=GET path=/ status=200 duration_ms=0.86
INFO 2026-03-11 10:15:56,085 correlation 8 130290187810496 request_complete correlation_id=5fda751f-621f-4440-bf73-db12d76f5b11 tenant_id=- user_id=- method=GET path=/ status=200 duration_ms=1.6
INFO 2026-03-11 10:16:26,123 correlation 9 130290187810496 request_complete correlation_id=edb79c55-e6bb-40f5-8b0f-9dc672500fc2 tenant_id=- user_id=- method=GET path=/ status=200 duration_ms=0.88
INFO 2026-03-11 10:16:56,163 correlation 8 130290187810496 request_complete correlation_id=1ba73c78-74c2-4c6e-a627-3b20b67d63d4 tenant_id=- user_id=- method=GET path=/ status=200 duration_ms=0.79
INFO 2026-03-11 10:17:26,201 correlation 9 130290187810496 request_complete correlation_id=f66d19e7-f437-42c2-bd1d-92dc599b3508 tenant_id=- user_id=- method=GET path=/ status=200 duration_ms=0.83
INFO 2026-03-11 10:17:56,239 correlation 9 130290187810496 request_complete correlation_id=a8e20680-eb03-420b-a1f3-c77aecd7df22 tenant_id=- user_id=- method=GET path=/ status=200 duration_ms=0.75
INFO 2026-03-11 10:18:26,283 correlation 9 130290187810496 request_complete correlation_id=09be5898-a7c8-49d8-b2e9-8725cb9c3b77 tenant_id=- user_id=- method=GET path=/ status=200 duration_ms=0.87
INFO 2026-03-11 10:18:56,326 correlation 8 130290187810496 request_complete correlation_id=b5cbe3dc-2ead-4325-9ea7-0107d0a58340 tenant_id=- user_id=- method=GET path=/ status=200 duration_ms=0.81
INFO 2026-03-11 10:19:26,362 correlation 8 130290187810496 request_complete correlation_id=e3e8a48e-c352-4fed-8735-d280bfeb5f73 tenant_id=- user_id=- method=GET path=/ status=200 duration_ms=0.85
INFO 2026-03-11 10:19:56,404 correlation 9 130290187810496 request_complete correlation_id=9a9b1ef4-b731-4ef7-a812-895bd01023bf tenant_id=- user_id=- method=GET path=/ status=200 duration_ms=0.77
INFO 2026-03-11 10:20:26,875 correlation 9 130290187810496 request_complete correlation_id=d9430372-9238-4252-910d-c203ea946922 tenant_id=- user_id=- method=GET path=/ status=200 duration_ms=433.88
INFO 2026-03-11 10:20:56,912 correlation 9 130290187810496 request_complete correlation_id=c5d3a98a-9779-4291-b782-5eef618cb4d3 tenant_id=- user_id=- method=GET path=/ status=200 duration_ms=0.74
INFO 2026-03-11 10:21:26,948 correlation 10 130290187810496 request_complete correlation_id=5cc9ddcc-0102-43a0-9903-80017df4939e tenant_id=- user_id=- method=GET path=/ status=200 duration_ms=0.8
INFO 2026-03-11 10:21:56,983 correlation 9 130290187810496 request_complete correlation_id=ecead92f-c705-425b-9745-7dc9cd2d7599 tenant_id=- user_id=- method=GET path=/ status=200 duration_ms=0.76
INFO 2026-03-11 10:22:27,021 correlation 9 130290187810496 request_complete correlation_id=9e5d916d-937a-4ce6-9c75-645658d70989 tenant_id=- user_id=- method=GET path=/ status=200 duration_ms=1.0
INFO 2026-03-11 10:22:57,065 correlation 10 130290187810496 request_complete correlation_id=13dceeee-d7bd-470c-b4e0-9804da4aad55 tenant_id=- user_id=- method=GET path=/ status=200 duration_ms=0.87
INFO 2026-03-11 10:23:27,104 correlation 8 130290187810496 request_complete correlation_id=748837c9-fdf4-4190-b76b-29461485d342 tenant_id=- user_id=- method=GET path=/ status=200 duration_ms=0.83
INFO 2026-03-11 10:23:57,147 correlation 9 130290187810496 request_complete correlation_id=3b102ce7-e1db-426d-9873-c623765d3339 tenant_id=- user_id=- method=GET path=/ status=200 duration_ms=0.74
INFO 2026-03-11 10:24:27,188 correlation 8 130290187810496 request_complete correlation_id=43f57ad7-99f1-48e0-8086-9c01bbdc0f18 tenant_id=- user_id=- method=GET path=/ status=200 duration_ms=0.82
INFO 2026-03-11 10:24:57,232 correlation 9 130290187810496 request_complete correlation_id=c1f2a6db-238c-4bfe-be22-bd018b869b6c tenant_id=- user_id=- method=GET path=/ status=200 duration_ms=0.75
INFO 2026-03-11 10:25:27,269 correlation 9 130290187810496 request_complete correlation_id=12823df9-d7c5-4f81-9c8b-6e97bc1e05c8 tenant_id=- user_id=- method=GET path=/ status=200 duration_ms=0.86
INFO 2026-03-11 10:25:57,329 correlation 9 130290187810496 request_complete correlation_id=7633ca96-e79a-4369-b4d1-e73340302aec tenant_id=- user_id=- method=GET path=/ status=200 duration_ms=0.89
INFO 2026-03-11 10:26:27,366 correlation 9 130290187810496 request_complete correlation_id=9db89e98-2991-4c88-9193-54b8a0e21b24 tenant_id=- user_id=- method=GET path=/ status=200 duration_ms=0.82
INFO 2026-03-11 10:26:57,400 correlation 9 130290187810496 request_complete correlation_id=b1d09387-89e6-4818-9f4b-7af90c68a275 tenant_id=- user_id=- method=GET path=/ status=200 duration_ms=0.82
INFO 2026-03-11 10:27:27,446 correlation 10 130290187810496 request_complete correlation_id=4bd32d0b-19c5-4b94-995b-3b4fcb5d1281 tenant_id=- user_id=- method=GET path=/ status=200 duration_ms=0.84
INFO 2026-03-11 10:27:57,484 correlation 8 130290187810496 request_complete correlation_id=8d4e7c86-78bb-467f-8742-1d7de76b821a tenant_id=- user_id=- method=GET path=/ status=200 duration_ms=0.73
INFO 2026-03-11 10:28:27,528 correlation 9 130290187810496 request_complete correlation_id=08b7963d-2df3-4f93-b1cf-6af207458f9c tenant_id=- user_id=- method=GET path=/ status=200 duration_ms=0.86
INFO 2026-03-11 10:28:57,569 correlation 9 130290187810496 request_complete correlation_id=d69fc057-3b92-4c41-9116-d5a2d008d165 tenant_id=- user_id=- method=GET path=/ status=200 duration_ms=0.73
INFO 2026-03-11 10:29:27,606 correlation 10 130290187810496 request_complete correlation_id=f4a428fd-ddf7-4fed-8753-c61ca7d4308c tenant_id=- user_id=- method=GET path=/ status=200 duration_ms=0.86
INFO 2026-03-11 10:29:57,645 correlation 10 130290187810496 request_complete correlation_id=d866fbed-b241-4d18-8b77-d13c6f7796fc tenant_id=- user_id=- method=GET path=/ status=200 duration_ms=0.82
INFO 2026-03-11 10:30:27,683 correlation 9 130290187810496 request_complete correlation_id=06629abf-b61a-4447-8d2d-103b229ab15d tenant_id=- user_id=- method=GET path=/ status=200 duration_ms=0.84
INFO 2026-03-11 10:30:57,719 correlation 10 130290187810496 request_complete correlation_id=a55ee433-2e03-422d-82dc-c7090576a62f tenant_id=- user_id=- method=GET path=/ status=200 duration_ms=0.8
INFO 2026-03-11 10:31:27,756 correlation 8 130290187810496 request_complete correlation_id=3de2ffb8-2dd4-45f4-a5d3-ceb6b4f54005 tenant_id=- user_id=- method=GET path=/ status=200 duration_ms=0.91
INFO 2026-03-11 10:31:57,796 correlation 10 130290187810496 request_complete correlation_id=b3b63a32-e992-4cbd-a5c8-62376c55eede tenant_id=- user_id=- method=GET path=/ status=200 duration_ms=0.81
INFO 2026-03-11 10:32:27,842 correlation 10 130290187810496 request_complete correlation_id=25bd7892-60f7-448a-b78e-3a70dd4e5eec tenant_id=- user_id=- method=GET path=/ status=200 duration_ms=0.82
INFO 2026-03-11 10:32:57,896 correlation 10 130290187810496 request_complete correlation_id=16932642-b886-4455-a9e2-3ed4a36c5393 tenant_id=- user_id=- method=GET path=/ status=200 duration_ms=0.91
INFO 2026-03-11 10:33:27,933 correlation 9 130290187810496 request_complete correlation_id=19e19a33-8c65-44db-9c8c-5468c16d1e87 tenant_id=- user_id=- method=GET path=/ status=200 duration_ms=0.81
INFO 2026-03-11 10:33:57,971 correlation 9 130290187810496 request_complete correlation_id=0197ef3d-75af-4471-9f79-0672fd966e37 tenant_id=- user_id=- method=GET path=/ status=200 duration_ms=0.77
INFO 2026-03-11 10:34:28,009 correlation 10 130290187810496 request_complete correlation_id=1e519966-e02f-4c16-b8d2-5565a6ed95a4 tenant_id=- user_id=- method=GET path=/ status=200 duration_ms=0.86
INFO 2026-03-11 10:34:58,453 correlation 8 130290187810496 request_complete correlation_id=14227308-bdd4-4a18-9094-5d5103741848 tenant_id=- user_id=- method=GET path=/ status=200 duration_ms=409.13
INFO 2026-03-11 10:35:28,490 correlation 8 130290187810496 request_complete correlation_id=de2dcd71-1bfa-4bcb-a5de-96162e17a83b tenant_id=- user_id=- method=GET path=/ status=200 duration_ms=0.83
INFO 2026-03-11 10:35:58,524 correlation 10 130290187810496 request_complete correlation_id=bb2eabde-6bba-474d-b8cf-38e1228df55b tenant_id=- user_id=- method=GET path=/ status=200 duration_ms=0.78
INFO 2026-03-11 10:36:28,564 correlation 8 130290187810496 request_complete correlation_id=329e5a2b-d298-4fe0-8b79-fd9883662152 tenant_id=- user_id=- method=GET path=/ status=200 duration_ms=0.92
INFO 2026-03-11 10:36:58,602 correlation 8 130290187810496 request_complete correlation_id=60aa7aa8-18f2-4a9c-8387-54fb7677e92c tenant_id=- user_id=- method=GET path=/ status=200 duration_ms=0.75
INFO 2026-03-11 10:37:28,640 correlation 8 130290187810496 request_complete correlation_id=8bba696f-4cad-42c5-b82d-fb6b7ede05d3 tenant_id=- user_id=- method=GET path=/ status=200 duration_ms=0.91
INFO 2026-03-11 10:37:58,680 correlation 10 130290187810496 request_complete correlation_id=3b7d1a5d-671e-4331-a9e4-e492cbc1c680 tenant_id=- user_id=- method=GET path=/ status=200 duration_ms=0.74
INFO 2026-03-11 10:38:28,717 correlation 8 130290187810496 request_complete correlation_id=161c3e69-63dc-4600-9641-21dac8d9d48e tenant_id=- user_id=- method=GET path=/ status=200 duration_ms=0.88
INFO 2026-03-11 10:38:58,756 correlation 8 130290187810496 request_complete correlation_id=0df4632c-c40e-43e7-a893-dd769eeb34a9 tenant_id=- user_id=- method=GET path=/ status=200 duration_ms=0.78
INFO 2026-03-11 10:39:28,796 correlation 10 130290187810496 request_complete correlation_id=330c3036-3da3-4793-a496-b94c6406dd6c tenant_id=- user_id=- method=GET path=/ status=200 duration_ms=0.84
INFO 2026-03-11 10:39:58,834 correlation 8 130290187810496 request_complete correlation_id=adb00fec-931a-42ba-9b09-c958e89274b8 tenant_id=- user_id=- method=GET path=/ status=200 duration_ms=0.92
INFO 2026-03-11 10:40:28,873 correlation 8 130290187810496 request_complete correlation_id=206ad990-aa8c-48d3-9fba-a2e5d69b1dab tenant_id=- user_id=- method=GET path=/ status=200 duration_ms=0.87
INFO 2026-03-11 10:40:58,908 correlation 8 130290187810496 request_complete correlation_id=fc29c7a6-0106-4db0-a6a6-ee405ddfddab tenant_id=- user_id=- method=GET path=/ status=200 duration_ms=0.79
INFO 2026-03-11 10:41:28,951 correlation 9 130290187810496 request_complete correlation_id=3ce4889c-7570-46af-bd18-8fb5927e0c50 tenant_id=- user_id=- method=GET path=/ status=200 duration_ms=0.83
INFO 2026-03-11 10:41:58,994 correlation 10 130290187810496 request_complete correlation_id=e69bb047-3b53-4050-9db1-8b45acb44a23 tenant_id=- user_id=- method=GET path=/ status=200 duration_ms=0.77
INFO 2026-03-11 10:42:29,035 correlation 10 130290187810496 request_complete correlation_id=36140242-601a-4c59-80d0-9bcf5ae7c0e6 tenant_id=- user_id=- method=GET path=/ status=200 duration_ms=0.85
